/**
 * generated by fontconvert.py
 * name: notosans_15_regular
 * size: 15
 * mode: 2-bit  compressed: true
 * Command used: fontconvert.py notosans_15_regular 15 ../builtinFonts/source/NotoSans/NotoSans-Regular.ttf --2bit --compress --pnum --zopfli
 */
#pragma once
#include "EpdFontData.h"

static const uint8_t notosans_15_regularBitmaps[30488] = {
    0xCD, 0x99, 0x01, 0xA4, 0x25, 0x59, 0x7A, 0xC7, 0x7F, 0x55, 0xB5, 0xDD, 0x25, 0x7B, 0x24, 0x67,
    0xD1, 0x6F, 0xC3, 0x76, 0xA4, 0x00, 0x76, 0x46, 0x66, 0x0A, 0x20, 0xA1, 0x5F, 0x9D, 0x13, 0x41,
    0x30, 0xC8, 0xC3, 0x7B, 0x59, 0xD9, 0x60, 0x16, 0x8B, 0x68, 0x92, 0x86, 0xC1, 0x84, 0x77, 0x6F,
    0x55, 0x2C, 0x09, 0x82, 0x34, 0x2C, 0x80, 0x2C, 0x1A, 0xA6, 0x17, 0x03, 0x8B, 0x0E, 0xF7, 0xBE,
    0x3A, 0x9B, 0xC1, 0x20, 0x48, 0x8D, 0x09, 0x41, 0x30, 0x95, 0x98, 0xC0, 0x2C, 0xBA, 0x66, 0xF7,
    0xB4, 0xAD, 0xD7, 0x73, 0x6E, 0x9D, 0x9C, 0x53, 0xB7, 0xEE, 0x4E, 0xF7, 0x74, 0xF7, 0xD3, 0xB3,
    0x99, 0x90, 0xAA, 0xFA, 0xFF, 0x4E, 0xD5, 0x39, 0xE7, 0xAB, 0xFB, 0x7D, 0xE7, 0x7E, 0x75, 0x5E,
    0xDD, 0xF3, 0x8E, 0xA8, 0xA9, 0x59, 0x87, 0xBD, 0x9A, 0xF7, 0xE3, 0x27, 0xF6, 0x5B, 0xFC, 0x1E,
    0xDF, 0x06, 0xE0, 0x15, 0x5A, 0x5A, 0x6A, 0x6E, 0x70, 0x7A, 0x0D, 0x27, 0x9B, 0xFD, 0xF1, 0x40,
    0xEA, 0xFD, 0xF1, 0x96, 0xE0, 0xAD, 0x1C, 0x38, 0x49, 0x20, 0x19, 0x44, 0x43, 0xDA, 0x4B, 0x4D,
    0xD6, 0x49, 0x16, 0x98, 0xDF, 0x85, 0xDC, 0xBC, 0xCE, 0xD7, 0xDF, 0xFD, 0xA4, 0x7D, 0x47, 0x7A,
    0xEF, 0x77, 0xD7, 0xDE, 0xFC, 0xE1, 0xF6, 0x14, 0xC9, 0x39, 0x14, 0x3C, 0x80, 0xD7, 0xB1, 0x11,
    0x03, 0xAF, 0xB6, 0xF7, 0x1F, 0xFF, 0x48, 0x85, 0x2E, 0xF6, 0x68, 0xFB, 0x9D, 0x47, 0x27, 0xBC,
    0x9D, 0x75, 0xF0, 0x20, 0x33, 0x60, 0x23, 0x86, 0x3C, 0x42, 0x34, 0x24, 0x83, 0xD4, 0x90, 0x36,
    0x10, 0xAB, 0xA3, 0xDA, 0x49, 0xE7, 0xDE, 0x0F, 0xC5, 0xCF, 0xFE, 0x63, 0x50, 0x99, 0xF9, 0x46,
    0x15, 0xEA, 0xA2, 0x54, 0x50, 0xF1, 0xA1, 0x41, 0x78, 0x43, 0xE2, 0x77, 0x70, 0xD3, 0x77, 0x64,
    0x0F, 0x2D, 0xD9, 0x4F, 0x5D, 0xB0, 0xDB, 0x2C, 0x72, 0x7F, 0x90, 0xBD, 0x6F, 0x95, 0xF7, 0x7D,
    0xE9, 0xBD, 0xE6, 0x3B, 0x1D, 0xA1, 0x6E, 0x51, 0x43, 0x72, 0x0F, 0x6E, 0x20, 0x3D, 0x9C, 0x53,
    0xBE, 0x69, 0xB0, 0x1C, 0x67, 0x26, 0x1D, 0xB8, 0x95, 0x75, 0x59, 0xC7, 0x79, 0xDA, 0x8B, 0x26,
    0x70, 0x28, 0x88, 0xAC, 0x22, 0xFB, 0xF3, 0x99, 0xF6, 0x55, 0x7D, 0x2B, 0xFB, 0xE0, 0x53, 0xDF,
    0x57, 0xF9, 0x7B, 0x1F, 0x3E, 0xB2, 0xC5, 0xBB, 0x7F, 0xFF, 0xBE, 0x39, 0xCF, 0x27, 0xF9, 0x46,
    0x73, 0x8B, 0x93, 0xD7, 0x45, 0x73, 0x0C, 0xB7, 0xA4, 0x0E, 0x1C, 0x23, 0x43, 0x4C, 0xA1, 0x26,
    0xEB, 0x62, 0x7D, 0x6E, 0x72, 0x73, 0x0B, 0xA9, 0xB3, 0x6E, 0x43, 0x49, 0xFA, 0x99, 0xE5, 0x18,
    0xDA, 0x0E, 0xE0, 0x1A, 0x5C, 0xBF, 0x07, 0xD0, 0x7A, 0x0D, 0xC9, 0xD4, 0x1A, 0xC8, 0x86, 0xBC,
    0x0F, 0xEC, 0xB3, 0x21, 0xB0, 0x0B, 0x8C, 0xE7, 0x3D, 0xA4, 0x83, 0xE8, 0x00, 0xA7, 0x1A, 0xA0,
    0x9E, 0x00, 0x94, 0x05, 0xF0, 0x03, 0x90, 0x3F, 0x76, 0x94, 0x5A, 0x76, 0x2D, 0x0A, 0xA5, 0x4B,
    0x53, 0xA1, 0x10, 0xC3, 0x86, 0x35, 0xE9, 0x6E, 0x0C, 0xA4, 0x1D, 0x50, 0x50, 0x76, 0xA1, 0x95,
    0xDA, 0x52, 0x7C, 0x7C, 0x73, 0xDA, 0x21, 0xBC, 0x1F, 0x6A, 0x9D, 0xF8, 0x49, 0x17, 0x1D, 0x89,
    0x06, 0x4E, 0x9D, 0x73, 0x0F, 0x1E, 0x3C, 0x78, 0xEB, 0x2D, 0x6E, 0xE0, 0x92, 0x21, 0xEB, 0x85,
    0x91, 0x4D, 0xA1, 0x15, 0x8A, 0x35, 0x2B, 0x36, 0x4F, 0xEC, 0x5B, 0x56, 0x54, 0x28, 0x4A, 0x0A,
    0x2D, 0x4D, 0x1E, 0x5C, 0x4D, 0x2C, 0x9B, 0x1B, 0x50, 0x80, 0x34, 0xE4, 0x1D, 0xD9, 0x40, 0xA8,
    0xC2, 0xC1, 0x06, 0x56, 0x50, 0x81, 0x9A, 0x8F, 0xF2, 0x89, 0x43, 0x1D, 0x8E, 0x0A, 0x56, 0xE0,
    0x60, 0x24, 0xB5, 0xD1, 0x36, 0xEF, 0x90, 0x0D, 0x25, 0x20, 0x0C, 0xC8, 0x45, 0xA2, 0x99, 0xB5,
    0xFE, 0xE3, 0xBF, 0x1D, 0x5B, 0xEF, 0xC7, 0xDB, 0x7E, 0xBA, 0x47, 0xD1, 0xC3, 0xB1, 0x05, 0xB7,
    0x09, 0xA6, 0x8A, 0x7C, 0x28, 0x9B, 0xA4, 0xFB, 0x2D, 0x80, 0x43, 0x62, 0x3D, 0xAB, 0xDC, 0x50,
    0x7B, 0xBF, 0x8B, 0x0A, 0xE7, 0xCF, 0xEF, 0x13, 0x6C, 0xBF, 0xDE, 0x14, 0xA6, 0xD4, 0x25, 0x8A,
    0x63, 0xCE, 0x79, 0x00, 0xDC, 0x7E, 0xC7, 0xFB, 0x76, 0xFA, 0xFC, 0x41, 0x22, 0x6A, 0x03, 0x23,
    0xC9, 0xEC, 0x76, 0xD6, 0x23, 0x0C, 0xD2, 0x50, 0x68, 0xCA, 0xA7, 0xC3, 0x1A, 0x96, 0xB0, 0x62,
    0x7B, 0x13, 0xDA, 0x97, 0xB0, 0x37, 0xC0, 0xD7, 0xEF, 0x81, 0xF7, 0x64, 0x21, 0x07, 0x44, 0x9F,
    0x0F, 0xD2, 0xA4, 0xB6, 0xD4, 0x8C, 0x0A, 0x5C, 0xD0, 0x26, 0xDE, 0x25, 0x6A, 0x05, 0xEB, 0x83,
    0xE2, 0xF5, 0x41, 0xB1, 0x4F, 0x09, 0xAE, 0xD0, 0xC9, 0x28, 0x4D, 0xC8, 0x21, 0x5B, 0xF4, 0x89,
    0xF7, 0x86, 0x7A, 0x82, 0x44, 0xCF, 0x2A, 0x0C, 0xAD, 0x49, 0xBD, 0x91, 0x3F, 0x33, 0xEA, 0x0D,
    0xF3, 0x3B, 0xC2, 0xF0, 0x65, 0x8F, 0x6F, 0xDD, 0x25, 0xF7, 0x13, 0x6A, 0xF2, 0x8D, 0xD2, 0x45,
    0x77, 0x23, 0x86, 0xF3, 0xB4, 0x7A, 0x10, 0x1D, 0x48, 0x03, 0x0A, 0xD8, 0x42, 0x3A, 0x82, 0xE8,
    0xA1, 0x6C, 0xE0, 0xE2, 0xE9, 0xCB, 0xF6, 0xFE, 0xFD, 0x7B, 0xDE, 0x7B, 0x17, 0xC5, 0x77, 0xE3,
    0xBD, 0x3D, 0xEA, 0xB1, 0x37, 0x15, 0x62, 0xB9, 0x5F, 0x62, 0xF7, 0x4A, 0x97, 0xEB, 0xC2, 0xF0,
    0xE3, 0x09, 0xFC, 0x25, 0xDC, 0xF7, 0x86, 0xB9, 0x5F, 0x32, 0x02, 0xEE, 0x69, 0x65, 0xF6, 0x9F,
    0x28, 0x86, 0xD6, 0x7B, 0x53, 0xFA, 0x1D, 0x1C, 0x01, 0x24, 0x27, 0x40, 0x3E, 0x00, 0x32, 0x42,
    0x45, 0x5C, 0x44, 0xFB, 0x9F, 0x07, 0x64, 0xFF, 0x15, 0x20, 0xFE, 0x39, 0xA0, 0x48, 0x03, 0x8E,
    0x23, 0x5C, 0x40, 0x32, 0x04, 0x64, 0x5D, 0x80, 0x6C, 0x02, 0x4A, 0x02, 0xD4, 0xFD, 0x1F, 0x3F,
    0x6E, 0x6A, 0xEF, 0x7D, 0x17, 0x61, 0x88, 0x75, 0xCF, 0x43, 0x72, 0x76, 0xA6, 0x85, 0xF7, 0xBD,
    0x8C, 0x6A, 0x60, 0x96, 0xFE, 0x5C, 0x45, 0xD4, 0xFD, 0x7B, 0x14, 0xDE, 0x6B, 0xF9, 0x89, 0xEF,
    0x41, 0xD8, 0x2F, 0x84, 0xB3, 0x59, 0xCA, 0x31, 0x86, 0x74, 0xAC, 0x8B, 0x5E, 0x79, 0xDF, 0xDC,
    0xF4, 0x97, 0x4B, 0x48, 0xB7, 0xEF, 0x52, 0xF8, 0x9E, 0xF6, 0x93, 0x1F, 0xA5, 0xBB, 0x7D, 0x6C,
    0xD2, 0x04, 0x35, 0x50, 0x02, 0x0A, 0xA8, 0xC4, 0x44, 0x55, 0xFB, 0xAE, 0xBA, 0xBC, 0x39, 0xD4,
    0x26, 0x71, 0x35, 0xB8, 0xF5, 0xD3, 0x79, 0xB3, 0x2A, 0x34, 0x4E, 0x9A, 0x64, 0xCC, 0xAD, 0x18,
    0x92, 0x10, 0xD5, 0x21, 0x67, 0x8E, 0xCE, 0xCE, 0x4E, 0x0F, 0x5F, 0x0F, 0x10, 0x94, 0x58, 0xC8,
    0x06, 0xC8, 0x7B, 0x10, 0x5F, 0xF8, 0xA4, 0xED, 0xB3, 0x5D, 0xA4, 0x81, 0xA2, 0x01, 0x05, 0xAC,
    0x3F, 0xEF, 0x92, 0x5A, 0xE6, 0x79, 0x2F, 0x09, 0xB1, 0xE4, 0xD3, 0xBB, 0x83, 0xEC, 0x32, 0x5B,
    0x68, 0xC6, 0x02, 0xDC, 0xEC, 0x4B, 0xC3, 0x28, 0xBA, 0x6C, 0xC8, 0x76, 0x31, 0x63, 0x27, 0x50,
    0x3B, 0xD2, 0xC9, 0x37, 0xA2, 0x17, 0x43, 0xD1, 0x24, 0x4E, 0xC1, 0xB6, 0x82, 0x6A, 0xD1, 0x4A,
    0x45, 0xBB, 0x2E, 0x1F, 0x73, 0x1F, 0xC7, 0xC2, 0x6B, 0x12, 0x4D, 0x4C, 0xD5, 0xC4, 0x4F, 0x88,
    0x60, 0x57, 0x18, 0xD1, 0x2B, 0xE6, 0xE9, 0x7C, 0x5C, 0x81, 0x0B, 0xDA, 0x1C, 0xA4, 0x48, 0x5C,
    0xD9, 0xE4, 0x4E, 0x3E, 0x6E, 0x37, 0x99, 0x77, 0x1B, 0x5E, 0x6D, 0x1C, 0x30, 0x2E, 0x69, 0xB7,
    0x04, 0x52, 0x18, 0x92, 0x56, 0x4B, 0xBF, 0x43, 0xFA, 0x0E, 0x4E, 0x00, 0xD6, 0xB4, 0xB4, 0x54,
    0x3C, 0xBB, 0x3D, 0x39, 0x35, 0xE4, 0xBD, 0x1C, 0xC4, 0x90, 0x77, 0x3C, 0xB3, 0x5D, 0xBF, 0x2B,
    0x7A, 0x69, 0xC2, 0xAE, 0x0B, 0x5E, 0xE7, 0x18, 0x00, 0x7E, 0x03, 0xD8, 0x82, 0x70, 0xD0, 0x76,
    0x88, 0x11, 0xDA, 0x66, 0x2E, 0xEA, 0x66, 0xAF, 0xE2, 0x92, 0xB9, 0x09, 0x31, 0x01, 0xB5, 0x85,
    0xEB, 0x3B, 0xE0, 0x35, 0x96, 0xAD, 0xF6, 0xDE, 0x45, 0xB1, 0x6C, 0xCF, 0xAB, 0xFF, 0x1E, 0xB0,
    0x06, 0x54, 0x0F, 0xF9, 0x7C, 0x9B, 0x1E, 0xAE, 0x4F, 0x40, 0xD9, 0x43, 0xEA, 0x82, 0x76, 0x50,
    0x7F, 0x8C, 0x98, 0x48, 0xDA, 0x8E, 0x22, 0x5E, 0x35, 0xF0, 0x36, 0x00, 0x90, 0xDC, 0xD6, 0x94,
    0x7E, 0xA4, 0xF6, 0x13, 0xBF, 0x8F, 0xD2, 0x20, 0x9B, 0xA7, 0xB5, 0xE4, 0x43, 0x36, 0x82, 0xEC,
    0x98, 0xBB, 0xAC, 0x80, 0x0D, 0xF0, 0x00, 0xF8, 0x3E, 0x87, 0x6D, 0x7F, 0xD3, 0x1D, 0x24, 0x41,
    0x38, 0xE0, 0x1B, 0x00, 0xDC, 0x00, 0xE0, 0x8E, 0x1F, 0x81, 0xCC, 0x7B, 0xDF, 0xCC, 0xBE, 0xDD,
    0x1C, 0xE0, 0x02, 0x12, 0x47, 0x62, 0x81, 0x8A, 0xAC, 0x03, 0x0A, 0x84, 0x11, 0xDE, 0xCA, 0x46,
    0xA2, 0x1E, 0xDA, 0xDC, 0x14, 0x6C, 0xB1, 0x99, 0xA9, 0x12, 0x1B, 0x8B, 0xF0, 0x24, 0x87, 0xA2,
    0xBB, 0x95, 0xF5, 0x0C, 0x87, 0xC2, 0x84, 0x22, 0xD9, 0x17, 0xE9, 0x20, 0x9A, 0x5B, 0xE1, 0xDC,
    0x4A, 0x7D, 0xCC, 0x74, 0x67, 0xB5, 0xA6, 0x44, 0xB9, 0x72, 0x44, 0x86, 0x2F, 0xE8, 0xFA, 0x5D,
    0xA4, 0x01, 0x20, 0x98, 0xC1, 0xDE, 0xCB, 0xAF, 0x01, 0xF5, 0x7F, 0xFF, 0xE9, 0x0E, 0x10, 0xCB,
    0x80, 0xDE, 0x7E, 0xAC, 0x39, 0x38, 0x7D, 0x01, 0xE0, 0x81, 0xC4, 0x6B, 0xC8, 0x1E, 0x9A, 0x80,
    0x7F, 0x0F, 0x10, 0xEF, 0xF5, 0x20, 0x7F, 0x30, 0x40, 0xF1, 0x87, 0x16, 0x14, 0x23, 0x54, 0x6C,
    0x08, 0xC7, 0x0A, 0x1C, 0x8A, 0xE4, 0xF2, 0xAC, 0xD6, 0x69, 0x0C, 0x36, 0x0B, 0x30, 0x79, 0x87,
    0xE8, 0xA4, 0x21, 0x0B, 0x39, 0x4F, 0x3A, 0x94, 0x90, 0x8C, 0x8A, 0x7D, 0xFA, 0xB2, 0x75, 0x40,
    0x75, 0x76, 0x06, 0xDE, 0x4F, 0x41, 0xBE, 0x73, 0x14, 0xD6, 0x91, 0x8E, 0x0E, 0xDC, 0xA2, 0x31,
    0x5C, 0x87, 0xBA, 0xBC, 0x8F, 0xF7, 0x8C, 0xFD, 0xA6, 0xFB, 0x6D, 0xBF, 0xF4, 0xD9, 0x05, 0xAD,
    0x0F, 0xDA, 0x5F, 0xA7, 0x6E, 0x77, 0x76, 0xC7, 0xC6, 0x7B, 0x79, 0x7F, 0x09, 0x7C, 0xF7, 0x1E,
    0x88, 0x79, 0x3A, 0x08, 0x08, 0xD1, 0x5C, 0x37, 0xD9, 0x08, 0x88, 0x1E, 0x90, 0x06, 0x28, 0x1A,
    0xA0, 0xD4, 0x80, 0xE2, 0x2A, 0x94, 0x7A, 0xEE, 0x7C, 0x30, 0x13, 0x03, 0x90, 0x39, 0x20, 0xF1,
    0x77, 0xBF, 0x69, 0x50, 0x21, 0x58, 0xF2, 0xE0, 0x22, 0x5C, 0xD3, 0xC4, 0x98, 0x62, 0x50, 0x11,
    0xBE, 0xC7, 0xF1, 0xA6, 0x0B, 0x48, 0x7C, 0x00, 0x4A, 0x07, 0x14, 0x26, 0x40, 0x76, 0x01, 0x79,
    0x1F, 0x90, 0x0D, 0x2F, 0xC0, 0xDC, 0x2A, 0xBA, 0x00, 0x69, 0x02, 0xCA, 0x26, 0xA0, 0xC5, 0x91,
    0xEE, 0xD8, 0x9D, 0xB5, 0x96, 0x38, 0x28, 0x01, 0x1F, 0x13, 0x3E, 0xF2, 0x6C, 0xBE, 0x8A, 0x72,
    0xC0, 0x8B, 0x14, 0xDA, 0x67, 0x4D, 0xF7, 0xEF, 0x73, 0x55, 0xBF, 0xDD, 0x13, 0xF7, 0xBB, 0xE2,
    0xDE, 0x57, 0xDC, 0xFF, 0x9D, 0xA5, 0xEE, 0x6A, 0xC1, 0xB7, 0xDE, 0x21, 0x8E, 0xDC, 0x48, 0xE9,
    0xBD, 0xC3, 0x37, 0xC9, 0x4F, 0x32, 0xB7, 0x8C, 0xF0, 0x95, 0x5F, 0x91, 0xDF, 0x29, 0x92, 0x08,
    0xEE, 0x47, 0xB0, 0x2A, 0x75, 0x40, 0xD1, 0x04, 0x48, 0x13, 0x20, 0x86, 0x80, 0xCC, 0x05, 0xE0,
    0xEF, 0x5E, 0xDB, 0xA2, 0xBC, 0xDF, 0x71, 0x7D, 0x1E, 0xAC, 0x6B, 0x27, 0x9C, 0x42, 0xA2, 0x1D,
    0x08, 0xF3, 0xB2, 0xF0, 0x61, 0xDB, 0x23, 0x8C, 0xDD, 0xBB, 0x73, 0xDD, 0x97, 0xC3, 0x51, 0x1C,
    0x45, 0x7D, 0xE7, 0x31, 0x59, 0xFF, 0xEB, 0x1C, 0xAD, 0x8F, 0xE6, 0x5C, 0x03, 0xD9, 0x7C, 0x05,
    0x47, 0xD1, 0xA0, 0xF4, 0x6D, 0x4F, 0xED, 0xA8, 0x3B, 0x4E, 0xE1, 0x08, 0x07, 0xBB, 0x80, 0xCC,
    0x06, 0xC8, 0x2E, 0xA0, 0x6C, 0x02, 0x2E, 0xC0, 0x25, 0x63, 0x40, 0x3E, 0x04, 0x14, 0x26, 0x40,
    0x11, 0xB0, 0x03, 0xBC, 0x9F, 0xD1, 0xC0, 0x24, 0xBB, 0x43, 0x97, 0xD4, 0x05, 0x30, 0x45, 0x28,
    0x1D, 0x50, 0x98, 0x00, 0x31, 0x04, 0x64, 0xE3, 0xE1, 0x33, 0xA8, 0x39, 0x05, 0xDC, 0x57, 0xA7,
    0x98, 0xD1, 0xFA, 0x57, 0x19, 0x4B, 0xFC, 0x92, 0x7D, 0x03, 0xD2, 0x7A, 0x03, 0xA5, 0xF5, 0x1D,
    0x28, 0xFB, 0x59, 0x0F, 0x6B, 0xFB, 0x78, 0x80, 0xAD, 0xBD, 0xB4, 0xF0, 0xC8, 0x8E, 0x8E, 0xE4,
    0x53, 0x3B, 0x6E, 0xC8, 0xFE, 0xD3, 0x8E, 0x15, 0xD9, 0x07, 0x76, 0x54, 0x88, 0x9F, 0xDA, 0xB1,
    0xD0, 0xF2, 0x6F, 0xEC, 0x28, 0x9B, 0x22, 0xB1, 0xA3, 0x30, 0x65, 0x60, 0xDE, 0x1D, 0x07, 0x66,
    0xC3, 0x79, 0x60, 0x3A, 0x8C, 0x81, 0x5C, 0xDA, 0xC8, 0x69, 0x88, 0xAC, 0xFB, 0x48, 0x65, 0x22,
    0xCB, 0x99, 0x85, 0x4E, 0xEC, 0x9C, 0x67, 0x1E, 0xB2, 0xDE, 0xEB, 0x08, 0x13, 0xD1, 0x07, 0xFC,
    0xD2, 0x06, 0x8C, 0x2E, 0xE2, 0x22, 0x42, 0xE9, 0x80, 0xC2, 0x04, 0x88, 0x3E, 0x20, 0xB3, 0x01,
    0x89, 0x0B, 0xE0, 0x22, 0x42, 0x45, 0x14, 0xEF, 0x05, 0x88, 0x0F, 0x03, 0xB2, 0x5F, 0x04, 0x24,
    0x53, 0x00, 0x3E, 0x42, 0x45, 0x94, 0x11, 0xB2, 0x9F, 0x5F, 0xA9, 0x40, 0x7A, 0xAF, 0xA1, 0xF5,
    0x7E, 0x20, 0x9D, 0xC8, 0x1D, 0xB9, 0x85, 0x09, 0xD9, 0x81, 0x5A, 0xDE, 0x6A, 0x4A, 0x4D, 0x38,
    0x53, 0x1C, 0x28, 0xBA, 0xCF, 0x99, 0x2F, 0x7C, 0xB2, 0x7E, 0xDF, 0xBF, 0x68, 0x22, 0xA5, 0x81,
    0x52, 0x8B, 0x1E, 0x6A, 0xB2, 0x91, 0x64, 0x17, 0x67, 0xC2, 0x62, 0x04, 0xE5, 0x7D, 0x07, 0xB9,
    0x9F, 0x00, 0xAE, 0x01, 0x67, 0xA7, 0xE0, 0xFD, 0x18, 0xE4, 0x75, 0x4C, 0xB6, 0x98, 0x0C, 0x8E,
    0x2C, 0x28, 0xB5, 0x8B, 0x96, 0x6B, 0xD1, 0xBB, 0xA4, 0x35, 0xFB, 0x29, 0xC4, 0xB2, 0x3B, 0x05,
    0xC7, 0xD5, 0xFA, 0x7F, 0x15, 0xEB, 0x4C, 0x54, 0x03, 0x20, 0x7B, 0x80, 0x7C, 0x04, 0x48, 0xF6,
    0x0D, 0x67, 0xEC, 0xFF, 0xD6, 0x5D, 0xB2, 0x9F, 0x48, 0xEF, 0x74, 0x8E, 0xFC, 0x0B, 0x23, 0x91,
    0x2D, 0xD7, 0x45, 0x37, 0xDD, 0xF7, 0x7A, 0x3F, 0x6A, 0x03, 0x2E, 0x71, 0x38, 0xB6, 0x41, 0x2A,
    0xA8, 0x0C, 0xB6, 0xD2, 0x2C, 0xB6, 0xD6, 0x81, 0x0B, 0xBA, 0xE0, 0x5B, 0xF7, 0x48, 0xBD, 0xEF,
    0x45, 0x30, 0x28, 0xBB, 0xE4, 0xAE, 0x02, 0x9E, 0x54, 0x39, 0x3F, 0x0C, 0x90, 0x7B, 0x0D, 0x7E,
    0x04, 0x11, 0x4F, 0xEA, 0x1E, 0xC4, 0x00, 0xE9, 0x08, 0x2C, 0x4A, 0x82, 0xB2, 0x61, 0xAD, 0xEF,
    0xF4, 0x75, 0xF0, 0xB3, 0x5C, 0x5E, 0xD4, 0xC3, 0x8B, 0xF4, 0x99, 0x6E, 0xE3, 0xF4, 0x37, 0x83,
    0x6C, 0x00, 0xD2, 0xFF, 0x53, 0xDC, 0x00, 0x4E, 0x2A, 0xC8, 0x86, 0xAF, 0x10, 0x2A, 0xA0, 0x2F,
    0x35, 0xA2, 0x93, 0x1D, 0x85, 0xC9, 0x2F, 0x93, 0x56, 0xA7, 0xDE, 0xEF, 0xA0, 0xF4, 0x3D, 0x70,
    0x3A, 0x1F, 0x9C, 0x6C, 0x20, 0xB5, 0xEB, 0xA7, 0x2D, 0x8A, 0x66, 0x9F, 0x0C, 0x45, 0x23, 0x3A,
    0x4A, 0x9D, 0xF5, 0xA8, 0xD0, 0xCE, 0x9A, 0xC4, 0xB2, 0x81, 0x11, 0xB7, 0xCC, 0x95, 0xAB, 0xE8,
    0xBE, 0xCA, 0x02, 0xCA, 0xBC, 0x83, 0xE2, 0x0D, 0x03, 0xF2, 0x5F, 0x1B, 0x10, 0x1F, 0x69, 0xC8,
    0x3D, 0x90, 0x4D, 0x40, 0xBA, 0x03, 0x70, 0x73, 0xA8, 0x47, 0x70, 0x8D, 0x35, 0xD4, 0x50, 0x68,
    0x05, 0xAD, 0xA6, 0x44, 0x81, 0x6F, 0x02, 0x4B, 0x8D, 0x37, 0xAC, 0x29, 0x9A, 0xE4, 0x97, 0x1D,
    0x5B, 0xA4, 0x49, 0x7F, 0xD1, 0xE3, 0x42, 0x19, 0x7F, 0xF4, 0x39, 0x44, 0x97, 0x7F, 0x30, 0x24,
    0x23, 0x79, 0x2F, 0xCC, 0x38, 0xAF, 0x3C, 0x48, 0xE3, 0xB2, 0x21, 0x96, 0x7A, 0x13, 0xCA, 0xD4,
    0x16, 0x1C, 0xE7, 0x3D, 0x8C, 0x8A, 0x4A, 0x18, 0x70, 0x15, 0xA5, 0x34, 0xB0, 0x59, 0x51, 0xFC,
    0x49, 0x03, 0xAB, 0x0D, 0xF2, 0x1F, 0x35, 0x1C, 0x8F, 0xC8, 0x8F, 0x80, 0xCA, 0x92, 0x3F, 0x04,
    0xCA, 0x61, 0xEF, 0x69, 0x11, 0xCA, 0x1D, 0x20, 0x7B, 0x52, 0x17, 0xCB, 0x8E, 0xC4, 0xC1, 0x11,
    0x24, 0x5A, 0xB1, 0x0C, 0x8B, 0x16, 0xDD, 0x7E, 0x44, 0x36, 0x24, 0x63, 0x32, 0xC2, 0x36, 0x9C,
    0xA3, 0x84, 0x81, 0xE2, 0x1F, 0x1A, 0x10, 0x1E, 0xF6, 0xB7, 0x49, 0xDD, 0x61, 0x08, 0xA4, 0x87,
    0xE0, 0x82, 0x81, 0x2A, 0x58, 0x13, 0x9D, 0x9D, 0x6D, 0x43, 0xB9, 0x65, 0xBE, 0x5F, 0xD1, 0x50,
    0x36, 0xF3, 0x67, 0x6C, 0x21, 0x1F, 0xE6, 0x19, 0x75, 0xBB, 0x3C, 0xC6, 0x45, 0x53, 0x34, 0xFB,
    0x47, 0x7C, 0x4D, 0xDE, 0xE3, 0xC8, 0xE2, 0x28, 0x24, 0x63, 0xB0, 0xC6, 0xE5, 0x1D, 0x54, 0xF3,
    0xB3, 0x5B, 0xEA, 0xE5, 0x83, 0xC4, 0x0E, 0xC8, 0x46, 0x20, 0xB5, 0x2F, 0x8F, 0xF8, 0x23, 0xF2,
    0xB0, 0xCE, 0xC2, 0x1C, 0x77, 0x36, 0x80, 0xE8, 0xA1, 0x30, 0xA0, 0x80, 0x8B, 0x17, 0x56, 0x13,
    0xAB, 0xED, 0xBE, 0x5A, 0xC6, 0x6A, 0x3D, 0xAF, 0x19, 0xBC, 0xE3, 0xBD, 0x9F, 0xA2, 0x8E, 0x4E,
    0xDB, 0xA9, 0xDD, 0x6D, 0x78, 0xF9, 0x7D, 0x1B, 0x2C, 0xEA, 0xDD, 0x8D, 0xC3, 0x6A, 0x54, 0x09,
    0x85, 0x46, 0x1A, 0x84, 0x21, 0xEB, 0x0F, 0xEB, 0x55, 0xE3, 0x61, 0xBD, 0x4A, 0x41, 0x09, 0xB2,
    0x39, 0x2C, 0x67, 0xF5, 0xA4, 0x9F, 0xAF, 0x68, 0x1D, 0x9D, 0x2A, 0xAF, 0x3C, 0xEA, 0xE5, 0xF7,
    0xA3, 0x3A, 0x58, 0x4C, 0x24, 0x87, 0x05, 0xAD, 0x0E, 0xCA, 0x01, 0x6E, 0x59, 0x78, 0x70, 0x0E,
    0x36, 0x2E, 0x1B, 0x16, 0x64, 0x9D, 0x6C, 0xE2, 0x92, 0xA1, 0xD4, 0x59, 0x5F, 0x84, 0x9A, 0x0A,
    0xC6, 0x73, 0x38, 0xFF, 0x0B, 0x78, 0x05, 0x40, 0x79, 0xEF, 0xA2, 0x2E, 0x50, 0x5A, 0x9A, 0xAC,
    0xC7, 0x02, 0x00, 0xF5, 0xE5, 0xFC, 0x16, 0x9D, 0x7F, 0x5C, 0x74, 0x49, 0x0C, 0x65, 0x56, 0xBA,
    0xD7, 0x1D, 0x3F, 0xEC, 0x27, 0xB7, 0x74, 0x50, 0xE1, 0x7A, 0x15, 0xDA, 0xB6, 0x41, 0x2B, 0xC4,
    0xA0, 0x74, 0x3D, 0x94, 0xFE, 0x72, 0xC8, 0x7D, 0x37, 0x30, 0x8F, 0xCC, 0x15, 0x2A, 0x76, 0xAC,
    0x5A, 0x6F, 0xEA, 0x47, 0x6F, 0x0E, 0x75, 0x93, 0xDA, 0x65, 0x35, 0x61, 0x13, 0xB4, 0x5D, 0xC1,
    0xEA, 0xA0, 0xF5, 0x5E, 0x9B, 0xD8, 0x1E, 0xFA, 0x8D, 0x75, 0x2F, 0x86, 0x73, 0xEF, 0xBB, 0xF3,
    0x72, 0x02, 0x34, 0x00, 0x94, 0x93, 0x4E, 0xA2, 0xBF, 0x97, 0x7F, 0xAE, 0xE7, 0xA1, 0xD0, 0xA0,
    0xD8, 0xAB, 0x02, 0xD6, 0x8B, 0xAA, 0xA5, 0x2E, 0xB6, 0x17, 0x06, 0x84, 0xBD, 0xDE, 0x64, 0xC1,
    0x8E, 0xDA, 0x6B, 0x92, 0x13, 0x80, 0x63, 0xA0, 0x7A, 0xAE, 0x6A, 0x5B, 0xA5, 0xDE, 0x57, 0xE2,
    0xD1, 0xCD, 0xA9, 0x30, 0xE9, 0x54, 0x6A, 0x26, 0x05, 0x17, 0x41, 0xEB, 0x0A, 0xAA, 0xF5, 0xA2,
    0x78, 0x1E, 0xEB, 0x62, 0x5B, 0x61, 0x98, 0x64, 0x9F, 0x4F, 0x59, 0xB0, 0xA3, 0x1D, 0x5F, 0x27,
    0x39, 0xF8, 0x7B, 0xC9, 0xEC, 0xAF, 0x2D, 0xFA, 0xB8, 0xC2, 0x56, 0xEA, 0x64, 0x54, 0xE0, 0xAA,
    0x20, 0xB5, 0xFC, 0xBA, 0xFE, 0xA2, 0xBF, 0x72, 0xF6, 0x37, 0xF9, 0x49, 0xF0, 0xC1, 0x72, 0xC7,
    0xF7, 0x70, 0x02, 0x62, 0x02, 0xE5, 0x61, 0xFA, 0xB3, 0xA7, 0xD6, 0x19, 0xA2, 0x84, 0xB7, 0xB4,
    0x41, 0xDF, 0x7C, 0x74, 0x12, 0xAF, 0x7F, 0x2D, 0x01, 0x50, 0xDB, 0xD7, 0xE6, 0xB8, 0x2F, 0xDF,
    0x9C, 0xE4, 0x21, 0xEE, 0x18, 0xF3, 0xCB, 0xC5, 0xBD, 0xA6, 0x1D, 0x2B, 0x12, 0x5D, 0x2D, 0x63,
    0xBB, 0x02, 0xDC, 0x6F, 0x92, 0x8F, 0xD2, 0xCF, 0x79, 0xD4, 0x70, 0x74, 0x7A, 0x75, 0x9E, 0xDC,
    0x9C, 0x62, 0x9E, 0x74, 0x4F, 0xE4, 0xC9, 0xB8, 0x06, 0x17, 0xB5, 0x7A, 0x49, 0x71, 0x7C, 0xB1,
    0x8A, 0xE9, 0xF8, 0xC5, 0x0D, 0x38, 0xE6, 0x82, 0x15, 0xA1, 0x11, 0x58, 0xBD, 0xF4, 0xEE, 0xDA,
    0xB1, 0x1D, 0x8E, 0xF4, 0x95, 0x7E, 0x93, 0x77, 0x2B, 0x8A, 0x66, 0x45, 0xCD, 0x2A, 0x71, 0xAC,
    0xF2, 0x81, 0x55, 0x61, 0xF6, 0xCB, 0x64, 0x3B, 0xA8, 0x7D, 0xD0, 0xC3, 0x86, 0xB5, 0xE8, 0x58,
    0x65, 0x76, 0xDF, 0x87, 0x36, 0x48, 0x05, 0x1B, 0xD9, 0x05, 0xFB, 0x61, 0xF5, 0x82, 0xED, 0xB0,
    0xDE, 0x51, 0xEC, 0x68, 0x7B, 0xCE, 0x5B, 0xFF, 0x77, 0x7E, 0x47, 0xFD, 0xE8, 0xCE, 0xC3, 0x1F,
    0xB6, 0xD4, 0x4D, 0xBE, 0xA3, 0xD4, 0x35, 0xD9, 0x48, 0xD1, 0xAC, 0x49, 0x2D, 0x32, 0x16, 0x43,
    0x28, 0x56, 0x5F, 0x49, 0x01, 0xF0, 0xF6, 0xCD, 0x89, 0xF3, 0xFF, 0xED, 0xB7, 0xB2, 0x3C, 0xBA,
    0x30, 0xAF, 0x14, 0x86, 0x87, 0xD7, 0x22, 0x4D, 0xE2, 0x28, 0x35, 0x2B, 0x14, 0x28, 0xAA, 0x05,
    0x25, 0xEB, 0x88, 0x6A, 0x81, 0xDA, 0xB7, 0x96, 0x9A, 0x35, 0xD2, 0xE0, 0x10, 0x36, 0x1F, 0xE7,
    0xD7, 0x2E, 0xE6, 0x47, 0x99, 0x24, 0xE8, 0x30, 0x42, 0xE7, 0xBF, 0x9A, 0x64, 0xB2, 0xB1, 0x5E,
    0x5C, 0x7C, 0x99, 0x49, 0x66, 0x15, 0x9C, 0x5A, 0x95, 0x13, 0x2B, 0x4E, 0x82, 0x78, 0xAE, 0xBE,
    0xCD, 0xB2, 0xDD, 0xB1, 0xAF, 0x1D, 0x26, 0x07, 0xF9, 0x65, 0x26, 0x87, 0xE1, 0xC9, 0x87, 0x84,
    0x0A, 0x5E, 0xA8, 0x57, 0x62, 0x38, 0xC2, 0x9E, 0xD7, 0x76, 0x35, 0x7D, 0xAF, 0xEE, 0xA8, 0x35,
    0x35, 0x44, 0xC7, 0xAF, 0x3C, 0x00, 0x12, 0x3F, 0x22, 0xBD, 0x47, 0xDD, 0xFD, 0x2B, 0x0E, 0x9E,
    0xAF, 0x01, 0xD5, 0x81, 0x9C, 0x87, 0x7F, 0x80, 0x9B, 0x3B, 0xA0, 0x05, 0x0A, 0x0D, 0xB2, 0x89,
    0xE5, 0xDB, 0xD4, 0xD4, 0x7E, 0x47, 0xE9, 0x7B, 0x38, 0x05, 0xEE, 0x92, 0xF4, 0xA4, 0x3D, 0x59,
    0x4F, 0xE1, 0x6D, 0xED, 0xED, 0x6F, 0x3F, 0x3A, 0x09, 0xE7, 0x57, 0x1D, 0x03, 0xD9, 0x38, 0x3B,
    0x50, 0x87, 0x42, 0x9F, 0x83, 0xDD, 0xC2, 0xF8, 0x72, 0x4A, 0xC6, 0x15, 0xE9, 0x18, 0x33, 0x59,
    0x35, 0xC5, 0x58, 0xF8, 0xDD, 0x98, 0xF9, 0xE1, 0x01, 0xD7, 0xE0, 0x01, 0x54, 0x5B, 0xD8, 0x2A,
    0x70, 0x41, 0x63, 0xA1, 0x53, 0x1B, 0x27, 0x52, 0x61, 0xF2, 0x3E, 0xEF, 0x45, 0x38, 0x93, 0x4D,
    0x3A, 0x2F, 0x04, 0x1F, 0xFE, 0xE1, 0x71, 0x0E, 0xD5, 0x06, 0x4A, 0x0B, 0x72, 0x08, 0xEA, 0x39,
    0x27, 0xEB, 0xE7, 0xC4, 0x12, 0x03, 0x0A, 0x85, 0x1C, 0xA9, 0x62, 0xB1, 0x61, 0x45, 0xA1, 0xCB,
    0x73, 0x36, 0xC8, 0xA6, 0x3A, 0xC6, 0x21, 0xCD, 0x71, 0x85, 0x45, 0x98, 0xF3, 0x32, 0x1D, 0xC8,
    0x3B, 0x27, 0xFF, 0x68, 0x08, 0xC6, 0x56, 0xFE, 0xA0, 0x27, 0xFB, 0x74, 0x10, 0xEF, 0x77, 0xA4,
    0x3F, 0x1F, 0xF2, 0x7F, 0x31, 0x84, 0xB7, 0xC2, 0xEC, 0x23, 0x03, 0x9F, 0x99, 0xF4, 0x61, 0x03,
    0xAD, 0x49, 0xBC, 0x86, 0xBA, 0xC1, 0x03, 0x0A, 0x26, 0x28, 0x61, 0x5B, 0x98, 0xC4, 0x89, 0x3E,
    0x1B, 0x82, 0xC3, 0x1D, 0xAE, 0x68, 0x58, 0x2B, 0x28, 0x77, 0x20, 0x47, 0x10, 0xC3, 0xBE, 0x54,
    0xFB, 0x00, 0x13, 0x37, 0x07, 0xD6, 0x89, 0x6E, 0x5E, 0xBD, 0x73, 0x0A, 0xD6, 0x1B, 0xA8, 0x56,
    0xCB, 0x6A, 0x75, 0x19, 0xC3, 0x6F, 0xF6, 0xE1, 0xE7, 0x5D, 0xDE, 0x67, 0x21, 0xFC, 0x74, 0x90,
    0x26, 0x89, 0xE1, 0xC7, 0xD6, 0xF3, 0x6A, 0xDF, 0xBB, 0xDC, 0x40, 0x31, 0xEE, 0xC3, 0xCF, 0xA3,
    0xBA, 0xA7, 0x97, 0xF8, 0x2F, 0xA0, 0x75, 0x41, 0x03, 0x1C, 0x01, 0xCA, 0x7B, 0x6A, 0xEF, 0xF5,
    0xD1, 0x59, 0x0D, 0x6C, 0x0F, 0xBF, 0x47, 0x40, 0x74, 0xCB, 0x4A, 0xFC, 0x13, 0x8B, 0xF4, 0x3D,
    0xEC, 0x7F, 0x9C, 0xC1, 0x1A, 0xF0, 0xC1, 0x2E, 0x0A, 0xBE, 0x46, 0xEA, 0x90, 0x0E, 0xD5, 0x50,
    0x3D, 0x2F, 0x3D, 0xB7, 0x24, 0xA1, 0xB1, 0x8F, 0xED, 0x37, 0x2D, 0xB8, 0x17, 0x64, 0xB1, 0x82,
    0xF2, 0xDF, 0x90, 0x8E, 0x64, 0xF3, 0xF6, 0xE6, 0xCA, 0xED, 0xFB, 0x1A, 0x26, 0xF0, 0x06, 0x31,
    0x90, 0x0D, 0xA4, 0xCF, 0x1C, 0x89, 0x85, 0x1D, 0xA8, 0x21, 0xF6, 0xA8, 0xEF, 0xE2, 0x62, 0xCD,
    0xB3, 0xDD, 0x82, 0xED, 0x9D, 0x1E, 0xDF, 0x70, 0x09, 0x00, 0x62, 0xC7, 0xB5, 0xDA, 0x7F, 0xFC,
    0x97, 0x7F, 0x7D, 0xD3, 0xBB, 0x13, 0xEA, 0x1E, 0xE0, 0x7F, 0x00, 0xCD, 0x9A, 0x01, 0xA4, 0x25,
    0x59, 0x7A, 0xC7, 0x7F, 0xA7, 0xCE, 0x74, 0x57, 0xCC, 0x91, 0x39, 0xB3, 0x74, 0x6F, 0x62, 0x27,
    0x3D, 0x15, 0x04, 0x93, 0xE8, 0x99, 0x1A, 0xC0, 0x84, 0xF7, 0x6E, 0x55, 0xCF, 0xB2, 0x41, 0x90,
    0x46, 0xF7, 0x86, 0x34, 0x26, 0x58, 0xD0, 0xF0, 0x16, 0x8D, 0x17, 0xDE, 0xBD, 0xF7, 0x64, 0x17,
    0x41, 0xA0, 0x63, 0x13, 0x10, 0x68, 0x0C, 0xB6, 0x1B, 0x7A, 0xD1, 0x78, 0xB8, 0xEF, 0xDD, 0x13,
    0x83, 0x05, 0xA8, 0x18, 0x12, 0xC0, 0x56, 0x98, 0x09, 0x2C, 0xE6, 0x44, 0xAA, 0x6D, 0xBD, 0x51,
    0xEF, 0x7E, 0xA9, 0xCF, 0xBD, 0xDE, 0xDD, 0x9E, 0x97, 0xED, 0x99, 0x19, 0x4F, 0x4F, 0x57, 0xD5,
    0xF7, 0xFB, 0xFA, 0x9E, 0xFA, 0x4E, 0xFD, 0xBF, 0xAF, 0x6E, 0x7F, 0xB7, 0x8E, 0x7B, 0x1F, 0x4C,
    0x58, 0xB2, 0x64, 0x06, 0xC0, 0x2B, 0xEC, 0xE8, 0xCE, 0xEE, 0x76, 0x67, 0xC2, 0x6C, 0xB3, 0xCF,
    0xB9, 0x0B, 0x59, 0x00, 0x1B, 0xD7, 0x56, 0x4A, 0x9D, 0x89, 0x44, 0x77, 0x72, 0x27, 0x78, 0x7D,
    0x59, 0x43, 0xC5, 0xDA, 0x26, 0x5B, 0x3B, 0x1B, 0xD3, 0xF3, 0x45, 0x04, 0xD7, 0x5D, 0x8E, 0x56,
    0x24, 0x32, 0x97, 0x1A, 0x1B, 0x39, 0x33, 0x53, 0x83, 0x79, 0x08, 0xA5, 0x74, 0x2C, 0x3F, 0xEB,
    0xCD, 0xC0, 0xDF, 0x66, 0x09, 0xEC, 0xEF, 0x30, 0x11, 0x51, 0x3B, 0x7F, 0xAE, 0x85, 0xBC, 0x01,
    0xCD, 0x69, 0xFE, 0xE8, 0xD1, 0x43, 0x11, 0x59, 0xA9, 0x01, 0xFC, 0x11, 0xBC, 0x5B, 0xED, 0x9D,
    0xF4, 0x5E, 0x24, 0xE5, 0xAD, 0x8F, 0x2E, 0xD8, 0xC6, 0x63, 0x92, 0x87, 0x8D, 0x99, 0xE4, 0xA2,
    0x6D, 0xF3, 0xAE, 0x88, 0x1A, 0x53, 0x95, 0x5D, 0xFF, 0x7B, 0xF0, 0xEE, 0x15, 0xCD, 0xAE, 0x02,
    0x1F, 0xCB, 0x9A, 0xA2, 0xF6, 0x91, 0x0A, 0xD7, 0x30, 0x55, 0xC1, 0x01, 0xD3, 0x99, 0x0E, 0x06,
    0x15, 0x9E, 0xBA, 0x08, 0x95, 0x0F, 0x50, 0xEC, 0x01, 0x7E, 0x05, 0xD9, 0xE3, 0xD5, 0xCF, 0xB1,
    0x22, 0x03, 0xE6, 0x87, 0x27, 0xB7, 0x40, 0x63, 0x15, 0xEB, 0x31, 0xC5, 0x66, 0xEC, 0x59, 0xEC,
    0x2F, 0xB6, 0x1B, 0x00, 0x70, 0xE5, 0xB7, 0x86, 0x7E, 0xC4, 0xF2, 0x04, 0x27, 0x12, 0x8A, 0xFB,
    0x1F, 0x50, 0xB2, 0xB9, 0xC5, 0x01, 0x7C, 0x0F, 0x56, 0xEE, 0xE3, 0x64, 0xA0, 0xB8, 0xB1, 0x64,
    0x42, 0x11, 0x76, 0x71, 0xB1, 0x22, 0x8F, 0x65, 0x70, 0xD1, 0xF7, 0x45, 0x6D, 0xE4, 0x14, 0x0A,
    0xD5, 0x5D, 0xB2, 0x79, 0x53, 0xA2, 0x16, 0xF7, 0xE7, 0x94, 0x75, 0x25, 0x2B, 0xDE, 0x90, 0x4F,
    0x00, 0x78, 0x2B, 0x0B, 0xB3, 0xBC, 0xD9, 0xCD, 0x23, 0x00, 0xDF, 0xFB, 0x10, 0xC8, 0x45, 0x1A,
    0xA8, 0xEE, 0x5F, 0xEE, 0xA1, 0x87, 0x12, 0xDB, 0x40, 0x1E, 0x5D, 0x5D, 0xAC, 0xB2, 0xF6, 0x4D,
    0x96, 0x42, 0xBA, 0x9E, 0xF5, 0x97, 0xD8, 0xDF, 0xB1, 0x2D, 0xEC, 0xEC, 0xEB, 0xDC, 0xEB, 0xF7,
    0xF4, 0xF2, 0xD7, 0xCE, 0xF3, 0xBD, 0x5C, 0xCF, 0xAE, 0x23, 0xDF, 0x36, 0x27, 0xDF, 0x65, 0xDF,
    0xA3, 0x57, 0x70, 0xC1, 0xF5, 0xB6, 0xCD, 0x5A, 0xF0, 0x81, 0x23, 0x98, 0x41, 0xF1, 0xE9, 0x9D,
    0x0E, 0x8C, 0x48, 0x0D, 0x98, 0x11, 0x97, 0xFE, 0x99, 0x6A, 0xC5, 0x9F, 0xF8, 0x9A, 0x3C, 0x70,
    0x27, 0x94, 0x12, 0x8E, 0xF2, 0x90, 0xC6, 0xC3, 0x87, 0xE3, 0x65, 0x28, 0x3F, 0x0E, 0x00, 0xAF,
    0x9B, 0x9A, 0x45, 0xDE, 0x98, 0xDE, 0x47, 0xDB, 0x56, 0xF8, 0x38, 0x50, 0x65, 0x1D, 0x47, 0x79,
    0xCB, 0xCC, 0x26, 0x8A, 0xBF, 0xEF, 0x71, 0xCD, 0x0C, 0x9B, 0xCA, 0x9A, 0xC1, 0x45, 0xDE, 0xB3,
    0x11, 0x00, 0x60, 0x2E, 0x72, 0xAA, 0x06, 0xEC, 0xC2, 0x79, 0xBB, 0xFB, 0x50, 0x64, 0xB9, 0xFA,
    0x92, 0xBB, 0x72, 0x43, 0xFA, 0xF1, 0xAE, 0x18, 0xD1, 0xBB, 0x62, 0x46, 0x91, 0xFD, 0x1D, 0x33,
    0xE6, 0xB7, 0xB3, 0xAF, 0xBC, 0x7E, 0xCF, 0xA4, 0xA2, 0xBE, 0x76, 0xCF, 0x7C, 0xBE, 0x62, 0xA4,
    0xF4, 0xCA, 0xA7, 0x23, 0xDF, 0x33, 0x69, 0xCA, 0xF5, 0x31, 0xB2, 0x1C, 0xEF, 0x8A, 0x46, 0xEE,
    0x7B, 0xFD, 0x5F, 0x99, 0x5C, 0x78, 0x90, 0xFD, 0xEC, 0x4B, 0xEE, 0x4A, 0x25, 0x22, 0x41, 0x11,
    0xAE, 0xDE, 0xBE, 0x7D, 0x1B, 0x1E, 0xE2, 0x24, 0x96, 0x3F, 0x48, 0x3B, 0x74, 0x3B, 0xEC, 0x1F,
    0xB0, 0xBF, 0xC3, 0x93, 0x77, 0x4C, 0xF2, 0xD2, 0x64, 0xAB, 0xB3, 0x6E, 0x3E, 0x67, 0x79, 0xDC,
    0x96, 0x7F, 0xFE, 0xFC, 0xB6, 0x5B, 0xE1, 0x2C, 0xCE, 0xFC, 0x9C, 0x42, 0xC2, 0x24, 0x6F, 0xC8,
    0x5A, 0x3D, 0x6C, 0xA3, 0x57, 0x29, 0xE0, 0x00, 0x93, 0x36, 0xFF, 0xAC, 0xA4, 0x9D, 0x4B, 0x6B,
    0x1E, 0x52, 0x4A, 0xD8, 0x3D, 0x8B, 0xCC, 0x63, 0x2E, 0x75, 0x2E, 0x81, 0xBC, 0xC5, 0x24, 0x3D,
    0xB2, 0x34, 0x7B, 0xDC, 0x54, 0x5A, 0x13, 0xB6, 0x73, 0xAD, 0x0F, 0x13, 0x0E, 0x81, 0x29, 0x1C,
    0x8E, 0x36, 0x7C, 0x55, 0x9B, 0x61, 0x86, 0x39, 0x76, 0x98, 0xC7, 0x62, 0x98, 0xCB, 0xE9, 0x62,
    0xBA, 0xEC, 0x16, 0xD3, 0x4B, 0x30, 0xE5, 0xFF, 0xB7, 0xB7, 0x00, 0xFE, 0x4C, 0x84, 0x4C, 0x46,
    0x78, 0x19, 0x1C, 0x85, 0xA2, 0x7A, 0x16, 0xF3, 0x35, 0xCE, 0x9F, 0x28, 0x15, 0x5E, 0x61, 0x15,
    0xDC, 0x5D, 0x8C, 0xE0, 0xFA, 0x37, 0xC6, 0x9F, 0xB2, 0x64, 0xC9, 0x9C, 0x2B, 0xE4, 0xB5, 0xC7,
    0xB7, 0x74, 0x1C, 0x7E, 0xA7, 0x5B, 0xB6, 0x57, 0xE1, 0xA6, 0xED, 0x8B, 0xFE, 0xE8, 0xF0, 0xDD,
    0x43, 0xCE, 0xED, 0xE6, 0x43, 0x0A, 0x61, 0xD7, 0xC5, 0x27, 0x59, 0x93, 0x4C, 0x9B, 0x48, 0x4A,
    0xD3, 0xEE, 0xDB, 0x58, 0x3E, 0x0E, 0xF9, 0x29, 0xC0, 0x15, 0x6A, 0x0E, 0xF2, 0x86, 0x2A, 0x4B,
    0x68, 0x4F, 0xE4, 0x6D, 0x85, 0xE9, 0x8B, 0x80, 0x36, 0xC6, 0xE0, 0xA3, 0xF6, 0x83, 0xF6, 0x45,
    0x71, 0xA3, 0x47, 0xFB, 0xE4, 0x20, 0x8B, 0x00, 0x70, 0x53, 0xE7, 0xDA, 0x0E, 0x3A, 0x8A, 0x8E,
    0x2C, 0x71, 0xF4, 0x04, 0x1B, 0xF9, 0x71, 0x87, 0x0F, 0xE8, 0x20, 0xCA, 0x5D, 0x94, 0x87, 0x28,
    0x93, 0xD2, 0xB6, 0x97, 0x46, 0xE6, 0xB1, 0x1A, 0xE9, 0xEB, 0xE5, 0xC8, 0x77, 0x8C, 0x8C, 0x3C,
    0xB0, 0xBF, 0x02, 0x3A, 0xF7, 0x57, 0x60, 0xD2, 0x9B, 0x05, 0xD8, 0x66, 0x67, 0xA4, 0x0B, 0x4F,
    0x46, 0x16, 0x46, 0x24, 0xB1, 0xAB, 0x64, 0x01, 0x05, 0x24, 0xA5, 0x6D, 0x95, 0x5C, 0xD1, 0xC3,
    0x0C, 0xD0, 0xE1, 0x06, 0x4C, 0xA2, 0xDA, 0xC1, 0x36, 0xBC, 0xB5, 0x83, 0x0B, 0xB0, 0x43, 0x81,
    0x72, 0x17, 0xE5, 0x02, 0x65, 0x52, 0xDA, 0xF6, 0x6E, 0xCD, 0x4E, 0xFE, 0x4B, 0x69, 0xD9, 0xF1,
    0x7F, 0xF9, 0x4F, 0x1D, 0x3B, 0xEF, 0xC0, 0x21, 0x3B, 0x3B, 0x4A, 0x7A, 0x78, 0x82, 0x49, 0x7A,
    0xD8, 0x46, 0x0F, 0x17, 0xF0, 0x35, 0x05, 0x4C, 0x61, 0x17, 0xD3, 0xC1, 0x01, 0x79, 0x03, 0x1D,
    0x5E, 0x3B, 0x5B, 0x69, 0x3E, 0x04, 0x53, 0x53, 0x4A, 0xC0, 0x45, 0x76, 0x5D, 0x83, 0x07, 0xCD,
    0x72, 0xA2, 0xAE, 0xE1, 0x00, 0xC8, 0x23, 0x1D, 0x5C, 0x5E, 0xD6, 0x59, 0x0B, 0x4E, 0x6A, 0x1B,
    0x81, 0xBC, 0xF1, 0x01, 0x2D, 0xBC, 0xE0, 0xA6, 0xBA, 0xDD, 0x2C, 0x41, 0x96, 0x0E, 0xF3, 0xC4,
    0xF1, 0xDE, 0xBF, 0x27, 0x9F, 0x98, 0xCB, 0xF7, 0x9B, 0x9D, 0x84, 0xB9, 0x39, 0xBE, 0x99, 0x09,
    0xF0, 0x24, 0x75, 0xEF, 0xD8, 0xA8, 0xEE, 0xC0, 0xD5, 0xEA, 0x3A, 0x2F, 0xA2, 0xF3, 0xD4, 0x61,
    0x23, 0x24, 0xF0, 0x01, 0x75, 0x05, 0xA8, 0x03, 0x15, 0x03, 0x9F, 0xD6, 0xE6, 0x1A, 0xCE, 0x36,
    0x53, 0x6F, 0x3B, 0xDA, 0x45, 0x28, 0x02, 0x2C, 0x21, 0x1B, 0xC0, 0xB5, 0xEB, 0x97, 0x15, 0xB0,
    0xAB, 0x76, 0xF6, 0x3C, 0x37, 0x14, 0x9F, 0x3E, 0x0E, 0x4E, 0x24, 0x9A, 0x65, 0x0F, 0xBE, 0x01,
    0xF2, 0x04, 0x98, 0x1E, 0x60, 0xAA, 0x28, 0x78, 0x66, 0xBB, 0xA2, 0x38, 0x56, 0x08, 0x60, 0x44,
    0x65, 0x3F, 0x53, 0xDD, 0xFF, 0x54, 0xE1, 0x8F, 0x5A, 0xF0, 0x3F, 0xD5, 0x8C, 0x6F, 0x74, 0x50,
    0xD1, 0xAB, 0xD2, 0x02, 0x16, 0x4C, 0x61, 0x50, 0xC5, 0x93, 0xDB, 0xF3, 0x5A, 0xDB, 0x32, 0xD8,
    0x11, 0x31, 0x6F, 0x70, 0x8D, 0x8F, 0xD8, 0x54, 0x04, 0xB2, 0x54, 0xAA, 0x72, 0xC5, 0xBA, 0xED,
    0x39, 0x1A, 0x80, 0x09, 0xD8, 0x8E, 0x75, 0x11, 0xF8, 0x08, 0x54, 0x00, 0x87, 0xDF, 0x7A, 0x56,
    0xAA, 0x96, 0xA9, 0x50, 0xAE, 0x42, 0xC5, 0x4F, 0x12, 0xEC, 0xB2, 0xF8, 0x96, 0xB3, 0x72, 0xCD,
    0x6B, 0x50, 0x9D, 0xBE, 0x0D, 0x7F, 0x37, 0x1F, 0xE0, 0x17, 0x2E, 0x7D, 0xCB, 0x09, 0xBD, 0xCA,
    0x03, 0x28, 0xDE, 0xEF, 0xC0, 0xDF, 0x48, 0x00, 0x7C, 0xCB, 0x09, 0xF1, 0x23, 0x20, 0x93, 0x00,
    0xF9, 0x4F, 0xE3, 0x08, 0xD3, 0x8C, 0x78, 0x7F, 0x84, 0xFD, 0x75, 0x04, 0xE4, 0x85, 0xE6, 0xC2,
    0xF8, 0x68, 0xBF, 0x09, 0x3A, 0xA1, 0x87, 0x7C, 0xED, 0xFC, 0x47, 0x09, 0xA0, 0x50, 0x31, 0x28,
    0xAD, 0x3A, 0x26, 0x6B, 0xB7, 0x58, 0xBB, 0x5E, 0x1D, 0x59, 0x52, 0x87, 0x4D, 0x56, 0x24, 0xE1,
    0x1A, 0x75, 0xF8, 0x68, 0x3F, 0x7F, 0xF4, 0x80, 0xF2, 0x5F, 0xFE, 0x3A, 0x01, 0x95, 0x0E, 0xC1,
    0x7C, 0xED, 0x06, 0x6C, 0xD2, 0x3C, 0xD4, 0xA9, 0xA9, 0xCB, 0x5B, 0x75, 0x68, 0xA6, 0x4F, 0x6F,
    0xDF, 0x2A, 0x82, 0x26, 0xA3, 0x89, 0xAA, 0x83, 0xBF, 0xF9, 0x10, 0x9C, 0x48, 0xC3, 0x7C, 0x84,
    0x91, 0xFA, 0x72, 0xB4, 0xFD, 0x33, 0xCD, 0x58, 0x04, 0xA0, 0xAC, 0x81, 0x8A, 0xE7, 0x41, 0x43,
    0x34, 0x78, 0x33, 0xCD, 0x25, 0xC0, 0x0E, 0x80, 0x91, 0xFB, 0xDF, 0x8D, 0x9A, 0x67, 0xD4, 0xFA,
    0x03, 0xBC, 0x59, 0x03, 0x6F, 0x03, 0x54, 0x11, 0xB0, 0x2D, 0x60, 0x12, 0xF0, 0x17, 0x2D, 0x18,
    0x8D, 0xE0, 0x16, 0xE4, 0x09, 0xB2, 0x1E, 0x18, 0x36, 0x0A, 0x2E, 0x00, 0xC0, 0xFA, 0xA6, 0xA2,
    0xEF, 0x83, 0xDA, 0x00, 0xFC, 0x0E, 0xD3, 0x18, 0x35, 0x56, 0x8F, 0x1E, 0xF1, 0xBC, 0xB8, 0xD3,
    0xDF, 0xBA, 0x1E, 0x66, 0x00, 0xDB, 0x81, 0x6B, 0xA0, 0xA8, 0x61, 0x97, 0x17, 0xA3, 0x5B, 0x01,
    0x12, 0xC9, 0x7E, 0xD3, 0xE2, 0xFE, 0xAD, 0xA7, 0x64, 0xF2, 0x42, 0x74, 0xF3, 0x70, 0x0F, 0x1F,
    0x07, 0x5C, 0xEC, 0x31, 0xBC, 0x98, 0x5A, 0x8F, 0xA1, 0xAA, 0xF1, 0x11, 0xDB, 0x42, 0x07, 0x00,
    0x5C, 0xD5, 0xF3, 0xF5, 0xDE, 0xE7, 0x3A, 0xF8, 0x0D, 0x8E, 0xA5, 0xE8, 0x74, 0xCA, 0x40, 0x05,
    0x03, 0x26, 0x61, 0xE3, 0x45, 0x5E, 0xD9, 0x0C, 0xD8, 0x15, 0xFE, 0xB3, 0x50, 0xE5, 0xCD, 0xA1,
    0xE9, 0x00, 0xE0, 0xD2, 0xED, 0xBA, 0x92, 0xE6, 0x8D, 0x55, 0xA0, 0xE7, 0x1B, 0x1C, 0xA5, 0xC4,
    0x71, 0xFA, 0xB5, 0x2C, 0x56, 0xB6, 0x9D, 0xD8, 0xF6, 0x15, 0xB8, 0xC0, 0xCB, 0x72, 0xFB, 0x16,
    0x9B, 0x2E, 0x57, 0x4A, 0xC0, 0x26, 0x33, 0x4F, 0x23, 0xC9, 0x07, 0x25, 0xA7, 0x4A, 0xE6, 0x4A,
    0xAA, 0x5A, 0x59, 0x04, 0xA5, 0x8F, 0x7F, 0xF0, 0xF4, 0xD6, 0xC8, 0x4A, 0x56, 0x67, 0x5C, 0x8F,
    0x6F, 0x63, 0xCA, 0x5A, 0x59, 0xA1, 0x3C, 0x56, 0x9A, 0x41, 0xE9, 0x3A, 0xEC, 0xD3, 0x1F, 0x4A,
    0xA3, 0x8A, 0x2B, 0x94, 0xF7, 0xD1, 0xE0, 0xF7, 0x40, 0xBA, 0x27, 0x64, 0xFF, 0x2D, 0xFA, 0xBE,
    0x94, 0x91, 0xED, 0x76, 0x0B, 0x4C, 0x2D, 0x60, 0x5B, 0xA9, 0x15, 0x51, 0xD1, 0x8E, 0xF8, 0x4D,
    0x37, 0xA2, 0x1F, 0x14, 0xC7, 0x8A, 0xAA, 0x1E, 0x51, 0xC4, 0x11, 0xAE, 0x1D, 0x61, 0xBB, 0x11,
    0x66, 0x18, 0xC1, 0xB1, 0xA2, 0x52, 0x14, 0x1F, 0x8D, 0x70, 0x1F, 0x8F, 0xB0, 0xFF, 0x3B, 0xC2,
    0xAC, 0x46, 0x20, 0x8A, 0x4A, 0x51, 0x2A, 0x7C, 0x4B, 0xD6, 0x03, 0x30, 0x28, 0xA8, 0x14, 0xF8,
    0xA0, 0xB4, 0x0D, 0x5F, 0xD8, 0xEE, 0x6A, 0x01, 0x5E, 0xA4, 0x86, 0xA5, 0x48, 0x22, 0x5B, 0x91,
    0x0F, 0xE4, 0x1D, 0xAC, 0xF0, 0x0D, 0x54, 0xF8, 0x08, 0x45, 0x28, 0x6B, 0xF4, 0x66, 0xB1, 0x21,
    0xAE, 0xD9, 0x32, 0xDF, 0xF2, 0x6C, 0x7C, 0x1D, 0x5F, 0x04, 0xE5, 0xFA, 0x3B, 0x19, 0xD7, 0xC2,
    0x1C, 0xDB, 0x63, 0x4E, 0xF5, 0x43, 0xB3, 0xD0, 0xA4, 0x45, 0x1A, 0xC8, 0x65, 0x05, 0x70, 0x49,
    0x01, 0xC7, 0x0A, 0x33, 0x28, 0x6D, 0x52, 0xBA, 0xA8, 0x2C, 0x78, 0xD9, 0x33, 0x2F, 0xA2, 0xB2,
    0x6A, 0x95, 0xAB, 0x0E, 0x4D, 0xFF, 0x08, 0xF0, 0xA1, 0xA8, 0x5F, 0xEE, 0xCC, 0xB3, 0x3E, 0x8B,
    0xE0, 0xE4, 0x1F, 0x74, 0xE2, 0x07, 0x02, 0x5C, 0x1B, 0xC3, 0x5F, 0xF2, 0x9C, 0x9B, 0xB7, 0x00,
    0x9B, 0x66, 0xCA, 0x76, 0x17, 0x00, 0x5E, 0xEE, 0x9C, 0xFF, 0x18, 0xC2, 0x02, 0xDB, 0xAA, 0xAA,
    0xEA, 0xD8, 0x34, 0x80, 0x24, 0xA8, 0x22, 0xCC, 0x23, 0x46, 0x12, 0xF6, 0x7F, 0x06, 0xF4, 0x9C,
    0xC6, 0x8C, 0xB1, 0x8D, 0xCE, 0xD9, 0x56, 0x73, 0x0D, 0xAD, 0x66, 0x8E, 0x56, 0x33, 0x6C, 0xAB,
    0xB1, 0x5A, 0x0D, 0x5E, 0xB4, 0x9A, 0x52, 0xAB, 0x61, 0xA2, 0xD7, 0x60, 0x50, 0x66, 0x49, 0xB3,
    0xCE, 0x1B, 0xA5, 0x0F, 0x5A, 0x47, 0x85, 0x72, 0x8A, 0x8E, 0xF4, 0x5A, 0xCD, 0xF7, 0x93, 0x56,
    0xF3, 0x8F, 0x51, 0xF3, 0xFA, 0x55, 0xAD, 0xD5, 0x08, 0x5A, 0xCD, 0xA0, 0xD5, 0x64, 0x5A, 0x0D,
    0x56, 0xB4, 0x1A, 0xF7, 0x4B, 0xAD, 0x26, 0xAB, 0xB5, 0x1A, 0x8A, 0x08, 0xF8, 0xE6, 0xAC, 0x4D,
    0x07, 0xC5, 0xEE, 0x17, 0xD7, 0xC6, 0x37, 0x27, 0x7A, 0xFE, 0x02, 0x51, 0x8D, 0x68, 0xCB, 0x1A,
    0xD7, 0xF8, 0x86, 0x22, 0xE6, 0x27, 0x66, 0xA9, 0x8B, 0xD6, 0x53, 0x28, 0xA5, 0x05, 0x6E, 0x01,
    0xE4, 0x09, 0xF0, 0x11, 0x28, 0x6B, 0x60, 0x0A, 0xD0, 0xBD, 0x14, 0xA9, 0x99, 0x01, 0xB0, 0x02,
    0xFA, 0xA8, 0x85, 0x32, 0x6F, 0xE1, 0x90, 0xEE, 0x65, 0x48, 0xED, 0x9A, 0x69, 0xA0, 0xB2, 0x09,
    0x4A, 0xDB, 0x02, 0xD4, 0x2F, 0x43, 0x56, 0xF8, 0x06, 0x28, 0x03, 0x30, 0x03, 0xE8, 0x81, 0xAC,
    0xE5, 0x8B, 0x0F, 0xD8, 0xA3, 0x4D, 0xEF, 0x16, 0xA1, 0x08, 0xEB, 0xBE, 0x9E, 0x91, 0xB7, 0x0C,
    0xD8, 0x64, 0x7A, 0x4C, 0xAF, 0x65, 0x0D, 0x79, 0x83, 0xB6, 0x06, 0x94, 0x65, 0x0D, 0x5E, 0x00,
    0x77, 0x0A, 0xD8, 0x1E, 0xC8, 0xBA, 0xAF, 0x8E, 0x5B, 0xE7, 0x16, 0x7F, 0xA0, 0x79, 0xAF, 0x17,
    0x93, 0x7B, 0xCD, 0x40, 0x9E, 0x54, 0x7A, 0x20, 0xEB, 0x36, 0xB6, 0x79, 0xED, 0xDB, 0xE1, 0xD2,
    0x32, 0x8A, 0xAC, 0x10, 0xD1, 0xF4, 0x38, 0x67, 0x3C, 0xEE, 0xC1, 0x89, 0x04, 0x8A, 0x4F, 0xF7,
    0x5A, 0x2A, 0x6C, 0x62, 0xA2, 0xAA, 0x53, 0xB2, 0x34, 0xC2, 0x2A, 0x7C, 0x1C, 0x31, 0xAF, 0x47,
    0x0C, 0x30, 0xCD, 0xD2, 0x19, 0xFA, 0x11, 0x88, 0xA2, 0x6A, 0x47, 0xB8, 0x7E, 0x04, 0x2B, 0x45,
    0xA5, 0x28, 0xEB, 0x11, 0x85, 0xA2, 0x64, 0xFA, 0xFB, 0xCC, 0x99, 0x7A, 0x39, 0x65, 0xEA, 0x24,
    0x01, 0x57, 0x81, 0x01, 0x98, 0xA3, 0x81, 0xE0, 0x22, 0x98, 0xC4, 0xD9, 0x36, 0x3F, 0x21, 0xD7,
    0x15, 0xF5, 0x27, 0x45, 0x63, 0x34, 0x0D, 0x35, 0xB2, 0xB5, 0xED, 0x49, 0x72, 0x22, 0xA9, 0x6C,
    0xB2, 0x54, 0x91, 0x25, 0x4D, 0xF3, 0x68, 0xB4, 0x29, 0x2E, 0x55, 0xF5, 0x3C, 0x95, 0x72, 0x92,
    0x72, 0x69, 0x12, 0x57, 0x00, 0x2A, 0xE0, 0x18, 0x4C, 0x0F, 0xB6, 0x05, 0x17, 0x2E, 0x5E, 0xC3,
    0x37, 0x50, 0x26, 0x38, 0x1E, 0x30, 0x5D, 0x45, 0xDE, 0xB8, 0x78, 0xE1, 0x1A, 0xA7, 0x34, 0x56,
    0x3E, 0x8E, 0xEE, 0x5F, 0x25, 0x7A, 0x8E, 0x2F, 0xBE, 0x86, 0x07, 0xAF, 0x91, 0x75, 0x25, 0x26,
    0x95, 0x00, 0x17, 0x7F, 0xFD, 0xCB, 0x35, 0x54, 0x1D, 0xEC, 0xEF, 0xC0, 0x2F, 0xAE, 0xAF, 0x6D,
    0xB2, 0x80, 0xA2, 0xBD, 0x78, 0x2D, 0x00, 0x30, 0xCB, 0x3E, 0x93, 0x80, 0x17, 0x29, 0x24, 0xE1,
    0xEE, 0xEF, 0xC9, 0x0F, 0x06, 0xC0, 0x0D, 0xCC, 0x80, 0xBC, 0xA3, 0x42, 0x15, 0x28, 0x37, 0xAE,
    0xE6, 0xB1, 0x8C, 0x5B, 0xED, 0x94, 0x52, 0x97, 0x8D, 0x6D, 0x61, 0xDD, 0x12, 0x30, 0x25, 0x57,
    0x77, 0x84, 0xEB, 0x80, 0x29, 0x7E, 0x00, 0xAA, 0x7A, 0x36, 0xAF, 0xBF, 0x47, 0x29, 0x7D, 0x29,
    0x2B, 0x46, 0xF9, 0x5C, 0x7A, 0x34, 0x83, 0xAB, 0x00, 0x40, 0xB9, 0xAA, 0x8D, 0x16, 0x74, 0x72,
    0xA7, 0xF6, 0xCD, 0xF9, 0x9F, 0x0A, 0x67, 0x1B, 0x9B, 0x9C, 0xFF, 0xA9, 0x30, 0x58, 0x91, 0xB0,
    0xFE, 0xA9, 0xB0, 0x01, 0x17, 0xC0, 0x27, 0x60, 0x01, 0x1C, 0xC0, 0x77, 0x7A, 0x98, 0xA7, 0xB5,
    0xCE, 0x29, 0x30, 0x07, 0x8A, 0x00, 0x79, 0xF3, 0x6C, 0x13, 0x95, 0x27, 0x18, 0xD5, 0xEF, 0x8A,
    0x76, 0xFD, 0xED, 0xB6, 0xE9, 0x2B, 0x18, 0x26, 0x30, 0x54, 0x22, 0xC3, 0x7C, 0xB4, 0x2F, 0xEA,
    0xFB, 0xA8, 0xFA, 0xE6, 0x49, 0x26, 0xD2, 0xB1, 0x27, 0x2D, 0xDC, 0x44, 0x2B, 0x85, 0x63, 0x60,
    0xDB, 0x44, 0x17, 0xAE, 0xE1, 0x5B, 0x28, 0x3B, 0x98, 0x0D, 0x98, 0xBE, 0xC4, 0x6A, 0x13, 0x5D,
    0xB4, 0xC6, 0x83, 0x57, 0x31, 0xDD, 0x38, 0xBB, 0x2B, 0x00, 0x2E, 0xBC, 0x86, 0xAA, 0xF6, 0x31,
    0x6F, 0x4D, 0xC7, 0x01, 0x80, 0xE9, 0xBE, 0x6C, 0xB7, 0x5D, 0x9E, 0x7C, 0xAC, 0xD6, 0xE1, 0x4C,
    0xBF, 0x74, 0xE7, 0x18, 0x23, 0x75, 0xFE, 0xEB, 0xC6, 0xFF, 0x24, 0xED, 0x6E, 0x66, 0xC1, 0xF4,
    0x6B, 0x1F, 0xCF, 0xFE, 0xBE, 0xB9, 0xCE, 0xF5, 0x6B, 0x1F, 0xFC, 0x21, 0x37, 0xA1, 0x7A, 0x3F,
    0x41, 0x21, 0x0D, 0x58, 0x01, 0x0A, 0xC5, 0xF2, 0x83, 0x08, 0xFB, 0x79, 0x0B, 0x64, 0x1D, 0xC0,
    0x00, 0x6F, 0x7C, 0x72, 0x80, 0x11, 0x99, 0xE1, 0x3E, 0xDF, 0x13, 0x7C, 0x34, 0x42, 0x09, 0x73,
    0x2A, 0xA8, 0x98, 0x40, 0xC9, 0x4C, 0x31, 0xD9, 0xA0, 0xA2, 0x82, 0x09, 0x45, 0x60, 0x81, 0x6F,
    0xF3, 0x1E, 0x2B, 0xD2, 0xA2, 0xFD, 0x00, 0x46, 0xED, 0xC4, 0x34, 0x56, 0x7E, 0x16, 0xDD, 0x1D,
    0x09, 0xAF, 0x71, 0x0C, 0x00, 0xC0, 0xFE, 0x1B, 0x2B, 0x0E, 0x96, 0xD2, 0xCC, 0x9F, 0x7E, 0x90,
    0xE6, 0x21, 0xEB, 0xE6, 0xD0, 0xCF, 0x60, 0x50, 0x9B, 0x7E, 0x45, 0x63, 0x0E, 0x50, 0xD6, 0x80,
    0x8F, 0x80, 0x4D, 0xE7, 0xBF, 0x42, 0x2F, 0x57, 0x68, 0x39, 0x0D, 0x63, 0x6B, 0x77, 0x5A, 0xCE,
    0xA0, 0x13, 0xA6, 0x9B, 0x72, 0x9E, 0x53, 0x53, 0xA5, 0x71, 0x33, 0x7C, 0x64, 0xC0, 0x75, 0x79,
    0x4F, 0xF6, 0x6C, 0x61, 0x50, 0x44, 0xA0, 0x02, 0x38, 0x02, 0x4C, 0x07, 0xD8, 0xE6, 0x05, 0x89,
    0xE7, 0x09, 0x36, 0x1F, 0x6D, 0xC7, 0xC0, 0xA2, 0x08, 0x64, 0xAD, 0x6D, 0x5E, 0x8C, 0xF8, 0x8C,
    0x1F, 0x63, 0xE4, 0xBF, 0x12, 0xF6, 0x3F, 0xA4, 0xC1, 0x86, 0xBD, 0xF0, 0x62, 0x74, 0xEF, 0xE5,
    0x23, 0x07, 0x1F, 0x61, 0xE1, 0x03, 0xBC, 0x6E, 0x78, 0x31, 0xBA, 0x00, 0xAE, 0x01, 0xDF, 0xAE,
    0xBD, 0x0E, 0x9E, 0xFF, 0x11, 0x1E, 0x00, 0xB2, 0x7A, 0x1B, 0x9B, 0x37, 0x00, 0x00, 0xAF, 0x43,
    0x79, 0xBA, 0xAB, 0xE9, 0x0D, 0x6C, 0xD2, 0xB3, 0x9A, 0x9E, 0x3F, 0x55, 0x75, 0xCD, 0x6C, 0xAA,
    0xE8, 0x4B, 0x66, 0x59, 0x2A, 0x99, 0xE4, 0xCD, 0x08, 0x1F, 0x2A, 0xAA, 0x4A, 0x03, 0x06, 0x4D,
    0xAF, 0xDB, 0xA4, 0x87, 0xD3, 0xF4, 0x0A, 0x4D, 0xEF, 0xD5, 0xB3, 0x4C, 0xCC, 0x00, 0x1C, 0x9F,
    0xAD, 0xD0, 0x9E, 0x59, 0x0C, 0x1F, 0x40, 0x77, 0x04, 0xFD, 0x57, 0x33, 0xD3, 0x4F, 0xC9, 0xFA,
    0x39, 0xB6, 0xAF, 0x42, 0xD1, 0x17, 0x72, 0xDA, 0x5B, 0x49, 0x87, 0x5C, 0x02, 0x98, 0x03, 0xA7,
    0xDB, 0x15, 0x9A, 0xAF, 0x2F, 0x5E, 0xC3, 0x37, 0x50, 0xAD, 0x57, 0x68, 0x59, 0x37, 0x21, 0x8F,
    0x2E, 0x5C, 0xB8, 0x46, 0x7B, 0x8D, 0xF5, 0xDA, 0xA4, 0x04, 0x5E, 0xB9, 0xF0, 0x1A, 0xB6, 0x0F,
    0xE1, 0x01, 0x6C, 0x82, 0x6D, 0x09, 0x2C, 0x60, 0x32, 0x85, 0x69, 0x05, 0x43, 0x09, 0x7D, 0x11,
    0xB2, 0x4E, 0x1F, 0x64, 0x79, 0x93, 0xB7, 0xB6, 0x75, 0x31, 0x4B, 0x3E, 0x9A, 0xAE, 0xA8, 0xF5,
    0x2C, 0x07, 0x93, 0x75, 0x74, 0xB9, 0x80, 0xA2, 0x07, 0x9F, 0x20, 0x57, 0x6B, 0xC0, 0x47, 0xF0,
    0x01, 0x4A, 0x54, 0x8A, 0xE5, 0x30, 0xDA, 0x66, 0x9D, 0x31, 0x7D, 0x9E, 0x15, 0xA7, 0x4C, 0x97,
    0x12, 0xB7, 0x1F, 0xBB, 0x0C, 0x33, 0x58, 0x8C, 0x36, 0x9D, 0xB2, 0xB5, 0xD9, 0xDA, 0x16, 0x7A,
    0x7E, 0x8C, 0xEB, 0xE7, 0xAD, 0x4B, 0x53, 0x91, 0x66, 0x5A, 0xAE, 0x98, 0x72, 0xF3, 0xF9, 0x7F,
    0xA2, 0xA0, 0x0F, 0xEF, 0xBE, 0xAC, 0xE9, 0x0A, 0x80, 0x17, 0x5A, 0xFB, 0xFF, 0x01, 0xCD, 0x9B,
    0x01, 0x84, 0x25, 0x49, 0x9E, 0xFF, 0x3F, 0x99, 0xB1, 0xD5, 0x89, 0xF4, 0x9F, 0x58, 0x4C, 0xFD,
    0x87, 0x69, 0x3B, 0x01, 0x87, 0x73, 0x66, 0x3A, 0x01, 0x86, 0xEB, 0x7A, 0x11, 0x6B, 0xB8, 0xC5,
    0xE1, 0x0A, 0x55, 0x7B, 0xDC, 0x60, 0x0E, 0x07, 0x06, 0xD3, 0xB0, 0x98, 0xA5, 0xF2, 0x65, 0xBA,
    0x05, 0x80, 0xE6, 0x1C, 0x07, 0xDC, 0x61, 0x71, 0x53, 0x8B, 0x6D, 0x0C, 0x1A, 0x55, 0xF5, 0xE2,
    0x2C, 0x0E, 0x07, 0x71, 0x77, 0xDC, 0x01, 0x26, 0xDD, 0xCD, 0xC2, 0x2D, 0x26, 0xEE, 0x26, 0xFB,
    0x3A, 0x6B, 0x36, 0xDF, 0x8B, 0x8B, 0x90, 0xAF, 0xAA, 0x5F, 0xB5, 0x9E, 0xDE, 0xEE, 0xF6, 0xA6,
    0xBA, 0x7E, 0x15, 0xDF, 0x4F, 0x3C, 0x19, 0xF1, 0xA2, 0xF3, 0xFB, 0xCB, 0x94, 0x99, 0xF1, 0x22,
    0x1B, 0x00, 0xAA, 0x30, 0x4C, 0xD8, 0x8C, 0x37, 0x01, 0xCE, 0x00, 0x02, 0x90, 0x05, 0x03, 0xE2,
    0x2B, 0x1B, 0xF1, 0xEF, 0x11, 0xE5, 0xAF, 0x3A, 0x90, 0x3F, 0xF3, 0xA0, 0x7E, 0xD8, 0x83, 0x66,
    0x80, 0x19, 0x27, 0xC4, 0x52, 0xC3, 0x88, 0x26, 0x3B, 0x3F, 0x6C, 0x4C, 0x1E, 0x42, 0x68, 0x45,
    0x84, 0x2D, 0x1C, 0xA5, 0x93, 0x16, 0xE1, 0x55, 0x4B, 0xEE, 0x2B, 0xC8, 0x06, 0x0D, 0x8C, 0x35,
    0x70, 0x3A, 0x02, 0x33, 0x80, 0xD8, 0xD7, 0x24, 0x71, 0x11, 0xCD, 0x39, 0x45, 0x1C, 0xA3, 0xF8,
    0x52, 0xB9, 0x0C, 0xE1, 0x21, 0x29, 0x9F, 0x74, 0x2F, 0xF8, 0x32, 0x04, 0x5F, 0xB9, 0xDC, 0x6B,
    0x72, 0x5F, 0x23, 0xFC, 0x69, 0x54, 0x4D, 0xE9, 0xB5, 0x69, 0x7C, 0x15, 0xCE, 0x7D, 0x11, 0x9C,
    0x9F, 0x9C, 0x00, 0xDC, 0xE5, 0x7D, 0xB8, 0x93, 0x76, 0x58, 0x86, 0x0E, 0xF2, 0x60, 0x6E, 0x80,
    0x63, 0x5B, 0xB4, 0x79, 0xA7, 0x20, 0xAC, 0xA0, 0xEA, 0xD9, 0xBE, 0xF3, 0xD7, 0x62, 0xEB, 0x53,
    0x20, 0xF3, 0x80, 0x70, 0x09, 0xF6, 0xF2, 0x53, 0x00, 0x38, 0xDB, 0x9E, 0xC3, 0xBC, 0x83, 0xA2,
    0x05, 0x09, 0xA8, 0xB5, 0xE4, 0x08, 0xF9, 0x00, 0x2C, 0x59, 0x7F, 0x28, 0x3A, 0x40, 0xB6, 0xC0,
    0x1D, 0xAE, 0xC4, 0x9F, 0xFD, 0x1C, 0xCA, 0x10, 0x1C, 0x4D, 0x44, 0xCC, 0xCD, 0x2D, 0x2B, 0x06,
    0xA0, 0xEC, 0x00, 0x69, 0x01, 0xD5, 0x02, 0x95, 0x01, 0x34, 0xCF, 0x43, 0xEA, 0x32, 0x75, 0x96,
    0x16, 0x28, 0x3D, 0x20, 0x46, 0x20, 0x0B, 0xF7, 0xFF, 0xBF, 0x45, 0x87, 0x60, 0x49, 0x6E, 0x61,
    0xC7, 0x00, 0x3A, 0xE2, 0x2C, 0xE5, 0x0E, 0x44, 0x07, 0x65, 0xCB, 0x65, 0x54, 0x2B, 0x93, 0xA5,
    0xB4, 0x9C, 0x7F, 0x68, 0xA4, 0x9B, 0x06, 0xD6, 0x4C, 0x9A, 0x01, 0xF3, 0xB5, 0x66, 0x80, 0x66,
    0x6A, 0x57, 0x16, 0xCA, 0xFE, 0x56, 0x3A, 0x42, 0x2D, 0x4D, 0x30, 0x64, 0xFB, 0x80, 0x6E, 0x81,
    0x85, 0x83, 0xEC, 0xB7, 0x1E, 0x0A, 0x37, 0x82, 0x34, 0xD5, 0x4D, 0xB0, 0x2F, 0x3B, 0xA8, 0x7A,
    0x98, 0x8F, 0x64, 0xBD, 0x46, 0xB8, 0xD2, 0x6E, 0xDF, 0x3E, 0x00, 0x8A, 0x75, 0x9F, 0x09, 0x3B,
    0x37, 0xE3, 0xE8, 0x03, 0x85, 0x85, 0xD2, 0x4D, 0xCA, 0x0C, 0x5B, 0xB7, 0xAF, 0x50, 0x50, 0xB8,
    0x13, 0xC8, 0xFF, 0xB7, 0x5F, 0x9F, 0x07, 0xE8, 0xF6, 0x06, 0xD8, 0x2F, 0x6C, 0x61, 0xB3, 0xBE,
    0x82, 0xD3, 0x53, 0xA8, 0x7A, 0x90, 0xDD, 0xD6, 0xED, 0x0B, 0x27, 0x1C, 0x0C, 0xAA, 0x85, 0xD9,
    0x1C, 0x50, 0xC3, 0xB4, 0x5B, 0x1B, 0x71, 0x78, 0x08, 0x84, 0xB0, 0x4A, 0x08, 0x1D, 0x23, 0x1F,
    0x8D, 0x11, 0x59, 0x88, 0x40, 0x9B, 0x08, 0x65, 0x23, 0xA4, 0x8B, 0x28, 0xBA, 0x08, 0xE1, 0x9F,
    0x8D, 0xA9, 0xB5, 0x4C, 0xFD, 0xA4, 0x8D, 0xA8, 0xDA, 0x88, 0x05, 0x23, 0xF9, 0x92, 0xE5, 0xE1,
    0xA2, 0x4F, 0xC3, 0xB7, 0x11, 0x5F, 0x02, 0xB0, 0x27, 0x0D, 0x30, 0x53, 0x24, 0x56, 0x24, 0xEE,
    0x91, 0xF8, 0x3E, 0x89, 0xDF, 0x27, 0x11, 0x68, 0xFA, 0xC8, 0x3C, 0x84, 0xC8, 0xF2, 0xD1, 0xED,
    0x15, 0x28, 0x9B, 0x47, 0x56, 0x86, 0x48, 0x0D, 0x67, 0x89, 0xCC, 0x61, 0x96, 0x0A, 0xF3, 0x0D,
    0x4E, 0x65, 0x6A, 0x9D, 0x7A, 0x2A, 0xCB, 0x0A, 0x64, 0x57, 0x44, 0x8A, 0x34, 0x26, 0x2C, 0x86,
    0x3B, 0x40, 0x66, 0x00, 0x0E, 0x0F, 0x20, 0x6D, 0x1F, 0x48, 0x0C, 0x2D, 0xC2, 0x67, 0x8D, 0x8F,
    0xA4, 0x18, 0x13, 0x59, 0x26, 0xD2, 0x24, 0xA2, 0x4D, 0xA2, 0x6A, 0x13, 0xA5, 0x7D, 0xEB, 0xD1,
    0x41, 0xA4, 0x0E, 0xAB, 0x4B, 0x4E, 0xDB, 0x9F, 0xF4, 0xA9, 0x4C, 0xA2, 0x26, 0xF1, 0x2C, 0x31,
    0x1B, 0x13, 0xCB, 0x1E, 0xF1, 0xE8, 0xC7, 0xC1, 0x21, 0xD2, 0x21, 0x48, 0xBC, 0x0F, 0xC0, 0x94,
    0x8C, 0x35, 0x64, 0x08, 0x7E, 0x02, 0xCC, 0xD7, 0xDB, 0xEE, 0x7D, 0x39, 0x9B, 0xF2, 0x52, 0x9E,
    0x7F, 0xB4, 0x9A, 0xB2, 0x92, 0x92, 0x32, 0x39, 0x4D, 0xA6, 0x27, 0xFF, 0xF3, 0x4B, 0xCC, 0x22,
    0xA6, 0x86, 0xD4, 0x65, 0xCA, 0x85, 0xF4, 0xC5, 0x6A, 0x9D, 0x89, 0xC5, 0x10, 0x31, 0xE5, 0x01,
    0x64, 0x18, 0x93, 0x36, 0xCE, 0x91, 0x43, 0x52, 0x46, 0x92, 0x46, 0xE0, 0x5B, 0x94, 0xFA, 0x24,
    0xB1, 0x3A, 0x3E, 0xE6, 0x79, 0xFD, 0x96, 0x1B, 0xE3, 0x01, 0x88, 0x58, 0x27, 0x71, 0x11, 0xD5,
    0x39, 0xE9, 0xF4, 0x2F, 0x7A, 0xD5, 0xA5, 0x24, 0x56, 0x26, 0x1B, 0x34, 0x8C, 0xB3, 0x28, 0x1D,
    0xC2, 0xD8, 0x44, 0x3D, 0x7D, 0xFA, 0x4B, 0x0B, 0x65, 0x9F, 0x7D, 0x9E, 0x87, 0xD0, 0x73, 0x2F,
    0x74, 0xB0, 0x0F, 0xC0, 0x3B, 0xBC, 0x87, 0x34, 0x27, 0x14, 0xA1, 0x27, 0x0B, 0xED, 0xF5, 0x79,
    0xB2, 0xA2, 0xCD, 0xBF, 0x54, 0x66, 0xE3, 0x81, 0x66, 0xEB, 0xDE, 0xB8, 0x03, 0xE8, 0xB5, 0xBE,
    0xC7, 0xB5, 0x79, 0x9B, 0xAE, 0xDA, 0xDD, 0xC5, 0x55, 0x7B, 0xDB, 0xDE, 0xBE, 0xE3, 0xFD, 0xBF,
    0x0B, 0x78, 0xC8, 0x3A, 0x10, 0x2E, 0xAA, 0x83, 0x2C, 0x18, 0x68, 0xB6, 0xE5, 0xC1, 0xC3, 0x87,
    0x16, 0x24, 0xB0, 0x07, 0xDC, 0x5D, 0xD7, 0x95, 0x87, 0xB2, 0xBB, 0xC3, 0x1D, 0xA4, 0x1D, 0x11,
    0x8F, 0x3D, 0x04, 0x0B, 0x8D, 0xB9, 0x96, 0xE3, 0x26, 0x9E, 0x7B, 0xBB, 0xD9, 0xD6, 0x39, 0x29,
    0x1D, 0xA0, 0x3D, 0x70, 0x36, 0x42, 0xDE, 0xCF, 0xA0, 0xB0, 0x65, 0xCB, 0x46, 0xBC, 0xFD, 0x19,
    0x14, 0x21, 0x0C, 0x54, 0x71, 0x54, 0x42, 0x9B, 0x7D, 0x2E, 0x46, 0xA0, 0xF4, 0xCF, 0xBF, 0xDB,
    0x12, 0x96, 0x9A, 0x2C, 0x81, 0xE3, 0x04, 0xEA, 0xD4, 0xA5, 0x4E, 0x9D, 0x6B, 0x69, 0x23, 0x4A,
    0x1F, 0x21, 0xC6, 0x08, 0xC2, 0xFD, 0x9D, 0x53, 0x74, 0x08, 0x4B, 0x6E, 0xA5, 0x1B, 0x0E, 0x3B,
    0xFB, 0x50, 0x78, 0x90, 0x03, 0xE8, 0x33, 0x18, 0x95, 0x11, 0x5D, 0xE1, 0xB8, 0x88, 0xA6, 0x7F,
    0x2F, 0x5D, 0x4B, 0xD3, 0xA5, 0x54, 0xDA, 0x7C, 0x95, 0x2E, 0xA4, 0x1A, 0xE6, 0xB3, 0x49, 0xB3,
    0xF9, 0x5A, 0xE9, 0x73, 0xDA, 0x1E, 0x75, 0x96, 0xAE, 0x9F, 0xE9, 0x4E, 0x22, 0x42, 0x98, 0xA7,
    0x8B, 0x27, 0x99, 0x99, 0x01, 0x7B, 0x40, 0x0D, 0x8C, 0xFF, 0x8F, 0x62, 0x48, 0x97, 0xEC, 0x32,
    0x84, 0x96, 0xDD, 0x03, 0xA6, 0x10, 0x6D, 0x61, 0x10, 0x9D, 0x22, 0x39, 0x01, 0x9A, 0x9E, 0x1B,
    0x90, 0x1A, 0x20, 0x77, 0xC2, 0xD2, 0xDF, 0x6E, 0x59, 0x04, 0x50, 0x03, 0xD7, 0x9F, 0x1A, 0x0A,
    0x0B, 0x48, 0x77, 0x61, 0x35, 0xE3, 0x86, 0xA4, 0x06, 0xE1, 0xA0, 0xF0, 0x20, 0x3A, 0xC0, 0x5C,
    0x67, 0x6A, 0x5E, 0xAF, 0xEF, 0xC9, 0x39, 0x85, 0x05, 0xCA, 0x16, 0x90, 0x00, 0x3F, 0x00, 0xF8,
    0x1C, 0xF0, 0x90, 0x77, 0x53, 0x9F, 0xD2, 0x5E, 0x6F, 0x56, 0x84, 0x07, 0xE4, 0x08, 0x54, 0x0D,
    0x70, 0x2A, 0x5B, 0x32, 0x2F, 0x3A, 0x9E, 0xC4, 0x01, 0x64, 0x66, 0x84, 0xD2, 0xBE, 0x28, 0x42,
    0x8C, 0x09, 0xF1, 0xAA, 0xFA, 0xCB, 0x69, 0xDB, 0x4B, 0x81, 0xB3, 0xCB, 0x9F, 0x15, 0x7E, 0xE3,
    0x40, 0xFE, 0xA5, 0x87, 0x3D, 0x8E, 0xD8, 0x8C, 0xFA, 0x05, 0x70, 0x7B, 0x15, 0xB1, 0x08, 0x8E,
    0xE6, 0xD1, 0x47, 0x9E, 0xA6, 0xCD, 0x7B, 0x1A, 0x18, 0x98, 0xC3, 0x38, 0xA1, 0x7E, 0x59, 0x64,
    0xFB, 0xB0, 0x83, 0xF0, 0x50, 0x5D, 0xE1, 0x2F, 0xBE, 0x39, 0x3E, 0x5E, 0xFC, 0x7D, 0x48, 0x31,
    0x4E, 0x9F, 0x9F, 0xEA, 0x93, 0x98, 0x5A, 0x2F, 0x98, 0xFA, 0x4C, 0xDB, 0x5F, 0x91, 0x85, 0x83,
    0x0D, 0x2C, 0x42, 0x98, 0x70, 0xA5, 0x61, 0xD7, 0x50, 0xFC, 0x4B, 0x18, 0x28, 0xBE, 0x08, 0x2B,
    0x8A, 0x15, 0x0D, 0x45, 0x8F, 0x6A, 0x0B, 0x8F, 0x6C, 0x8B, 0x0E, 0x69, 0x0B, 0xF7, 0xB2, 0x28,
    0xBB, 0x92, 0x6A, 0xF5, 0x0E, 0x7B, 0xCD, 0x92, 0x9F, 0x14, 0x3D, 0x17, 0x91, 0x1D, 0xEE, 0x23,
    0x43, 0xCF, 0xAD, 0xF0, 0x77, 0x30, 0x63, 0x2B, 0x2A, 0x83, 0x27, 0x8D, 0x59, 0xBA, 0x37, 0xF4,
    0xF2, 0xBD, 0x9F, 0x36, 0xE3, 0x83, 0xC2, 0x33, 0x45, 0xFD, 0xF2, 0x05, 0x9A, 0xE0, 0x63, 0x01,
    0x80, 0x9D, 0x43, 0xA3, 0x83, 0xBB, 0xBD, 0x6A, 0x19, 0x78, 0x85, 0x52, 0x05, 0xAB, 0xC3, 0x94,
    0xF8, 0x2E, 0x16, 0x00, 0xC8, 0xFA, 0x97, 0x2E, 0xC0, 0x4F, 0x78, 0xB0, 0x77, 0xAB, 0x8B, 0x03,
    0x16, 0x2B, 0xB6, 0xBB, 0x6F, 0x1E, 0xFF, 0xD3, 0xC2, 0xE9, 0x60, 0xCB, 0x15, 0xAF, 0xBC, 0x87,
    0xBB, 0x87, 0x84, 0x60, 0xEE, 0x7D, 0x83, 0xE8, 0x5E, 0xA5, 0x2C, 0x42, 0xFA, 0x3A, 0x77, 0xC1,
    0x93, 0x77, 0x08, 0x97, 0x36, 0x66, 0xC1, 0xD0, 0x00, 0xC2, 0x95, 0x5D, 0xE1, 0x32, 0x03, 0x50,
    0xB8, 0xDF, 0xF9, 0xD7, 0x2A, 0xF6, 0xB8, 0x1B, 0xA5, 0x7D, 0xD9, 0x01, 0xC2, 0x51, 0x78, 0x84,
    0x07, 0x03, 0x00, 0xDB, 0xD9, 0xD9, 0xFA, 0xE9, 0x88, 0xA3, 0xBE, 0x19, 0xB7, 0x9F, 0xC6, 0x71,
    0x4F, 0x45, 0xB7, 0x1D, 0x2D, 0x02, 0xA7, 0x69, 0x4C, 0xE0, 0x04, 0x18, 0x21, 0x1B, 0xC9, 0x7F,
    0xD1, 0x23, 0x42, 0x47, 0xBE, 0x32, 0xC0, 0x1E, 0x7B, 0x67, 0xCC, 0x6B, 0xE6, 0x6F, 0xF2, 0x26,
    0x00, 0xD4, 0xEC, 0xD5, 0xD4, 0x2F, 0x55, 0xB8, 0x52, 0x46, 0x16, 0xB1, 0x78, 0x76, 0x0D, 0xCA,
    0x82, 0xEE, 0x60, 0x35, 0x20, 0x7C, 0x8D, 0x6C, 0x95, 0xE1, 0x22, 0x76, 0x00, 0xD9, 0x7E, 0x77,
    0x52, 0x51, 0xDA, 0xF0, 0x71, 0x80, 0x66, 0x8C, 0x72, 0xC0, 0x19, 0x59, 0x30, 0xC5, 0x6F, 0x5C,
    0xBC, 0xDC, 0x3F, 0xB9, 0xD8, 0xD7, 0xAF, 0x5E, 0xD6, 0x76, 0x87, 0xB5, 0xDD, 0x03, 0xD8, 0x65,
    0x84, 0x65, 0x84, 0xE8, 0x23, 0xA4, 0x8B, 0xA8, 0xDA, 0x88, 0x33, 0x18, 0xB3, 0x21, 0xA2, 0xF0,
    0x11, 0xCA, 0x46, 0x68, 0x22, 0x96, 0x40, 0x08, 0x24, 0xB4, 0xB0, 0x92, 0xEE, 0xA2, 0x4B, 0x3E,
    0x46, 0xB0, 0x4A, 0xD0, 0x26, 0x42, 0xD9, 0x88, 0xD2, 0x47, 0x88, 0xE1, 0xE2, 0xDF, 0xA0, 0x61,
    0x23, 0xA6, 0x5B, 0x7F, 0x82, 0x34, 0x80, 0x02, 0x78, 0x17, 0xA8, 0x9F, 0xAB, 0xC2, 0xD5, 0xA8,
    0xB6, 0xA6, 0xA1, 0xCE, 0x46, 0xEA, 0xC2, 0x53, 0x2B, 0x4B, 0xAD, 0xA1, 0x5E, 0x42, 0x13, 0xA2,
    0xBE, 0x6A, 0x99, 0x97, 0x8E, 0x5A, 0xF4, 0x53, 0x1F, 0x16, 0x51, 0xBA, 0xAD, 0x91, 0xAE, 0xA6,
    0xF0, 0x5C, 0x84, 0x02, 0x2A, 0x60, 0x0F, 0x38, 0x02, 0x1E, 0x40, 0x4D, 0xE9, 0xE6, 0x28, 0x3B,
    0xA7, 0x61, 0xCE, 0xC8, 0x5C, 0xF4, 0xCC, 0xA5, 0x63, 0x5E, 0xB5, 0xD4, 0x0B, 0x98, 0x87, 0x34,
    0xBE, 0xA5, 0xF9, 0xE3, 0x6E, 0x6A, 0x63, 0x64, 0xEA, 0x5B, 0xB5, 0x73, 0xA4, 0x9B, 0x53, 0xF8,
    0x94, 0x09, 0xE1, 0x41, 0x3A, 0x50, 0x06, 0xF6, 0x78, 0x12, 0xBB, 0x80, 0xDE, 0xA6, 0x8E, 0x8F,
    0xEF, 0xEB, 0x10, 0xBA, 0x24, 0xD1, 0x17, 0x5E, 0x5A, 0xCD, 0x11, 0x00, 0xF5, 0x4B, 0xFE, 0x1D,
    0x00, 0xE3, 0xF6, 0x94, 0x66, 0x8F, 0xE6, 0xCA, 0xAC, 0x1E, 0xA6, 0x74, 0x54, 0x1B, 0x13, 0xD7,
    0x07, 0x2F, 0xBF, 0x9F, 0x00, 0x9A, 0x19, 0x47, 0x3C, 0xC4, 0x73, 0xC0, 0x0E, 0x23, 0xCA, 0x44,
    0x31, 0x72, 0x27, 0xEA, 0x6E, 0xD4, 0xEF, 0x6D, 0x65, 0xAF, 0x6B, 0x69, 0x6A, 0x45, 0x5D, 0x51,
    0xEF, 0x51, 0xBF, 0x4F, 0xFD, 0x7D, 0x6A, 0x5E, 0xA1, 0xBC, 0x78, 0x66, 0x33, 0xCF, 0x98, 0x0F,
    0xB1, 0xEE, 0x19, 0xD9, 0x7F, 0xB1, 0x7D, 0xE4, 0x19, 0x7F, 0x7B, 0x75, 0x53, 0xCF, 0xEA, 0x37,
    0x9F, 0xD5, 0x96, 0xED, 0x83, 0xF0, 0xBF, 0x4B, 0x0F, 0x11, 0x8F, 0x47, 0x44, 0xE8, 0x10, 0x2B,
    0x50, 0x1E, 0x9A, 0xA8, 0x3F, 0x7C, 0x56, 0xDF, 0x6F, 0x8E, 0x3F, 0x13, 0x21, 0xAC, 0x92, 0x32,
    0x4F, 0xFE, 0x9C, 0xF2, 0x5B, 0x9B, 0x07, 0x9B, 0x2F, 0x51, 0x3D, 0xDA, 0xF3, 0x07, 0xDF, 0xDE,
    0x13, 0xA4, 0x03, 0xAA, 0x16, 0x98, 0x03, 0x0C, 0x40, 0xDE, 0xF1, 0xF4, 0x03, 0x78, 0x00, 0xD1,
    0x05, 0x93, 0x60, 0x13, 0xBA, 0x88, 0xC7, 0x7D, 0xC4, 0x30, 0x26, 0x9C, 0x25, 0x68, 0x13, 0xA1,
    0x6C, 0x44, 0xD9, 0x45, 0x88, 0x3E, 0x22, 0x1B, 0x23, 0x38, 0x4B, 0xD0, 0x09, 0xEA, 0x57, 0x11,
    0xE5, 0xBF, 0x46, 0x88, 0xAF, 0x23, 0xB2, 0x55, 0x04, 0x21, 0x41, 0x27, 0x54, 0x09, 0xB2, 0x83,
    0x06, 0x58, 0x3E, 0x59, 0x4D, 0x92, 0x86, 0x8B, 0xF8, 0xF4, 0xF6, 0x8A, 0xA3, 0x45, 0x70, 0xE9,
    0x99, 0x3A, 0x3D, 0x52, 0x37, 0x30, 0xCC, 0x61, 0x4C, 0xAA, 0x5F, 0x50, 0xAF, 0xC3, 0xD2, 0x46,
    0x8C, 0x00, 0x3D, 0x90, 0x79, 0x20, 0x77, 0x80, 0x68, 0xB7, 0xE7, 0x8E, 0x29, 0xA6, 0xCC, 0x15,
    0x16, 0xCA, 0x16, 0x24, 0xF0, 0x03, 0xC8, 0x7C, 0xE6, 0xA1, 0x2E, 0x2D, 0x54, 0xF7, 0x0C, 0x94,
    0x4B, 0x40, 0x0C, 0xAF, 0xF9, 0x78, 0x17, 0x6D, 0xD9, 0xE6, 0x5E, 0xC3, 0xE9, 0x08, 0xDA, 0x83,
    0x74, 0x5B, 0x3D, 0xDE, 0x3B, 0x00, 0xD5, 0xD5, 0xE9, 0xF5, 0x0C, 0xA0, 0x06, 0x38, 0xB9, 0x5B,
    0xAE, 0x4C, 0xBF, 0xD7, 0x84, 0x6E, 0x5F, 0x9F, 0x7F, 0xE8, 0xD1, 0x36, 0x1B, 0xA6, 0xFB, 0xAA,
    0x26, 0x62, 0xF6, 0x4A, 0x78, 0x66, 0x16, 0xFD, 0xD5, 0x2C, 0x36, 0x97, 0x59, 0x94, 0x36, 0xA2,
    0xF0, 0x11, 0x79, 0x1F, 0xC1, 0x98, 0xD0, 0x24, 0x54, 0x1F, 0x44, 0xC8, 0x94, 0xC5, 0x22, 0x25,
    0x30, 0x7F, 0x7C, 0x99, 0xC0, 0x66, 0x23, 0x81, 0x11, 0x45, 0x07, 0x88, 0x4B, 0x94, 0x0E, 0xDE,
    0x5E, 0x58, 0xA8, 0x02, 0xA0, 0xFA, 0xAD, 0xE5, 0x92, 0xAB, 0x1A, 0x20, 0x8B, 0x0A, 0x1E, 0x82,
    0x83, 0x5D, 0xD6, 0x51, 0x84, 0xB0, 0xE6, 0x53, 0xF1, 0xF1, 0x7D, 0x40, 0x86, 0x60, 0x60, 0x11,
    0x82, 0x27, 0x5F, 0x51, 0x8C, 0x14, 0x3D, 0xAC, 0x90, 0x0E, 0x34, 0xD2, 0x82, 0x6A, 0xA7, 0x5F,
    0x26, 0x35, 0x17, 0x2C, 0xDD, 0x13, 0x16, 0x6B, 0x6E, 0x6E, 0x9F, 0xFA, 0xAB, 0x36, 0x51, 0x26,
    0xDF, 0xA6, 0xEC, 0xA0, 0x41, 0x0C, 0x64, 0xCB, 0xB4, 0x6C, 0xA7, 0x06, 0xD0, 0x21, 0x38, 0x28,
    0xC2, 0x8A, 0x2B, 0x4B, 0xA7, 0x21, 0xD8, 0x09, 0x1B, 0x51, 0xAD, 0x20, 0x4B, 0xDD, 0xE3, 0xCA,
    0x5D, 0x8F, 0xB4, 0xD9, 0x48, 0x65, 0xA8, 0xD1, 0xA0, 0x99, 0xAD, 0x51, 0x31, 0x4F, 0x98, 0xAD,
    0xA1, 0xA7, 0xD6, 0xCA, 0x30, 0x4F, 0x2E, 0x46, 0xCA, 0xBE, 0x18, 0xC8, 0x43, 0xE8, 0xA0, 0x09,
    0xE6, 0xCA, 0x2F, 0xEC, 0x25, 0x92, 0xE4, 0xE1, 0x13, 0x20, 0x0F, 0x23, 0xC0, 0xA2, 0xE3, 0xE6,
    0x27, 0x2B, 0x73, 0xB9, 0x85, 0xBE, 0xB4, 0x6B, 0x4B, 0xA9, 0xE7, 0xF5, 0xA4, 0x6D, 0x54, 0xED,
    0xC5, 0xBB, 0x19, 0xA2, 0x3B, 0x01, 0x4A, 0xDB, 0x03, 0x6F, 0xE4, 0xEE, 0x86, 0xA7, 0xAD, 0xFA,
    0xC0, 0x83, 0x2E, 0x5D, 0xB2, 0x60, 0xC8, 0xFC, 0x0C, 0x84, 0xFD, 0xF4, 0xBA, 0xD2, 0xF6, 0xF1,
    0x5F, 0x1F, 0x1E, 0xEE, 0xA3, 0x42, 0x0C, 0xCF, 0x22, 0xA4, 0x2A, 0x5F, 0x51, 0x3A, 0x28, 0x7A,
    0x4A, 0x0B, 0xD2, 0xA5, 0x0A, 0x65, 0x53, 0x95, 0x86, 0x4B, 0x95, 0xE6, 0xE9, 0x2A, 0x04, 0x37,
    0x55, 0x5D, 0xAA, 0xFE, 0xEB, 0xF8, 0xFE, 0xD5, 0x2E, 0xEB, 0xEF, 0xA9, 0x76, 0x1A, 0x73, 0x1A,
    0xAC, 0xEC, 0x52, 0x85, 0x18, 0x52, 0x45, 0x4A, 0xD0, 0xAF, 0xE3, 0xBE, 0xE8, 0x69, 0x5F, 0x8A,
    0xA9, 0x62, 0x07, 0xAE, 0xAC, 0x5F, 0x54, 0x43, 0x4A, 0x45, 0x3B, 0x2D, 0x9A, 0xFF, 0xE7, 0xB9,
    0x72, 0x32, 0x3D, 0xCD, 0xA4, 0xB5, 0x0C, 0x82, 0xC9, 0x7A, 0x0D, 0x0D, 0x0C, 0x29, 0x01, 0x30,
    0xCE, 0x49, 0xC3, 0x6D, 0x56, 0xC0, 0xD4, 0xC6, 0xD4, 0x93, 0x0A, 0x16, 0x86, 0x94, 0xD4, 0x60,
    0x49, 0x49, 0xFA, 0x7A, 0xC8, 0x1E, 0xE4, 0x21, 0xD8, 0x10, 0x3C, 0xCD, 0x8A, 0x2A, 0x38, 0x32,
    0x03, 0xFB, 0xC0, 0x08, 0xA2, 0x87, 0xA2, 0x03, 0xD9, 0xC2, 0xEC, 0xEA, 0xEA, 0x7A, 0x08, 0xE7,
    0x4C, 0x2B, 0x3A, 0xF7, 0xDC, 0x48, 0xE1, 0x47, 0x44, 0x54, 0xDE, 0x4F, 0x12, 0x7E, 0x92, 0x72,
    0xAB, 0xE3, 0x60, 0x42, 0x18, 0x08, 0xC1, 0x33, 0x66, 0x23, 0x23, 0xA7, 0x51, 0x3A, 0xAA, 0x6A,
    0x47, 0xA4, 0x5D, 0x7F, 0xB7, 0x1F, 0x61, 0x8C, 0x3A, 0xA3, 0xF0, 0x48, 0x37, 0x1D, 0x71, 0x7A,
    0xA6, 0xF8, 0xB4, 0xEC, 0x8F, 0x9A, 0xBE, 0x5E, 0xFD, 0x79, 0xE3, 0x68, 0x0C, 0x0D, 0xCC, 0xA1,
    0x7E, 0x6E, 0xF9, 0x4E, 0xF7, 0x71, 0x1D, 0xD3, 0xE1, 0x4D, 0x32, 0xF0, 0x0E, 0xF0, 0x2E, 0x00,
    0xEF, 0xE4, 0x4B, 0xA5, 0x96, 0xAA, 0xF9, 0x1B, 0xD5, 0xA3, 0x1C, 0xCA, 0xA2, 0x5A, 0x94, 0x79,
    0x5E, 0x99, 0x42, 0x5A, 0xA4, 0x41, 0xC1, 0x7B, 0xF0, 0x3E, 0x28, 0x2A, 0x4A, 0x7B, 0x42, 0x7E,
    0xB1, 0xA8, 0xA6, 0xCD, 0xB5, 0x1C, 0x82, 0x87, 0x3C, 0xD4, 0xA2, 0x93, 0x5F, 0x58, 0x11, 0xC8,
    0xC6, 0x57, 0x3F, 0x04, 0x97, 0x2F, 0x42, 0xF1, 0x8C, 0x17, 0xA1, 0xDE, 0xFE, 0x39, 0x79, 0x08,
    0xDD, 0xF4, 0x1E, 0x58, 0x76, 0x5F, 0x03, 0x9B, 0xAA, 0x5A, 0x90, 0x3D, 0x14, 0xC1, 0x40, 0x18,
    0xA0, 0x4C, 0x1F, 0x9A, 0x34, 0x88, 0x87, 0x7C, 0x00, 0xD6, 0xCA, 0xA2, 0x84, 0x9F, 0x9B, 0x7B,
    0x5D, 0x13, 0x42, 0x5B, 0x85, 0x73, 0xD8, 0x05, 0xB2, 0xF5, 0xE9, 0x5B, 0x3E, 0x3D, 0x1B, 0x86,
    0x2C, 0x0C, 0xC8, 0x10, 0xD0, 0xF7, 0x3F, 0xA1, 0x86, 0x24, 0xE6, 0x80, 0x76, 0x20, 0x57, 0xA9,
    0xDD, 0xC3, 0xED, 0x25, 0xB0, 0x60, 0xFA, 0xB2, 0x6C, 0x53, 0xFD, 0x29, 0x0D, 0x4D, 0x58, 0x52,
    0x85, 0x0E, 0x0E, 0xB8, 0xFA, 0xA6, 0xD3, 0x50, 0x4D, 0x6F, 0x3A, 0x5D, 0x97, 0x3F, 0x0D, 0x04,
    0x8B, 0x78, 0xDC, 0x51, 0xFE, 0xC3, 0x40, 0xC5, 0x6C, 0xCB, 0xFE, 0xBE, 0x63, 0x0F, 0x0A, 0x78,
    0x07, 0xA8, 0x1C, 0xE4, 0x1E, 0x88, 0xFA, 0xA3, 0xF5, 0x79, 0x7E, 0xB8, 0x45, 0x1F, 0x9F, 0x00,
    0x77, 0x01, 0xDD, 0x82, 0x70, 0x90, 0x77, 0x50, 0x38, 0xF2, 0xD0, 0xC2, 0x01, 0x3C, 0x7B, 0x01,
    0xF9, 0x7A, 0x8E, 0xE1, 0xB4, 0x68, 0x3E, 0x6C, 0x2C, 0x9A, 0x6F, 0xFF, 0x1C, 0xDD, 0x8D, 0xAB,
    0xEF, 0x26, 0xDD, 0xE9, 0x6C, 0x82, 0x45, 0x78, 0x20, 0xFF, 0x6E, 0x41, 0x77, 0x39, 0x95, 0x1B,
    0x01, 0x66, 0x00, 0x0A, 0xF8, 0xDE, 0x1C, 0x50, 0x23, 0xB0, 0x63, 0x80, 0xFB, 0x64, 0x1D, 0x79,
    0x87, 0xE8, 0x50, 0xA1, 0x6F, 0x42, 0xFF, 0xD6, 0xA3, 0x7D, 0xD1, 0xF1, 0xBC, 0xE2, 0x11, 0x43,
    0xCA, 0x0D, 0xCD, 0xC0, 0x1B, 0x86, 0xF7, 0x40, 0xDB, 0xD4, 0x90, 0x79, 0x7E, 0xD4, 0x65, 0xC1,
    0x72, 0x40, 0xE6, 0x73, 0x0F, 0x27, 0xD2, 0x42, 0xD5, 0x00, 0x72, 0x04, 0x44, 0xCF, 0x65, 0xBC,
    0xA6, 0xA4, 0xD0, 0x4F, 0xCA, 0x3C, 0xF7, 0x73, 0x97, 0x75, 0xC2, 0xE6, 0x5D, 0x86, 0xE8, 0x48,
    0xE6, 0x69, 0xA2, 0xA2, 0x7D, 0x44, 0xC7, 0x8B, 0xC9, 0x47, 0x0D, 0xA4, 0x5C, 0x40, 0x93, 0x3E,
    0x98, 0x67, 0xDB, 0x7A, 0x2E, 0xB2, 0x3F, 0x3D, 0x3F, 0x98, 0x16, 0x62, 0x13, 0xA6, 0x6D, 0x2F,
    0x87, 0xE7, 0x1E, 0x43, 0x1D, 0xD2, 0x1A, 0xCF, 0x5B, 0xBF, 0xDE, 0xFF, 0xD6, 0x63, 0x98, 0x19,
    0x54, 0xFB, 0x6E, 0x72, 0x70, 0x04, 0x8F, 0x16, 0x3D, 0x38, 0xD5, 0x3D, 0xF5, 0xD6, 0xF6, 0xFE,
    0x0C, 0x84, 0xDF, 0x22, 0x74, 0x44, 0x57, 0x19, 0x4A, 0x27, 0x1D, 0xCA, 0x16, 0xE7, 0xD9, 0xC2,
    0xE4, 0x21, 0x2C, 0xA1, 0x0A, 0xDD, 0x7A, 0xD6, 0x7F, 0x9E, 0x39, 0x11, 0xFE, 0xCA, 0x96, 0x1F,
    0x86, 0xF6, 0x0D, 0xCE, 0xB8, 0x88, 0x23, 0xE8, 0x4F, 0x61, 0x78, 0x31, 0x65, 0x43, 0x4D, 0x3E,
    0x34, 0x88, 0x41, 0xB7, 0x6A, 0x50, 0x61, 0x39, 0x88, 0xE0, 0x1F, 0xB2, 0xC3, 0x14, 0x29, 0x3F,
    0x13, 0x5E, 0xBF, 0xE1, 0xA7, 0xDF, 0xCF, 0xDF, 0xBA, 0xD9, 0xB4, 0xB4, 0x06, 0x7B, 0xB7, 0x3C,
    0xA8, 0xE0, 0xA0, 0x58, 0x71, 0x53, 0x6C, 0xB7, 0x85, 0x11, 0x9D, 0x22, 0x4B, 0x2D, 0x4D, 0xCF,
    0xF6, 0xED, 0xFF, 0x05, 0x20, 0x02, 0x20, 0x7F, 0xD4, 0xC2, 0x1B, 0xC2, 0x82, 0x4C, 0x28, 0x7F,
    0x69, 0x20, 0x5F, 0xDE, 0x88, 0x44, 0xDC, 0x32, 0xA0, 0x7B, 0xF8, 0xFC, 0x2E, 0xF8, 0x77, 0xE1,
    0x41, 0xAC, 0xE7, 0x0F, 0x41, 0x75, 0xDB, 0x4F, 0x48, 0xE9, 0xC6, 0xF5, 0xAB, 0x04, 0xBA, 0x70,
    0x70, 0x24, 0x5B, 0xF0, 0x77, 0x6E, 0x44, 0x1A, 0xE6, 0xD2, 0x32, 0x2A, 0x93, 0xFB, 0x19, 0xC2,
    0x3D, 0x44, 0xFE, 0x70, 0xFB, 0xF6, 0xAF, 0xDD, 0x5B, 0x0F, 0xFC, 0xB8, 0x03, 0x84, 0x05, 0xCA,
    0xF6, 0x12, 0x16, 0x28, 0x96, 0x40, 0xB6, 0xDC, 0x86, 0xBB, 0x81, 0x9D, 0xAC, 0x83, 0xC2, 0x82,
    0x64, 0x2D, 0xB3, 0xF1, 0x1F, 0x36, 0x34, 0x53, 0x04, 0x0B, 0x90, 0x7E, 0xBF, 0x03, 0x48, 0x8F,
    0xAF, 0x00, 0x9B, 0x8F, 0xB0, 0x57, 0xCF, 0x84, 0x5D, 0xD8, 0x61, 0x0E, 0x0D, 0x28, 0xA3, 0x61,
    0x61, 0xA8, 0xD0, 0x10, 0xDA, 0x69, 0xCA, 0x1F, 0x2C, 0x73, 0x54, 0x9B, 0x3D, 0x76, 0x9C, 0x22,
    0x6D, 0xFE, 0x75, 0xC7, 0x18, 0x6B, 0xF1, 0x1F, 0x9E, 0x91, 0xD2, 0x15, 0xFF, 0xEC, 0xB3, 0x81,
    0xA2, 0x2B, 0xED, 0x90, 0xF7, 0x08, 0x2F, 0xED, 0x28, 0x7C, 0xAA, 0xCD, 0x49, 0xAC, 0xF3, 0x5E,
    0xB1, 0x57, 0x74, 0x30, 0x68, 0x66, 0xA5, 0x85, 0x71, 0x46, 0x25, 0x2D, 0x9C, 0xD4, 0xA8, 0x3F,
    0x69, 0xA1, 0x3E, 0x41, 0xFE, 0xAD, 0x81, 0xBD, 0x01, 0xF9, 0x05, 0x30, 0xEB, 0x29, 0xBE, 0x02,
    0x2A, 0x8F, 0x58, 0x01, 0x2A, 0xD6, 0x4B, 0x40, 0x76, 0xE4, 0x23, 0x20, 0x1D, 0x59, 0xAA, 0x29,
    0x3C, 0x00, 0x72, 0x00, 0x40, 0x9F, 0x01, 0xA4, 0x73, 0x0B, 0x98, 0xDE, 0xD3, 0xBB, 0x1A, 0x47,
    0x88, 0x8E, 0x8A, 0x39, 0xA5, 0x47, 0xA3, 0x91, 0x03, 0xB3, 0x54, 0x9D, 0x50, 0xA3, 0x4C, 0x75,
    0xC4, 0x09, 0xB2, 0x9D, 0xED, 0x91, 0xAC, 0xED, 0xCD, 0xE8, 0x29, 0xED, 0x51, 0x95, 0x7B, 0x0A,
    0x37, 0xCA, 0x0F, 0x3C, 0xA2, 0xEB, 0xE5, 0xCF, 0x3A, 0xC4, 0x7F, 0xFB, 0xF2, 0x1F, 0x1D, 0xF9,
    0xFF, 0xF8, 0xE2, 0x9F, 0x2C, 0x31, 0x25, 0xE2, 0x0B, 0x0B, 0x71, 0x0D, 0xE4, 0xAB, 0x16, 0x16,
    0x76, 0x7A, 0x25, 0xB4, 0x25, 0x00, 0x1A, 0x56, 0x80, 0xE8, 0x81, 0x72, 0x04, 0xD4, 0x02, 0xA8,
    0x93, 0xF7, 0x3E, 0xF7, 0x4F, 0xFF, 0x0A, 0x7E, 0x0A, 0xD2, 0x6A, 0x50, 0xAD, 0x6A, 0xD1, 0xC8,
    0x94, 0xF3, 0xA2, 0x63, 0x44, 0xA4, 0xEC, 0x66, 0x83, 0xF0, 0x30, 0x26, 0x57, 0x33, 0x69, 0xA1,
    0xAA, 0x0C, 0xC8, 0xC0, 0xE6, 0xAF, 0xEA, 0x79, 0xFF, 0x12, 0x28, 0x3B, 0x50, 0xD3, 0xD4, 0x8A,
    0xA7, 0xA6, 0x56, 0x27, 0x30, 0xAB, 0xA1, 0xD6, 0x30, 0x56, 0x30, 0xA8, 0x36, 0xEF, 0xA5, 0x15,
    0xBE, 0x70, 0x45, 0x27, 0xBA, 0xD2, 0xE6, 0x5E, 0xDA, 0xAC, 0x57, 0x26, 0xB5, 0x72, 0x34, 0x9B,
    0x7A, 0x57, 0x27, 0xA0, 0x06, 0x90, 0x1E, 0x8A, 0x24, 0xB7, 0x9E, 0xB9, 0xB7, 0x50, 0x01, 0x67,
    0xB0, 0x18, 0xA3, 0x3C, 0xEC, 0x02, 0xFC, 0xBE, 0x68, 0xE1, 0xB4, 0xB4, 0x70, 0x54, 0x44, 0x00,
    0xAF, 0x39, 0x21, 0xE8, 0x16, 0x1A, 0x60, 0x84, 0x3C, 0x19, 0xB0, 0x9B, 0x8F, 0xB3, 0x07, 0x4D,
    0x08, 0xCB, 0xA4, 0xF5, 0xC4, 0xD7, 0xAF, 0x33, 0x68, 0x41, 0x03, 0x67, 0xDF, 0xBA, 0x99, 0x8B,
    0x69, 0x72, 0x37, 0xE5, 0x43, 0x1B, 0x58, 0x1C, 0x1F, 0x7F, 0x16, 0x42, 0x58, 0x25, 0x71, 0xB9,
    0xAA, 0x6C, 0x41, 0x19, 0xB8, 0xCB, 0x65, 0xE8, 0x10, 0x68, 0x42, 0x30, 0xBB, 0x87, 0x0D, 0x70,
    0x7A, 0x31, 0xCD, 0x59, 0xCF, 0xB9, 0x5B, 0xD0, 0xC0, 0x08, 0x59, 0x0F, 0x62, 0x3D, 0x7E, 0x65,
    0x60, 0x0E, 0x84, 0x10, 0x4C, 0x12, 0x00, 0xC2, 0x4D, 0x3B, 0x50, 0x44, 0x65, 0xE6, 0x7A, 0x7C,
    0x01, 0xCC, 0x36, 0x5F, 0x34, 0xDF, 0xAE, 0x2F, 0xE1, 0x0A, 0x9B, 0x0D, 0xCA, 0x30, 0x3F, 0x05,
    0x35, 0x40, 0xE9, 0xAF, 0xC5, 0xD7, 0x1D, 0xF6, 0x90, 0x6D, 0x9A, 0x53, 0x76, 0xEB, 0x39, 0xE5,
    0x76, 0x7D, 0x65, 0x8B, 0x56, 0x06, 0x5B, 0xFD, 0x5B, 0xAB, 0x61, 0x06, 0xF5, 0xAB, 0x96, 0xFF,
    0x03, 0xE5, 0x9A, 0x01, 0xA4, 0x25, 0x59, 0x7A, 0xC7, 0x7F, 0x55, 0x95, 0x37, 0xC5, 0x96, 0x4D,
    0x35, 0xA6, 0x45, 0xA6, 0xED, 0x14, 0x40, 0x2C, 0xD3, 0x05, 0x41, 0xD0, 0xEF, 0x56, 0xED, 0x0E,
    0x81, 0x40, 0xA3, 0x9F, 0x20, 0x98, 0x20, 0x88, 0x20, 0x1D, 0x0C, 0x06, 0x7D, 0x6F, 0x55, 0xB2,
    0x80, 0xC0, 0x43, 0x02, 0x40, 0x30, 0xC8, 0x3E, 0xE8, 0x60, 0xD0, 0xE8, 0xF7, 0x6E, 0xC5, 0x60,
    0x01, 0x8A, 0x45, 0x10, 0x4C, 0x61, 0x44, 0x58, 0xEC, 0x21, 0x35, 0xB6, 0xDE, 0x3A, 0x75, 0xBF,
    0x9C, 0xF3, 0x9D, 0xBA, 0xD7, 0x7D, 0x7A, 0xA7, 0xD3, 0x6D, 0xBB, 0xA7, 0xDF, 0xCA, 0xE7, 0x9C,
    0xFF, 0xFF, 0x74, 0xBD, 0xAA, 0xEA, 0xFB, 0xFD, 0x4F, 0xD5, 0xA9, 0xFF, 0xA9, 0x53, 0x00, 0xAC,
    0x80, 0xBF, 0x39, 0xA7, 0x82, 0x5C, 0xA4, 0x5E, 0xC1, 0x56, 0xC4, 0x3C, 0x27, 0xDE, 0x91, 0xEE,
    0x26, 0xD2, 0x11, 0x64, 0x20, 0xEF, 0xA1, 0xAA, 0xC9, 0x3B, 0x28, 0x5A, 0xCA, 0x1A, 0xDF, 0xAC,
    0x38, 0x50, 0xD6, 0xBF, 0x0A, 0x2D, 0xC7, 0x15, 0xAD, 0x92, 0x2B, 0x7E, 0x4B, 0x36, 0x40, 0x03,
    0xC9, 0x44, 0x34, 0x43, 0x24, 0xE7, 0xF7, 0x26, 0xA0, 0x12, 0xE9, 0x81, 0x54, 0x76, 0x00, 0x9C,
    0xB0, 0xC4, 0x23, 0x00, 0x1B, 0xA0, 0xDC, 0x45, 0x63, 0x24, 0xF2, 0x73, 0x93, 0x5E, 0xFF, 0x85,
    0x74, 0x79, 0xC7, 0x8E, 0xB2, 0x66, 0x4D, 0x05, 0x15, 0xAB, 0x05, 0x4A, 0x36, 0x1E, 0x56, 0x0B,
    0x54, 0x54, 0x1E, 0x4A, 0xD8, 0x90, 0x77, 0x58, 0xB2, 0x31, 0x9D, 0x88, 0x45, 0x06, 0x68, 0xA4,
    0x86, 0xA8, 0x26, 0xC4, 0xFA, 0x7D, 0xE0, 0xE1, 0xE5, 0x0A, 0x12, 0x63, 0x15, 0x27, 0x8F, 0xBF,
    0x32, 0x1E, 0xA5, 0xF3, 0x78, 0x8D, 0x6E, 0xFF, 0xAD, 0xB0, 0x72, 0x38, 0xA8, 0x0E, 0xBD, 0x57,
    0xB9, 0xE8, 0x48, 0xAF, 0xA3, 0x6D, 0x4D, 0x24, 0x32, 0x03, 0xA5, 0x0C, 0x87, 0xB4, 0x81, 0xBB,
    0x8A, 0xD5, 0x82, 0x7F, 0x0D, 0x9F, 0xAF, 0xB9, 0x84, 0xC9, 0x7A, 0x14, 0xA3, 0xD8, 0xEA, 0x16,
    0x5E, 0x11, 0x23, 0x87, 0x6B, 0x62, 0x87, 0x0D, 0x89, 0xC3, 0xAA, 0x2D, 0x1C, 0x16, 0x32, 0x3B,
    0x4C, 0xC4, 0x3C, 0x3B, 0x16, 0x9F, 0x78, 0x88, 0x07, 0x42, 0x3C, 0xCF, 0x3B, 0x42, 0x54, 0x0D,
    0x4B, 0xE4, 0x96, 0x25, 0x92, 0x91, 0xDF, 0x18, 0x67, 0x67, 0x3E, 0x89, 0x33, 0x47, 0x22, 0x3B,
    0xED, 0x65, 0xC1, 0xD5, 0x21, 0xB4, 0x2C, 0x9F, 0x58, 0x80, 0x19, 0x4B, 0x24, 0x40, 0x34, 0x61,
    0xA1, 0xAA, 0x55, 0x29, 0x8B, 0x57, 0xC7, 0x8B, 0x64, 0x15, 0x29, 0x5A, 0x2C, 0xA4, 0x03, 0x54,
    0x60, 0x75, 0x1F, 0xE6, 0xA5, 0xA5, 0x79, 0x69, 0xCB, 0x97, 0xA5, 0x95, 0xF5, 0x4B, 0xCB, 0x1F,
    0xBA, 0x1C, 0x5B, 0xA1, 0xAD, 0xAC, 0xE7, 0x32, 0xB4, 0xF2, 0x2E, 0x9A, 0x42, 0xAB, 0x6C, 0x13,
    0x13, 0x5A, 0x5B, 0x3D, 0x14, 0x4B, 0x3C, 0xEB, 0x6F, 0x60, 0x3E, 0xDB, 0x8E, 0x54, 0x17, 0x17,
    0x17, 0x88, 0x48, 0x4B, 0x13, 0xF2, 0xF8, 0x9A, 0xD0, 0xD2, 0xC8, 0xEB, 0xBC, 0xD6, 0x74, 0x93,
    0x61, 0x1D, 0xB2, 0x8D, 0xAE, 0xA7, 0x90, 0x2C, 0xCD, 0xB0, 0xE4, 0x5A, 0x76, 0xFB, 0x54, 0xD9,
    0x67, 0x4A, 0x48, 0xB4, 0x10, 0xE9, 0x34, 0xCF, 0xA5, 0x91, 0x0E, 0x27, 0x67, 0x9F, 0x74, 0x4B,
    0x96, 0x25, 0x4B, 0x63, 0xB3, 0x6F, 0xD8, 0x43, 0xB2, 0x87, 0x5C, 0x97, 0x04, 0x55, 0xA5, 0xE5,
    0x26, 0xD4, 0xF4, 0xB8, 0x5C, 0xB2, 0x5B, 0x24, 0xDA, 0x92, 0x98, 0x25, 0xB7, 0xBC, 0x5B, 0x52,
    0x2B, 0x5A, 0x34, 0x33, 0xBD, 0x0F, 0x35, 0x31, 0xDF, 0x00, 0x4E, 0x79, 0xC6, 0x33, 0x60, 0x45,
    0x99, 0x18, 0xE5, 0xFC, 0xAB, 0x4E, 0x39, 0x11, 0x94, 0x99, 0x17, 0x86, 0x03, 0x37, 0xE3, 0x0A,
    0x91, 0x39, 0x16, 0x51, 0xCE, 0xBE, 0xB9, 0xB7, 0xE3, 0xEC, 0x6C, 0x2E, 0xBA, 0xD8, 0xCB, 0x32,
    0x95, 0x35, 0x8E, 0x13, 0x53, 0xC1, 0x15, 0x64, 0x5D, 0x05, 0x1B, 0x28, 0xDA, 0x95, 0x1E, 0x5F,
    0xB1, 0x51, 0xB6, 0x81, 0xE3, 0x11, 0xDD, 0x1E, 0xFA, 0x4E, 0xEF, 0x62, 0x3D, 0xAE, 0xAC, 0x29,
    0x3A, 0x76, 0x6C, 0x20, 0x1F, 0xD2, 0x9D, 0xCA, 0x20, 0xB2, 0x8A, 0xBD, 0xF4, 0xDB, 0xE9, 0xBE,
    0x72, 0x54, 0x1F, 0x06, 0x91, 0xF7, 0x2D, 0x60, 0xDF, 0x1E, 0xEC, 0x2E, 0x2E, 0x6A, 0xEB, 0x25,
    0x0C, 0x00, 0x70, 0x80, 0x78, 0x82, 0xF8, 0xA9, 0x81, 0x44, 0x7A, 0x88, 0x77, 0x1C, 0x7E, 0xD5,
    0xB3, 0x9B, 0x67, 0xB9, 0x73, 0xF3, 0xB8, 0x67, 0x6F, 0xF5, 0x57, 0x05, 0x98, 0x96, 0xDF, 0x17,
    0x89, 0xF1, 0xD0, 0x03, 0x67, 0xAC, 0x71, 0xE5, 0x74, 0xCD, 0x46, 0xCB, 0xFB, 0x6B, 0x0E, 0x5B,
    0xD6, 0xAF, 0x55, 0xB8, 0x51, 0x2C, 0x5B, 0x57, 0x0C, 0x77, 0xEB, 0x47, 0x10, 0xD5, 0x3C, 0x14,
    0x48, 0x86, 0x68, 0x94, 0x3A, 0x50, 0x17, 0x68, 0x50, 0xFA, 0xD5, 0xA8, 0x34, 0xD9, 0x40, 0x57,
    0x81, 0xAA, 0x5A, 0xA9, 0xE8, 0x94, 0xB2, 0x41, 0x29, 0x19, 0x95, 0x22, 0xAB, 0xC4, 0x55, 0xA0,
    0x2A, 0x50, 0xF1, 0xA5, 0x52, 0xF6, 0x73, 0xA5, 0xE4, 0x7F, 0x94, 0xA2, 0x9D, 0x12, 0x12, 0xA8,
    0x0A, 0x54, 0x06, 0xCA, 0x1D, 0x01, 0xB0, 0x50, 0x1C, 0x28, 0x31, 0x00, 0xDF, 0x7B, 0x3A, 0x00,
    0x64, 0xD2, 0x02, 0xA4, 0xD7, 0x2C, 0xA1, 0x19, 0x45, 0x46, 0x33, 0x4A, 0x42, 0x46, 0xB1, 0xD1,
    0x8C, 0x78, 0xA8, 0x19, 0x81, 0x66, 0x04, 0x21, 0x23, 0xA3, 0x19, 0xC5, 0x46, 0x33, 0x72, 0x54,
    0x74, 0x4A, 0xD9, 0xA0, 0x94, 0x8C, 0x4A, 0x91, 0x55, 0xE2, 0x2A, 0x50, 0xA5, 0xE4, 0x32, 0x52,
    0x72, 0x19, 0x39, 0x72, 0x19, 0x29, 0x45, 0x3B, 0x25, 0x24, 0x50, 0x15, 0xA8, 0x0C, 0x94, 0x3B,
    0x02, 0xE0, 0x65, 0x94, 0x18, 0x45, 0xE9, 0x95, 0x42, 0x7E, 0xD1, 0x23, 0x8E, 0x62, 0x52, 0xB4,
    0x47, 0x78, 0x87, 0xA3, 0xF8, 0xEC, 0xDE, 0x0E, 0xA6, 0x27, 0x5B, 0xE9, 0x99, 0x9A, 0x6F, 0x3E,
    0x31, 0x0E, 0xDB, 0x78, 0x74, 0x08, 0x13, 0xD3, 0x06, 0xEC, 0x1E, 0xD7, 0xBF, 0x05, 0x02, 0x7C,
    0x1B, 0x6A, 0x4F, 0x45, 0x62, 0x14, 0x35, 0x8F, 0x33, 0x38, 0xE5, 0x09, 0x14, 0x3F, 0x1E, 0x21,
    0xFD, 0xCF, 0x1E, 0x62, 0xA9, 0x81, 0x1D, 0x37, 0xE2, 0x7D, 0x80, 0x2B, 0x00, 0xD1, 0x63, 0x6B,
    0x48, 0x7E, 0xD9, 0x39, 0xF8, 0x0F, 0x07, 0xD9, 0x97, 0x03, 0xE4, 0x3F, 0x31, 0x50, 0xFC, 0x68,
    0x84, 0x8A, 0x09, 0x56, 0x3C, 0xC7, 0x15, 0xFD, 0x49, 0x15, 0xD1, 0xF5, 0x59, 0x53, 0xC7, 0x22,
    0xD2, 0x26, 0x0E, 0xBA, 0xB4, 0x27, 0xEB, 0xF3, 0x8E, 0xC4, 0x14, 0x2D, 0xB1, 0x29, 0x21, 0x9A,
    0x2A, 0xC0, 0xAE, 0x81, 0x4B, 0x0B, 0xAC, 0xD2, 0x2E, 0xED, 0xE2, 0xB1, 0x0C, 0xFF, 0xAC, 0x46,
    0xC8, 0x07, 0x0E, 0xD1, 0x5C, 0x93, 0x8A, 0xB4, 0xE9, 0xD7, 0x45, 0x1F, 0x91, 0x18, 0xB4, 0xC6,
    0xA1, 0x3E, 0x16, 0x93, 0x89, 0x98, 0xB2, 0x8F, 0x4D, 0x45, 0x6C, 0xD6, 0x24, 0xE6, 0x92, 0xC4,
    0x71, 0x66, 0xAA, 0xBA, 0x31, 0xA5, 0x5C, 0x9B, 0x54, 0x7A, 0xE3, 0x33, 0x9A, 0x18, 0x57, 0xE9,
    0x90, 0x7F, 0xD5, 0xA6, 0x42, 0x64, 0x09, 0x71, 0x72, 0x56, 0x57, 0xD2, 0xDF, 0xDB, 0xB5, 0x4C,
    0xBC, 0x7E, 0xA1, 0x94, 0xCE, 0x1D, 0xEE, 0x24, 0x75, 0x52, 0xA4, 0xBF, 0xE8, 0x63, 0x69, 0x0F,
    0x52, 0xB2, 0x7E, 0xED, 0xA2, 0xCF, 0x4C, 0x48, 0x86, 0x0D, 0xC0, 0xF5, 0xA4, 0xC9, 0x0F, 0x00,
    0x65, 0xC7, 0x8D, 0x50, 0xCB, 0x1A, 0x1C, 0x6B, 0x30, 0xAC, 0xEA, 0x57, 0xAD, 0xDA, 0xD5, 0x5D,
    0x70, 0xAB, 0x8B, 0x59, 0x0D, 0x9E, 0xB3, 0x62, 0x8F, 0x59, 0x7F, 0x40, 0xD2, 0x05, 0x8F, 0xB7,
    0x87, 0xFD, 0x83, 0x45, 0x0D, 0x0E, 0x35, 0x18, 0x54, 0xF5, 0xA7, 0xDE, 0x9E, 0x16, 0x53, 0x78,
    0x18, 0x1E, 0xCC, 0xE9, 0xC9, 0xC1, 0x18, 0xD9, 0xBC, 0x85, 0xAA, 0xD9, 0x3B, 0xA1, 0xD4, 0x70,
    0x1C, 0xE5, 0x0E, 0x22, 0x7F, 0xA0, 0xB3, 0xAB, 0xA3, 0xB7, 0x19, 0xF6, 0xD5, 0xED, 0x6A, 0xFD,
    0x52, 0xBB, 0xAA, 0x8F, 0xE4, 0x2A, 0x19, 0x08, 0x0F, 0xE3, 0x44, 0x80, 0xC8, 0x72, 0x14, 0xEA,
    0x65, 0xD5, 0x70, 0xBE, 0x41, 0x50, 0xEB, 0xAA, 0xCE, 0x55, 0x8D, 0xAB, 0xFA, 0xD6, 0x58, 0x64,
    0xDE, 0xBB, 0xD6, 0x47, 0x90, 0xB6, 0x59, 0x1B, 0x9B, 0x6A, 0xB9, 0xAE, 0x0D, 0xDA, 0x35, 0x4B,
    0x3C, 0x81, 0xF1, 0x12, 0xA6, 0x57, 0xAB, 0xD1, 0xE4, 0x5D, 0xAA, 0xEF, 0x07, 0xEF, 0x50, 0xBD,
    0x3F, 0x55, 0x77, 0x7A, 0x02, 0xFC, 0xF0, 0xE2, 0x5F, 0xA0, 0x12, 0xB3, 0xB4, 0x34, 0x7E, 0x8F,
    0x5A, 0x25, 0xF1, 0x60, 0xE0, 0x0F, 0xA3, 0xF6, 0xDD, 0x0A, 0x01, 0x6A, 0x47, 0x6A, 0x5F, 0x59,
    0x22, 0x1A, 0x3E, 0x24, 0xDC, 0xB6, 0xE5, 0x9B, 0x17, 0x85, 0x74, 0x60, 0x91, 0xBB, 0xAC, 0x81,
    0xE7, 0x00, 0xC3, 0x2D, 0x55, 0x06, 0x1A, 0x0E, 0x16, 0x3E, 0x6B, 0xE1, 0xE4, 0x6D, 0xAB, 0x83,
    0x4A, 0x32, 0x42, 0xF9, 0x67, 0xC3, 0xF2, 0xF8, 0x4E, 0x76, 0x00, 0xFF, 0x7A, 0x0B, 0x25, 0x7A,
    0xAF, 0x8E, 0x6B, 0xDD, 0xC7, 0xCE, 0xCB, 0xD3, 0xA1, 0x7F, 0xFB, 0x17, 0x50, 0x55, 0x03, 0x45,
    0x07, 0xA4, 0xC3, 0xC1, 0xFC, 0xFC, 0xD1, 0x2D, 0xBD, 0x80, 0xE2, 0x09, 0xB8, 0x04, 0x4A, 0x20,
    0xEB, 0x80, 0xFA, 0xAD, 0x5F, 0x40, 0xEF, 0xC9, 0xD7, 0x94, 0x22, 0xDC, 0x3F, 0xDB, 0x76, 0x90,
    0x0D, 0x90, 0x18, 0xD8, 0x4F, 0x1E, 0xB1, 0x8D, 0x88, 0xD6, 0xCD, 0xD9, 0x99, 0xDD, 0xC0, 0x54,
    0x11, 0x8F, 0x65, 0x9D, 0x98, 0xBC, 0x77, 0x79, 0x88, 0xD4, 0x6C, 0x27, 0x88, 0x80, 0x0F, 0x2E,
    0x3E, 0x87, 0x52, 0xA6, 0xA5, 0xA5, 0x71, 0xC2, 0x43, 0xEF, 0x52, 0x8C, 0x87, 0x11, 0xBE, 0xC7,
    0xF9, 0x3B, 0xF3, 0x26, 0xBF, 0x69, 0xE8, 0xC2, 0x6B, 0x3B, 0x56, 0x44, 0xA6, 0x7C, 0xC3, 0x3E,
    0x45, 0x3D, 0xC9, 0x43, 0xD5, 0x43, 0xE1, 0x46, 0xDA, 0x97, 0x87, 0xDC, 0x1F, 0x70, 0x7B, 0xF4,
    0x88, 0x96, 0x6B, 0x2E, 0xEF, 0x21, 0xED, 0xDE, 0xB8, 0x1E, 0x87, 0x88, 0x44, 0xBA, 0x03, 0xBD,
    0xF8, 0x66, 0xC5, 0xAB, 0xE6, 0x73, 0x98, 0x20, 0x0D, 0x94, 0x7F, 0x69, 0x00, 0x0A, 0x9F, 0x3F,
    0x94, 0x89, 0xD2, 0x2A, 0xD0, 0xF3, 0x40, 0x93, 0x52, 0x6C, 0x94, 0x12, 0x93, 0x88, 0x18, 0xB2,
    0x5E, 0x29, 0xEF, 0x92, 0x5F, 0xBB, 0xE7, 0x69, 0xF9, 0xCF, 0x7F, 0x6E, 0x50, 0xCB, 0xE3, 0xA9,
    0x09, 0x64, 0x97, 0x6B, 0x7D, 0x49, 0x4B, 0x29, 0x1D, 0x94, 0xBC, 0x78, 0xDF, 0x9C, 0x3D, 0x2A,
    0x5A, 0x12, 0x91, 0xA9, 0x42, 0x89, 0x7D, 0x88, 0xF4, 0x07, 0xBA, 0x19, 0xD1, 0x76, 0x8A, 0xA5,
    0x25, 0x17, 0x29, 0xC4, 0x90, 0x9D, 0x3F, 0x96, 0x3F, 0xB5, 0x40, 0x66, 0xD9, 0x00, 0xE9, 0x48,
    0xA5, 0xBF, 0x90, 0x72, 0xA1, 0x9A, 0xA7, 0xE2, 0xA2, 0xCE, 0x44, 0xA9, 0xEC, 0x93, 0x01, 0xA8,
    0xD0, 0x4C, 0xD6, 0xA4, 0x9E, 0x2E, 0xC9, 0x46, 0x60, 0x1D, 0xFC, 0x58, 0x55, 0x6F, 0x9A, 0xFA,
    0x03, 0x4A, 0x99, 0x4A, 0xD9, 0xE1, 0xE4, 0x4D, 0x65, 0xC2, 0x2B, 0x7C, 0x17, 0xE0, 0x83, 0x9F,
    0xA2, 0xC2, 0xE9, 0x65, 0x27, 0x16, 0xA4, 0x8D, 0xBE, 0x20, 0x99, 0x00, 0x32, 0x03, 0x9A, 0x19,
    0x50, 0xB4, 0xEC, 0x9F, 0xA9, 0x54, 0x1C, 0x63, 0x24, 0xF3, 0x01, 0x39, 0xBB, 0xF4, 0xC8, 0x5A,
    0xF7, 0xDC, 0x50, 0xB4, 0x3E, 0xE7, 0xBC, 0xF3, 0x98, 0x19, 0x58, 0x93, 0x58, 0x8F, 0xC8, 0xF9,
    0xC9, 0xA5, 0xAA, 0x3B, 0xC3, 0x7B, 0xFA, 0xA6, 0x85, 0x93, 0x87, 0x2C, 0xD1, 0x8C, 0x1F, 0xA1,
    0x2F, 0x4D, 0xB2, 0xEB, 0x4F, 0x76, 0xE8, 0xEB, 0x12, 0x7D, 0x57, 0x52, 0xC1, 0x86, 0x95, 0x87,
    0x0D, 0x8E, 0x15, 0x56, 0x1E, 0xF4, 0x0F, 0x0A, 0x45, 0xCB, 0x4E, 0x5F, 0x84, 0xF8, 0x9C, 0x36,
    0x20, 0xF3, 0x0A, 0x4E, 0x6A, 0x07, 0xE0, 0x20, 0x11, 0xE9, 0x03, 0xC0, 0xCC, 0xF7, 0x89, 0x2D,
    0xB9, 0xF6, 0xBD, 0x48, 0x0B, 0x77, 0x1F, 0x11, 0xBC, 0x1B, 0x6A, 0xDE, 0xB8, 0x54, 0xF9, 0x0C,
    0x37, 0xFC, 0xDB, 0x22, 0x9A, 0x6A, 0xA6, 0x92, 0xA9, 0x62, 0x89, 0xDD, 0xEB, 0xA5, 0x72, 0xA9,
    0x5A, 0x2A, 0x56, 0xC5, 0x11, 0xC8, 0xAC, 0x42, 0x55, 0x70, 0xE1, 0x81, 0x75, 0x59, 0x3B, 0x28,
    0x5A, 0x07, 0x79, 0xE7, 0x40, 0x25, 0x52, 0x85, 0x54, 0x20, 0xD5, 0x47, 0xE5, 0x51, 0x75, 0x92,
    0x3E, 0xE9, 0x99, 0x8A, 0x96, 0xD5, 0x06, 0x8A, 0x69, 0xDF, 0x3F, 0x07, 0xCD, 0xBC, 0x64, 0x5E,
    0xB1, 0xDC, 0x09, 0xE6, 0xF5, 0xF2, 0x82, 0xAC, 0xB4, 0xEA, 0x11, 0x5A, 0x7D, 0xDB, 0x6F, 0xAF,
    0xE0, 0xAA, 0xE8, 0xD8, 0x79, 0xA9, 0x12, 0xAF, 0xD4, 0x76, 0x5A, 0x11, 0xA9, 0x4E, 0xA7, 0xC0,
    0x1A, 0xB0, 0xDF, 0x27, 0x9D, 0xBC, 0x3A, 0x2A, 0x8E, 0xD3, 0xE6, 0x48, 0x99, 0xF9, 0x5B, 0x94,
    0x79, 0x04, 0x77, 0xB1, 0x30, 0x3B, 0x48, 0x46, 0x07, 0x79, 0xEF, 0xA0, 0x6C, 0x1D, 0x5C, 0x81,
    0x8D, 0x26, 0x07, 0xA9, 0x71, 0x50, 0x74, 0x0E, 0x2A, 0x1C, 0xCC, 0x80, 0x88, 0x42, 0x0B, 0xBB,
    0xBC, 0xDF, 0xEF, 0x12, 0x5B, 0x07, 0xEC, 0x3C, 0x54, 0xB5, 0x83, 0x42, 0x27, 0x02, 0xC6, 0x41,
    0x32, 0xED, 0xFF, 0x0F, 0x9A, 0x30, 0xB1, 0xD5, 0x61, 0xCE, 0xCD, 0xC4, 0x20, 0x96, 0xF6, 0xC5,
    0x89, 0xED, 0xFA, 0x55, 0x20, 0xED, 0x1D, 0x14, 0xAD, 0x83, 0x06, 0xD6, 0x91, 0x75, 0x90, 0x1A,
    0x07, 0x45, 0xE7, 0x40, 0x7B, 0x6B, 0x06, 0x1A, 0xF1, 0xF0, 0xCB, 0x16, 0x36, 0x59, 0x0F, 0xEB,
    0x64, 0xDC, 0xEF, 0xCC, 0xD6, 0x43, 0xD5, 0x3A, 0xC8, 0x7B, 0xBD, 0x15, 0x6F, 0xD3, 0x74, 0x2D,
    0x6B, 0x01, 0x72, 0x00, 0x4E, 0x15, 0x1F, 0x1C, 0xB5, 0x4B, 0x03, 0x90, 0x0D, 0x6F, 0x77, 0xD2,
    0x66, 0x80, 0x44, 0xAD, 0x55, 0x0B, 0xE4, 0xB5, 0x87, 0x16, 0x48, 0xE7, 0x9B, 0x33, 0xB7, 0x54,
    0x24, 0xE0, 0xED, 0x9D, 0xFD, 0xA6, 0x1D, 0xFB, 0x14, 0xF8, 0x10, 0x80, 0xFB, 0x8A, 0xA5, 0x62,
    0x31, 0x02, 0xA4, 0x8A, 0x00, 0x22, 0xDD, 0x02, 0xF0, 0x8E, 0x25, 0xCE, 0xF6, 0x53, 0xD3, 0xF9,
    0xC5, 0xA9, 0xE9, 0x5D, 0xF7, 0x30, 0x6D, 0x44, 0x26, 0x5F, 0x21, 0x33, 0xC1, 0x08, 0x37, 0xE1,
    0xC0, 0xD4, 0x78, 0x65, 0xE1, 0x0A, 0xA2, 0xDD, 0x39, 0x91, 0x48, 0xCD, 0x85, 0x18, 0x48, 0xF7,
    0xD6, 0xEF, 0x12, 0xD8, 0x2C, 0x3C, 0x43, 0x6C, 0xAF, 0x29, 0x8C, 0x88, 0xF4, 0x8F, 0x65, 0x86,
    0xBB, 0x90, 0xB5, 0x79, 0x9D, 0x0C, 0x2B, 0x98, 0x27, 0xA8, 0x96, 0xD3, 0x6B, 0x04, 0x75, 0x5D,
    0x1D, 0x7E, 0x78, 0xF1, 0x34, 0xAC, 0x71, 0xB0, 0x01, 0x26, 0xF6, 0x0F, 0x57, 0x2A, 0x40, 0x57,
    0xCA, 0x06, 0x57, 0xBD, 0x76, 0x37, 0xEC, 0xE7, 0x78, 0xB3, 0x86, 0x07, 0xF3, 0xE7, 0x94, 0xDD,
    0x56, 0x84, 0x46, 0x26, 0xA2, 0xB3, 0x9A, 0x37, 0xF3, 0xC2, 0xE6, 0xC5, 0xD7, 0xB9, 0x53, 0x78,
    0x9D, 0xFB, 0xFF, 0x64, 0x99, 0x47, 0xB3, 0x04, 0x34, 0x49, 0x0D, 0xCD, 0x11, 0x38, 0xA4, 0xF8,
    0x3B, 0xB7, 0xBA, 0x13, 0x62, 0xF5, 0x12, 0xBE, 0xF5, 0xAB, 0x3B, 0x40, 0x03, 0x30, 0x03, 0xDA,
    0xC7, 0xC9, 0x00, 0xE4, 0xF5, 0x2D, 0x30, 0x2E, 0x50, 0xB6, 0xEC, 0xAF, 0xC5, 0xD8, 0x40, 0xD2,
    0x7D, 0xA7, 0xC6, 0xE5, 0x11, 0xBE, 0xD8, 0xFF, 0xBB, 0x9C, 0x2A, 0x6E, 0x8E, 0x51, 0x44, 0x0E,
    0xE8, 0x96, 0x91, 0x0E, 0xDB, 0x5F, 0x8A, 0x6B, 0x87, 0x97, 0x6A, 0x1F, 0x9B, 0x1F, 0x5B, 0x87,
    0xA5, 0x8C, 0x0E, 0x33, 0xE9, 0x00, 0xEE, 0xF0, 0x30, 0xFE, 0x29, 0x63, 0x25, 0xFD, 0x24, 0x32,
    0xCA, 0x10, 0x5B, 0xA9, 0xB9, 0xDC, 0xC1, 0x66, 0x86, 0xCA, 0xDE, 0xAC, 0x2B, 0x8B, 0x9E, 0xCD,
    0x5A, 0xA2, 0xC9, 0x92, 0x18, 0x4B, 0x36, 0x58, 0xCA, 0xCE, 0xB2, 0xC5, 0x26, 0x16, 0x5B, 0x0E,
    0xEC, 0xA4, 0x46, 0x26, 0x90, 0x16, 0x2C, 0xDF, 0x5E, 0xFF, 0x0A, 0x5E, 0x7C, 0xC1, 0x61, 0x00,
    0x9E, 0x00, 0xDC, 0x58, 0xC4, 0x11, 0x48, 0x06, 0xA9, 0x3D, 0x74, 0x1E, 0x06, 0x07, 0xBA, 0x74,
    0x33, 0x59, 0x0F, 0x57, 0x1E, 0xAA, 0xDA, 0x41, 0xD1, 0x39, 0xC8, 0x06, 0x07, 0xC9, 0xE8, 0x20,
    0xB2, 0x0E, 0xB8, 0xF2, 0x50, 0x79, 0x70, 0xCB, 0x34, 0xBA, 0x48, 0xA3, 0x4B, 0x34, 0xBA, 0x40,
    0x33, 0x81, 0x78, 0xA8, 0x3C, 0x94, 0x1E, 0xF2, 0x21, 0xB2, 0xC0, 0xD5, 0x72, 0xE9, 0x65, 0x1D,
    0xC4, 0xC3, 0x8D, 0x05, 0x15, 0xBF, 0x9C, 0xE2, 0x17, 0x53, 0xFC, 0x52, 0x4A, 0x43, 0x58, 0x40,
    0xF1, 0x75, 0xFD, 0x8A, 0x15, 0x12, 0x73, 0xE3, 0xBD, 0xE0, 0x21, 0xE1, 0x48, 0x80, 0xE4, 0x17,
    0x1D, 0xA4, 0x3F, 0xEA, 0x1D, 0x44, 0x0E, 0x92, 0x9F, 0x74, 0xFB, 0x15, 0x12, 0x61, 0xB1, 0x94,
    0x3A, 0xAF, 0x4E, 0xBF, 0xEC, 0x21, 0xFF, 0x87, 0xFD, 0xBC, 0xBA, 0x64, 0x82, 0xD3, 0x30, 0xAF,
    0x5E, 0xC1, 0x44, 0x49, 0xF4, 0xEB, 0x8B, 0xA7, 0xB5, 0x4E, 0xA9, 0x15, 0xB2, 0x8E, 0x74, 0xC8,
    0x5B, 0x12, 0x53, 0xD6, 0x2F, 0x4C, 0xA9, 0x2B, 0x68, 0x5A, 0xA2, 0x39, 0xF4, 0x44, 0x04, 0xBC,
    0x57, 0x43, 0x39, 0xC1, 0x67, 0x0F, 0xE0, 0xEF, 0x7E, 0x00, 0x9F, 0x7E, 0x04, 0xAB, 0xE7, 0x6F,
    0x65, 0x59, 0xE4, 0x68, 0x79, 0xA1, 0x52, 0xE4, 0xF2, 0x78, 0xB5, 0x2F, 0xE9, 0xF9, 0x1D, 0x9C,
    0x6C, 0xE7, 0x4B, 0x42, 0xB5, 0xD2, 0x46, 0x91, 0x49, 0x31, 0x19, 0xB8, 0x6D, 0x53, 0x6F, 0xAE,
    0x38, 0xF8, 0xDE, 0xA0, 0x54, 0x16, 0x5C, 0x25, 0x2F, 0xFA, 0xDE, 0x1F, 0xA8, 0xEF, 0x6D, 0xD4,
    0xF7, 0x5A, 0x0E, 0xBE, 0x37, 0x51, 0xDF, 0x9B, 0x8B, 0xCF, 0xBC, 0x54, 0xDF, 0xBB, 0x52, 0xC7,
    0x6B, 0x3D, 0xC6, 0xC6, 0xFB, 0xDB, 0xB4, 0xF7, 0x98, 0xB7, 0xA9, 0xC3, 0x0A, 0x8F, 0x6B, 0xFC,
    0x96, 0xC9, 0x61, 0xF9, 0xB1, 0xEF, 0x82, 0xE2, 0x1F, 0x3B, 0x87, 0xF9, 0x57, 0x35, 0xA5, 0xCB,
    0x4D, 0x7D, 0xAF, 0x25, 0x9A, 0x89, 0xD5, 0xF7, 0xFA, 0xEE, 0xEE, 0xC9, 0x7E, 0x26, 0x3B, 0x88,
    0xEB, 0x13, 0xD8, 0x0F, 0x1F, 0x15, 0x9A, 0x2F, 0x44, 0x23, 0x37, 0x2F, 0x98, 0x3B, 0x50, 0xCE,
    0xA7, 0x44, 0x22, 0x76, 0xEF, 0x6E, 0x13, 0xEF, 0x6E, 0xF3, 0x99, 0x8A, 0xB2, 0x62, 0xC5, 0xDA,
    0xC3, 0x54, 0xB2, 0x89, 0x4D, 0xC9, 0x2A, 0xED, 0x1D, 0xE4, 0x6D, 0x45, 0xE5, 0x0A, 0xA5, 0xD7,
    0x3F, 0x1F, 0xF7, 0xEE, 0x36, 0x13, 0x19, 0x28, 0x1A, 0xA9, 0xF9, 0xDE, 0xE1, 0x49, 0x97, 0x98,
    0x0D, 0xCB, 0xED, 0xB4, 0x56, 0xBF, 0x9E, 0xF4, 0x90, 0xD5, 0xE6, 0xDD, 0xAE, 0x66, 0x56, 0xD9,
    0xA0, 0xF7, 0x41, 0xD6, 0x4D, 0xC4, 0xC3, 0x03, 0xF8, 0xA2, 0x78, 0x2B, 0xB7, 0xED, 0x32, 0x22,
    0xE5, 0x62, 0xE0, 0x7E, 0xFD, 0x05, 0x3C, 0xE0, 0x4F, 0xDE, 0x6D, 0xE6, 0x00, 0x94, 0x13, 0xC8,
    0x8E, 0x78, 0x28, 0xEA, 0xA4, 0x4B, 0xDA, 0x37, 0x9D, 0xF9, 0x26, 0xEF, 0xD1, 0xEB, 0xF5, 0xDF,
    0x47, 0x92, 0xFE, 0x09, 0x98, 0x0F, 0x8F, 0x27, 0x2E, 0x75, 0x25, 0x32, 0x68, 0x05, 0xBE, 0xB5,
    0x8A, 0x74, 0x5A, 0x2F, 0x2E, 0xDA, 0x97, 0xEE, 0x77, 0x7C, 0xBE, 0x34, 0xF4, 0x6A, 0xEA, 0x7B,
    0xD5, 0x9C, 0xC2, 0x17, 0x39, 0x87, 0x28, 0xAF, 0x89, 0x7C, 0x6E, 0x63, 0x31, 0xE4, 0x9D, 0x1F,
    0xE4, 0x55, 0x1A, 0xBB, 0x02, 0x5B, 0xED, 0xDF, 0x83, 0x2F, 0x02, 0x55, 0x40, 0x98, 0x67, 0x42,
    0x36, 0x46, 0x5F, 0xC4, 0x22, 0xA3, 0xCB, 0x7F, 0x80, 0x87, 0xB0, 0x2C, 0xD5, 0xA7, 0x32, 0x92,
    0xD7, 0x4F, 0xF8, 0x90, 0x1F, 0x1C, 0x0F, 0xBA, 0xEA, 0x5A, 0x7D, 0x7D, 0xD9, 0xC3, 0x5D, 0x44,
    0xB4, 0x3A, 0x93, 0xC2, 0xCB, 0xF6, 0x9B, 0x8F, 0xCE, 0xC7, 0xA1, 0xDF, 0x84, 0xF8, 0xEB, 0x4C,
    0xFB, 0xED, 0x4D, 0xE7, 0x76, 0x95, 0x77, 0x4E, 0x42, 0xF7, 0xD0, 0x4C, 0xBA, 0x67, 0x98, 0x8F,
    0xF6, 0x59, 0x3D, 0x4A, 0x64, 0x8E, 0xB6, 0xFF, 0x4D, 0xDE, 0xF2, 0xFA, 0x25, 0x16, 0xEB, 0x0E,
    0x9F, 0x8B, 0xB6, 0xCA, 0xFA, 0xE2, 0x63, 0x93, 0x76, 0x63, 0x34, 0x3C, 0x20, 0x44, 0x51, 0xBF,
    0x76, 0x81, 0x54, 0xEA, 0x52, 0xFA, 0xD3, 0xC8, 0x7C, 0xCA, 0xBF, 0xBD, 0xC1, 0x2F, 0x04, 0x80,
    0x6C, 0x47, 0x25, 0xDD, 0x3A, 0x1E, 0x0C, 0x06, 0x8D, 0x68, 0x7C, 0xED, 0xC2, 0xA5, 0x57, 0x96,
    0x2A, 0xED, 0x59, 0xFC, 0x07, 0xA9, 0x53, 0x13, 0x22, 0x15, 0xF4, 0xF6, 0x7E, 0x21, 0xA0, 0x77,
    0x8E, 0x0E, 0x88, 0x7A, 0x57, 0xC3, 0x58, 0x02, 0x0F, 0xB2, 0xF6, 0xBB, 0xF9, 0x42, 0x60, 0x89,
    0x46, 0xFD, 0x87, 0x58, 0xCD, 0xE9, 0x3E, 0x90, 0x91, 0xDF, 0x6E, 0xD9, 0x42, 0x14, 0x33, 0x4B,
    0x36, 0x63, 0xDA, 0x11, 0xF5, 0x71, 0xF7, 0x9D, 0xC8, 0x56, 0x65, 0x3D, 0x14, 0x1F, 0xEF, 0x3B,
    0x2E, 0x1E, 0x9E, 0x70, 0xE3, 0x59, 0xA6, 0x03, 0x6E, 0x0D, 0x95, 0xEC, 0x6A, 0x07, 0x32, 0x50,
    0x71, 0x6F, 0x74, 0x10, 0x59, 0x07, 0x28, 0x5C, 0x1E, 0xC0, 0x2E, 0xA0, 0x86, 0xEA, 0x62, 0xDB,
    0xFB, 0xC3, 0x70, 0x60, 0x1D, 0xD0, 0x2C, 0xBF, 0x46, 0xD5, 0xAD, 0xC8, 0x06, 0xB5, 0x53, 0x87,
    0x53, 0xCD, 0x1E, 0x2A, 0x0F, 0x65, 0xFB, 0xB2, 0xF1, 0x3F, 0x6D, 0xB7, 0x75, 0xFA, 0x33, 0xA9,
    0xD3, 0xAF, 0xFE, 0x8B, 0x74, 0x46, 0xBB, 0x2D, 0x0D, 0x76, 0x91, 0xB4, 0x7F, 0xB5, 0xAA, 0xB1,
    0x1D, 0x48, 0x64, 0x22, 0x6F, 0x9F, 0xF0, 0xFB, 0x37, 0xC6, 0x60, 0x10, 0xB9, 0x26, 0x8C, 0xC1,
    0x8F, 0x7B, 0x4B, 0x6A, 0xC2, 0x64, 0x2C, 0x1E, 0x7D, 0xD5, 0xB6, 0xD6, 0xA2, 0xDF, 0x5D, 0x48,
    0x2D, 0x32, 0x21, 0x62, 0xB0, 0x91, 0xC5, 0x72, 0xA9, 0xE9, 0x5B, 0xCA, 0xD6, 0x92, 0x77, 0xCB,
    0xB1, 0x63, 0x98, 0xD4, 0x71, 0x15, 0x46, 0x9F, 0x42, 0x47, 0x9F, 0xCF, 0xF8, 0x14, 0x8D, 0xCF,
    0xB2, 0xF1, 0x49, 0x33, 0xAE, 0x77, 0x7F, 0xD9, 0xF4, 0x34, 0x35, 0x0D, 0x6C, 0x60, 0xFD, 0xD2,
    0x92, 0x0E, 0x76, 0x31, 0x46, 0xD8, 0xA2, 0x86, 0x53, 0x5D, 0x9B, 0x8B, 0xFB, 0x5B, 0xF0, 0x39,
    0x4C, 0x95, 0x85, 0xAE, 0xCB, 0x7C, 0xD7, 0x0D, 0xDA, 0x75, 0x6F, 0x65, 0x69, 0x5A, 0x95, 0x04,
    0xA7, 0x25, 0x38, 0x35, 0x41, 0x47, 0xF3, 0x77, 0x9E, 0xBE, 0x46, 0x39, 0x82, 0xEC, 0x48, 0x86,
    0x82, 0xA4, 0x4D, 0xEB, 0x37, 0x9E, 0xFE, 0x07, 0x9F, 0xEB, 0x6D, 0x1C, 0xDC, 0x54, 0x74, 0x5E,
    0x01, 0xC7, 0xB5, 0x6C, 0x21, 0x1F, 0x17, 0x81, 0x64, 0x82, 0xCC, 0x37, 0x9A, 0x01, 0x32, 0x03,
    0xF1, 0x04, 0x2C, 0x35, 0x9A, 0xF4, 0x32, 0xAA, 0x1F, 0x0F, 0x8D, 0x48, 0x5B, 0xCA, 0x35, 0xDC,
    0x25, 0x44, 0xDE, 0x41, 0xDE, 0x42, 0x01, 0xDC, 0xE7, 0xB0, 0x1A, 0x1D, 0xC9, 0x44, 0x2E, 0x42,
    0x75, 0xFE, 0xB7, 0xAC, 0x41, 0xEB, 0x06, 0xA8, 0x7A, 0xC8, 0x75, 0x90, 0x32, 0x70, 0x6F, 0x06,
    0xB6, 0x40, 0x51, 0x2F, 0x27, 0xA9, 0x3F, 0xA3, 0xA1, 0x91, 0x59, 0x85, 0xDA, 0xEB, 0xA4, 0x7F,
    0x2E, 0x81, 0xD5, 0x72, 0xFE, 0x4F, 0xC3, 0x1B, 0xD5, 0x7A, 0xEB, 0xAD, 0xA8, 0x02, 0x61, 0x3A,
    0xF9, 0x76, 0xE1, 0x28, 0x26, 0x20, 0xD2, 0x3F, 0x0C, 0x40, 0xD2, 0x79, 0xA8, 0x81, 0x73, 0xA2,
    0xC1, 0x6F, 0x4B, 0x06, 0x0A, 0x19, 0x1B, 0x19, 0xFF, 0xE0, 0x9B, 0x87, 0xAE, 0xFD, 0xB2, 0x62,
    0x48, 0x26, 0x95, 0xAB, 0x71, 0x54, 0x83, 0x2A, 0x51, 0xC0, 0x7D, 0xCD, 0xF5, 0x8F, 0xE1, 0x83,
    0x7F, 0x22, 0x13, 0xA9, 0x9B, 0xDD, 0x76, 0xD8, 0x90, 0x8E, 0x77, 0x8E, 0xBE, 0xAB, 0xD8, 0xF7,
    0x0C, 0x14, 0x3D, 0xB1, 0xD4, 0x6C, 0x77, 0x44, 0xB2, 0xED, 0x38, 0x3F, 0xF4, 0xA0, 0x05, 0x9E,
    0x03, 0x97, 0x87, 0x63, 0x74, 0x7B, 0x6A, 0xA0, 0x1C, 0x74, 0xD2, 0xF0, 0x78, 0xE6, 0x9E, 0x0C,
    0xC8, 0x0C, 0xBB, 0x1A, 0x1E, 0x1E, 0xE6, 0x13, 0x23, 0x85, 0x08, 0xF9, 0x79, 0xD3, 0x69, 0x37,
    0x1F, 0x46, 0xC5, 0xAC, 0x83, 0xA2, 0x83, 0xAD, 0x23, 0x0B, 0x22, 0x30, 0x95, 0x87, 0x17, 0xEF,
    0x37, 0xAA, 0x6E, 0x2B, 0xFD, 0xBE, 0xB5, 0xEF, 0xED, 0xF7, 0x64, 0xA0, 0xDA, 0x41, 0x75, 0x0E,
    0x77, 0x0E, 0xDF, 0x0A, 0x3E, 0xCF, 0xBB, 0xE3, 0x6F, 0x05, 0x93, 0xF1, 0x85, 0x17, 0x4F, 0x16,
    0xB2, 0xEE, 0x55, 0x41, 0x5C, 0x04, 0x70, 0xB6, 0xF7, 0xA9, 0x6E, 0x7B, 0x3D, 0x08, 0xAB, 0x87,
    0x7F, 0xBF, 0x5F, 0x3D, 0x8C, 0xA4, 0x05, 0xB6, 0xAF, 0xBF, 0x7A, 0x78, 0x6F, 0xE7, 0x60, 0x2B,
    0x3D, 0xFA, 0xC9, 0xAF, 0x7E, 0xF1, 0xDB, 0xC0, 0xC4, 0x06, 0x6C, 0x80, 0xF5, 0xEB, 0xC2, 0xFF,
    0x02, 0x95, 0x94, 0x01, 0x64, 0x24, 0xED, 0x19, 0xC7, 0x7F, 0xB3, 0x9B, 0xD9, 0xC9, 0xB7, 0x73,
    0xC9, 0x6C, 0x75, 0xE3, 0xFB, 0xFA, 0xDD, 0x26, 0xB3, 0x08, 0xD2, 0x48, 0x32, 0xC1, 0x62, 0xAA,
    0xBB, 0x3B, 0x6F, 0x0A, 0x00, 0x16, 0x09, 0xA0, 0x04, 0x05, 0xD7, 0xF6, 0x6E, 0xB5, 0x41, 0x42,
    0x72, 0x33, 0x5A, 0x14, 0x94, 0x85, 0x02, 0x10, 0x1C, 0xEE, 0x0E, 0x1A, 0x2C, 0xF6, 0xD8, 0x66,
    0xA6, 0x14, 0xA0, 0x8C, 0xF6, 0x28, 0xC0, 0x5B, 0xAE, 0x68, 0x4F, 0xAF, 0x83, 0x51, 0xAB, 0x9D,
    0xDD, 0xE9, 0x3B, 0x37, 0x97, 0x95, 0x46, 0x1D, 0x7D, 0xFE, 0xCF, 0xBC, 0xEF, 0xFB, 0xCC, 0x3C,
    0xCF, 0xFB, 0xBE, 0xFB, 0x3C, 0xFF, 0x67, 0x7D, 0x9C, 0xC0, 0x8C, 0x2B, 0x09, 0x13, 0xD0, 0xB2,
    0x6A, 0x6A, 0xC6, 0xB6, 0xE8, 0x01, 0xDC, 0xA2, 0xE5, 0xA2, 0xFA, 0x3E, 0xB6, 0x7E, 0x96, 0xF4,
    0xB8, 0x04, 0x0C, 0x69, 0xE2, 0x2C, 0x6C, 0x7A, 0xFE, 0x9C, 0x33, 0x23, 0xA5, 0x14, 0xC2, 0x5C,
    0x2A, 0x05, 0x36, 0x4E, 0x4E, 0x44, 0x98, 0xE7, 0xD2, 0xCF, 0xF3, 0x18, 0x48, 0x48, 0x2E, 0x8C,
    0xD8, 0xCB, 0x23, 0x73, 0x01, 0x40, 0xF7, 0xF6, 0xAA, 0xB9, 0x53, 0x09, 0x9E, 0x9B, 0x71, 0xCF,
    0x88, 0x80, 0x27, 0x84, 0xC5, 0xB1, 0x89, 0x21, 0x9D, 0x60, 0x93, 0x55, 0x34, 0xE1, 0xCC, 0xBA,
    0xFB, 0x67, 0x9B, 0x67, 0x9B, 0xFD, 0xA9, 0x95, 0x80, 0x21, 0x33, 0xEB, 0xB7, 0xA9, 0x53, 0x95,
    0x3D, 0x33, 0x48, 0xB7, 0x00, 0xD4, 0x35, 0xEC, 0xEF, 0xA5, 0xC6, 0xFB, 0xB8, 0x92, 0x0B, 0x16,
    0x00, 0xDD, 0x2B, 0x25, 0xCD, 0xC9, 0x41, 0xE6, 0x95, 0x38, 0xDE, 0xF0, 0x4C, 0x89, 0xFD, 0xF3,
    0x04, 0x33, 0x9A, 0x51, 0x91, 0x5D, 0x18, 0x5B, 0x00, 0x30, 0x40, 0x4B, 0xA9, 0xCC, 0x8A, 0x31,
    0x41, 0xBE, 0xB9, 0x7F, 0x33, 0x50, 0x0B, 0x65, 0x5E, 0x55, 0x64, 0x42, 0x02, 0x68, 0xA2, 0x1A,
    0x99, 0x91, 0x15, 0xD8, 0xC2, 0xC1, 0xC3, 0xA7, 0x89, 0x2E, 0xAC, 0xC8, 0x8A, 0xEC, 0xC0, 0xC6,
    0xA1, 0x47, 0x97, 0xA6, 0x82, 0x8F, 0x87, 0x83, 0x2D, 0xAC, 0xC0, 0x8C, 0xAA, 0x91, 0x26, 0x34,
    0x61, 0xC5, 0x56, 0x19, 0x45, 0x9F, 0xC2, 0xC7, 0x13, 0x76, 0x64, 0x48, 0x2D, 0xE5, 0xF2, 0x41,
    0x6E, 0xD1, 0x12, 0x2D, 0xC9, 0x93, 0x50, 0x8D, 0x9A, 0x84, 0x54, 0x21, 0x4F, 0x72, 0x99, 0x32,
    0xC6, 0xCF, 0x55, 0x12, 0x05, 0xE6, 0x7F, 0xAB, 0x21, 0x98, 0x92, 0xA1, 0xF6, 0xB0, 0xA5, 0x27,
    0xB6, 0xD1, 0xBD, 0xF3, 0x9B, 0x9B, 0xDE, 0x16, 0x95, 0xA0, 0xAA, 0xCE, 0xFE, 0xF2, 0xAD, 0x3F,
    0xDF, 0x7D, 0xB9, 0xFB, 0xD2, 0x9F, 0x7F, 0xF9, 0xB6, 0xB0, 0x2B, 0x01, 0x14, 0xB3, 0x3F, 0xF7,
    0xE7, 0xC5, 0x0C, 0x1B, 0xC7, 0xE1, 0xE2, 0xC9, 0x2B, 0x06, 0x5A, 0x72, 0x87, 0x6A, 0x12, 0xCA,
    0x30, 0xDA, 0x60, 0x40, 0xBA, 0x44, 0x46, 0x28, 0x3D, 0xA9, 0x8B, 0xF3, 0x2C, 0x6B, 0xDC, 0x2F,
    0xD5, 0xC3, 0xD2, 0xE0, 0xF5, 0x2F, 0xC7, 0xB2, 0x1A, 0x19, 0x81, 0x99, 0x32, 0xA5, 0xFB, 0x8D,
    0xA9, 0x97, 0x6C, 0x08, 0x0D, 0x4B, 0xEC, 0xD3, 0x65, 0xC2, 0x14, 0x4F, 0x3E, 0x8E, 0xCB, 0xE2,
    0x3C, 0x79, 0xFD, 0x2A, 0xCC, 0x17, 0x6F, 0x4E, 0x9E, 0x4E, 0x38, 0x50, 0x7A, 0xC6, 0x26, 0x90,
    0x74, 0xAD, 0xF1, 0xD5, 0x96, 0x97, 0x67, 0xB5, 0xA3, 0x51, 0x51, 0xD5, 0xA3, 0xB2, 0xAA, 0x01,
    0x0B, 0x96, 0xD4, 0x33, 0xFE, 0xB1, 0xA4, 0x1E, 0x25, 0x9D, 0x3E, 0x15, 0x6D, 0xFE, 0xBF, 0x8B,
    0x66, 0xC6, 0xEB, 0xDE, 0x7C, 0xFF, 0xC2, 0xCF, 0x6E, 0xCC, 0xE4, 0x01, 0x33, 0x01, 0xF2, 0x3C,
    0x4F, 0x8A, 0x07, 0xC0, 0x5F, 0xB2, 0x14, 0xEE, 0xDB, 0xA6, 0xB4, 0x9C, 0xF9, 0x56, 0xCF, 0xCF,
    0x86, 0x46, 0xFA, 0x80, 0xD0, 0x7E, 0xAE, 0x64, 0x5E, 0x8E, 0x2C, 0x45, 0xA5, 0xD6, 0x89, 0xB5,
    0x1C, 0x2B, 0xC5, 0x0F, 0x70, 0x29, 0xA5, 0x48, 0xBF, 0x19, 0x80, 0x25, 0xC0, 0x06, 0xFA, 0x40,
    0x17, 0x98, 0x02, 0x29, 0x68, 0x09, 0x54, 0x65, 0x11, 0x0C, 0x66, 0xF4, 0x59, 0xB7, 0x4A, 0xE1,
    0x16, 0x83, 0x71, 0xCF, 0xED, 0x00, 0xE8, 0x01, 0x83, 0xE9, 0xD6, 0xFA, 0xFA, 0xD5, 0x98, 0x1F,
    0xF0, 0xAD, 0x32, 0xB5, 0x4A, 0x55, 0xA6, 0xFD, 0x7C, 0x5E, 0xFE, 0xDA, 0x7F, 0xBD, 0xFE, 0x75,
    0x82, 0xA5, 0x54, 0x2D, 0x94, 0x09, 0x00, 0xCE, 0x9F, 0x66, 0x57, 0xE1, 0x8F, 0x55, 0xFA, 0x07,
    0x4D, 0x1D, 0xF6, 0x5C, 0x2F, 0xB3, 0xA4, 0x95, 0x78, 0xD9, 0x8E, 0x0B, 0x38, 0xB7, 0xE9, 0xA4,
    0x67, 0xDB, 0xB7, 0x69, 0x99, 0xBC, 0x3C, 0x5E, 0xE6, 0xE8, 0x9E, 0x3D, 0xC7, 0xC3, 0x0E, 0x8C,
    0xF8, 0xE3, 0xF5, 0xB2, 0x6A, 0x52, 0x72, 0x9A, 0x87, 0xE9, 0x6F, 0xE2, 0x07, 0x4E, 0x54, 0x50,
    0x64, 0x1D, 0x60, 0x03, 0x3C, 0xDC, 0xE7, 0xEE, 0x54, 0x49, 0x3A, 0x25, 0x01, 0x68, 0xD2, 0x53,
    0xF0, 0x84, 0x13, 0xEB, 0x1F, 0xD3, 0x5C, 0x54, 0x27, 0x45, 0x5B, 0x3E, 0xA7, 0x30, 0xFA, 0xDC,
    0x4D, 0xEE, 0xB7, 0x3D, 0x14, 0xDD, 0x44, 0x89, 0x11, 0x40, 0x1D, 0xF3, 0xC3, 0xBA, 0xB7, 0xD8,
    0xBF, 0x08, 0xB3, 0x9B, 0x7F, 0x27, 0x94, 0xD1, 0x5D, 0xB8, 0x2A, 0x46, 0x4D, 0xE8, 0x4E, 0xBA,
    0xEE, 0xE5, 0xD3, 0xB1, 0x3D, 0x3B, 0xD5, 0x46, 0xCB, 0xF7, 0x66, 0xDC, 0x72, 0x16, 0x97, 0xDD,
    0x67, 0xE9, 0x76, 0x65, 0xA4, 0x89, 0x55, 0x7B, 0xD6, 0xED, 0x87, 0x33, 0xB7, 0xE4, 0xD3, 0x11,
    0xC6, 0x51, 0xEC, 0xE4, 0x33, 0xA5, 0x6A, 0xA1, 0x4C, 0xA8, 0xE3, 0x04, 0x7E, 0x6C, 0x51, 0xA0,
    0xCE, 0x86, 0xD0, 0x07, 0xDA, 0xB1, 0x27, 0xED, 0xD4, 0xCC, 0xBE, 0x33, 0xD0, 0x07, 0xFA, 0x8F,
    0x5C, 0x28, 0x92, 0x5C, 0x10, 0x62, 0x6F, 0x9B, 0x9F, 0xFC, 0x92, 0xAF, 0xA8, 0x37, 0x56, 0xAE,
    0xA1, 0x06, 0x23, 0xD8, 0x86, 0x55, 0xB6, 0x3B, 0xD0, 0xFA, 0xEA, 0x93, 0xE7, 0x0D, 0xD4, 0xF7,
    0xDC, 0x53, 0xD0, 0x55, 0x14, 0xAC, 0xEC, 0x35, 0x5C, 0x68, 0xAD, 0xD0, 0x50, 0x6B, 0x30, 0x41,
    0x82, 0xDE, 0x5E, 0x1D, 0xD0, 0xE1, 0xA7, 0xBF, 0xA7, 0xE5, 0xA2, 0x09, 0xF6, 0xCA, 0xD8, 0xFE,
    0xE8, 0xEB, 0x17, 0xB5, 0x69, 0x79, 0xFA, 0x80, 0xDF, 0xE0, 0xC4, 0x86, 0x74, 0xE2, 0x09, 0x82,
    0x9A, 0xE3, 0x9E, 0x9D, 0xF5, 0x2D, 0x00, 0x33, 0x2F, 0x5A, 0x66, 0xA2, 0x5A, 0x66, 0x20, 0xCB,
    0xBF, 0x43, 0x12, 0x80, 0x76, 0xA0, 0x1A, 0x3F, 0xF2, 0xA2, 0x50, 0xB6, 0x03, 0x06, 0x46, 0x1C,
    0x8A, 0x29, 0x7E, 0x50, 0x91, 0x50, 0x6C, 0x65, 0xAB, 0xAD, 0xBC, 0x62, 0x2B, 0x46, 0x85, 0xAD,
    0x02, 0x9D, 0x3F, 0xCC, 0x30, 0xFE, 0x38, 0xC5, 0xFB, 0xC5, 0xF7, 0x99, 0x59, 0x16, 0x62, 0x45,
    0xA7, 0x71, 0x69, 0x9B, 0x56, 0xFF, 0x1C, 0x2E, 0xE7, 0xD3, 0x46, 0x35, 0xFA, 0xE6, 0xEF, 0xBC,
    0xEC, 0xF1, 0x3B, 0x2B, 0xD9, 0x1A, 0xDF, 0x11, 0xEF, 0x4D, 0xFE, 0x54, 0x11, 0x4F, 0x76, 0xCD,
    0x54, 0xB5, 0xFE, 0xFB, 0x4C, 0x3F, 0x1A, 0x34, 0xE9, 0x70, 0x31, 0xC8, 0xE5, 0x49, 0xAC, 0x45,
    0x88, 0x6F, 0x03, 0xD4, 0x02, 0x5B, 0x00, 0xB6, 0x30, 0x25, 0x70, 0x4B, 0x25, 0x1F, 0xF0, 0x2C,
    0x05, 0x47, 0xB1, 0x23, 0x00, 0x2D, 0xCC, 0xDF, 0x71, 0x27, 0xFF, 0x6F, 0xC0, 0xB2, 0xD9, 0xF3,
    0xB9, 0x6A, 0xED, 0x93, 0xE3, 0x07, 0xA6, 0x16, 0xFE, 0x15, 0xAA, 0x91, 0xA5, 0x5A, 0x47, 0x3C,
    0x0E, 0x1C, 0xF1, 0xB5, 0xFA, 0x42, 0x17, 0x6A, 0x79, 0xCA, 0x52, 0xF4, 0x13, 0x00, 0x43, 0xC5,
    0x50, 0xC6, 0xC6, 0x54, 0xE7, 0x60, 0x64, 0x58, 0x31, 0xE0, 0xE3, 0x00, 0x58, 0x41, 0x13, 0x40,
    0x13, 0x00, 0x34, 0x00, 0xC0, 0x2D, 0xFC, 0x95, 0xDC, 0x4D, 0x94, 0x2F, 0x97, 0x2E, 0x7D, 0xC9,
    0xA1, 0x3E, 0xBC, 0x18, 0xC6, 0x87, 0x7F, 0xBE, 0xD9, 0x6D, 0xC3, 0x81, 0x1C, 0x76, 0xFE, 0x72,
    0xFE, 0xB7, 0x17, 0xD7, 0xB8, 0x8D, 0xFA, 0x75, 0xBB, 0xCD, 0xF0, 0xA3, 0xB4, 0xC1, 0x9A, 0xB8,
    0x6B, 0x87, 0xF5, 0x43, 0xA3, 0x53, 0xDF, 0x6C, 0xD5, 0xAE, 0x21, 0xEE, 0xDC, 0xE1, 0x66, 0xBC,
    0x7B, 0x0C, 0x56, 0xE2, 0x72, 0xC8, 0x50, 0x3D, 0xFB, 0x0D, 0xF5, 0xFD, 0x0B, 0xD6, 0x58, 0xB3,
    0xFE, 0xAE, 0x62, 0x14, 0x3A, 0x6B, 0xFB, 0xFB, 0xB5, 0x5F, 0x8D, 0x88, 0x15, 0x3E, 0x24, 0x49,
    0x27, 0xDE, 0x29, 0x31, 0x6A, 0x02, 0xDF, 0xFD, 0x67, 0xE6, 0x6E, 0xD6, 0x0F, 0x5B, 0xB5, 0xC3,
    0x96, 0x51, 0x6A, 0x7B, 0x55, 0x87, 0x1F, 0x46, 0x67, 0x0C, 0x29, 0x71, 0x4A, 0x83, 0x0E, 0xA1,
    0xE8, 0x50, 0xC2, 0xA5, 0x2E, 0xA0, 0x53, 0xDF, 0x79, 0xF4, 0xA8, 0x55, 0xEF, 0x18, 0xC3, 0xAA,
    0xD4, 0x02, 0xD8, 0x7B, 0xB4, 0xDE, 0xA9, 0xCA, 0x4A, 0x6C, 0x0C, 0x5B, 0xAD, 0xED, 0x2F, 0xFE,
    0x03, 0xCC, 0x9A, 0x31, 0xAC, 0xDC, 0x46, 0x7A, 0xC7, 0xBF, 0x21, 0x2D, 0x11, 0x30, 0x0B, 0x36,
    0xA7, 0x1C, 0x62, 0x17, 0x6C, 0xAF, 0x32, 0x6B, 0x03, 0xDE, 0x25, 0x2F, 0xC1, 0xD5, 0x79, 0x07,
    0x68, 0x6D, 0x20, 0x2A, 0xDC, 0x3B, 0x08, 0xB6, 0xBD, 0x00, 0xCB, 0x25, 0x9D, 0x94, 0x29, 0xF2,
    0x0A, 0xA7, 0x8E, 0x0B, 0x05, 0x38, 0xAF, 0x0A, 0xA5, 0x48, 0xE1, 0x62, 0xF7, 0x2D, 0x15, 0xF7,
    0x08, 0x2F, 0x38, 0xE3, 0x8A, 0x6B, 0x18, 0x9C, 0x0E, 0x17, 0x9C, 0x0B, 0x4F, 0x12, 0x2A, 0xC7,
    0x27, 0x73, 0x77, 0xF2, 0xFF, 0x7F, 0xE4, 0xAE, 0xF4, 0xF4, 0x9E, 0x24, 0x59, 0x27, 0x9D, 0x6F,
    0xDE, 0x7E, 0xBF, 0x6F, 0x77, 0x38, 0x1C, 0x0E, 0x67, 0xBE, 0xF9, 0xE6, 0x1B, 0xF2, 0x05, 0x56,
    0xC4, 0x74, 0x22, 0xB2, 0x81, 0x24, 0x90, 0xB0, 0x94, 0x43, 0x9A, 0xCD, 0x66, 0xE2, 0x9C, 0x2B,
    0x29, 0xBD, 0x88, 0x3C, 0x45, 0x58, 0x46, 0x65, 0xBF, 0x5A, 0xC9, 0xB3, 0xCA, 0xED, 0x1E, 0xAB,
    0x4F, 0x90, 0xFC, 0xAA, 0x95, 0xF0, 0x67, 0x9D, 0x04, 0x55, 0x27, 0x26, 0x3B, 0x79, 0xED, 0xD7,
    0xBC, 0xC1, 0xCA, 0x65, 0xCB, 0xD3, 0x46, 0x4A, 0x5C, 0x0A, 0x99, 0x3D, 0x93, 0x3F, 0xFA, 0x8C,
    0x74, 0xAE, 0x51, 0xF6, 0xE0, 0xA9, 0x71, 0x7A, 0x34, 0xCD, 0xC8, 0xB8, 0x24, 0xA3, 0xEA, 0x31,
    0x96, 0x8F, 0xF2, 0x53, 0x01, 0xCD, 0x1E, 0xFC, 0x33, 0xD7, 0x2B, 0x1B, 0x41, 0xFA, 0x1E, 0xC4,
    0xEB, 0x44, 0x38, 0x00, 0x51, 0x35, 0xF4, 0xFD, 0x7B, 0xF2, 0x64, 0xDF, 0xAB, 0xE0, 0xAC, 0x57,
    0x2A, 0x22, 0x7F, 0x79, 0x5B, 0x24, 0x74, 0xAE, 0x96, 0x02, 0x30, 0x2E, 0xBB, 0x5E, 0xF9, 0x1D,
    0xC7, 0xBE, 0x91, 0xA1, 0x31, 0x92, 0x94, 0x40, 0x2A, 0x47, 0xAC, 0x56, 0x3F, 0x95, 0x94, 0xF7,
    0x0E, 0x74, 0x8F, 0x1F, 0xC8, 0x0E, 0x85, 0xF5, 0xB4, 0xD0, 0x02, 0x7E, 0x0F, 0x18, 0x77, 0xFA,
    0x27, 0x15, 0xAB, 0xAF, 0x24, 0xD0, 0xE1, 0xBE, 0x86, 0x92, 0x6F, 0xDD, 0x16, 0x0F, 0xDD, 0x88,
    0x2B, 0xDB, 0xA4, 0x36, 0xA7, 0xAC, 0xE1, 0x71, 0x61, 0x3D, 0x51, 0x2B, 0x38, 0x01, 0x65, 0x5D,
    0x87, 0xEA, 0xF8, 0xA5, 0x68, 0xB4, 0x5E, 0xED, 0x2C, 0x19, 0xC5, 0x40, 0x7C, 0xBB, 0xCC, 0xE6,
    0x4D, 0x81, 0xCA, 0x13, 0x77, 0x2E, 0x72, 0x43, 0xE4, 0x66, 0x7F, 0x65, 0x12, 0x99, 0xBE, 0x93,
    0xA6, 0xD3, 0xF4, 0x8D, 0x37, 0x70, 0xE2, 0x89, 0x6F, 0x5F, 0xFC, 0x4F, 0xAE, 0x09, 0x86, 0xF2,
    0x15, 0x7C, 0x60, 0x09, 0x69, 0xF6, 0x91, 0x93, 0xA2, 0x97, 0xA2, 0x46, 0x5F, 0xCC, 0x66, 0x6A,
    0xED, 0x89, 0x73, 0xED, 0x05, 0x2D, 0xE6, 0x82, 0x4E, 0x9F, 0xD0, 0xD3, 0xCB, 0x7A, 0xBF, 0xCA,
    0x54, 0x73, 0x58, 0x06, 0xED, 0x32, 0x99, 0xF0, 0x78, 0x52, 0xA9, 0xE6, 0xA0, 0xE6, 0xD4, 0xB8,
    0x9D, 0xC5, 0x13, 0x7A, 0x3D, 0xEA, 0x9E, 0x3A, 0x68, 0xA4, 0xA3, 0x8E, 0xAB, 0x0F, 0x5A, 0x31,
    0xE7, 0xEF, 0x63, 0xCE, 0x58, 0xD6, 0xB7, 0x13, 0x57, 0x51, 0x9F, 0xAA, 0xC9, 0x32, 0xDD, 0xD4,
    0xDE, 0xA6, 0x29, 0xA5, 0x2F, 0xA1, 0x38, 0x25, 0x8B, 0x59, 0x26, 0x8E, 0x69, 0x3F, 0x28, 0xD7,
    0xE8, 0xB1, 0xB7, 0x5B, 0x55, 0xA6, 0x57, 0x25, 0x9B, 0x41, 0xE5, 0xA3, 0xBA, 0x90, 0xD9, 0xAB,
    0xF2, 0x54, 0xCD, 0xE6, 0x96, 0x0A, 0xB6, 0xA6, 0xEA, 0x5C, 0x7E, 0xDF, 0x89, 0x6E, 0x8F, 0x13,
    0xBD, 0x96, 0x71, 0xA2, 0x93, 0xE3, 0x27, 0x2A, 0xBF, 0x05, 0xE5, 0x8C, 0x93, 0xA1, 0x07, 0x7C,
    0x0B, 0x84, 0x15, 0x10, 0xC9, 0xE3, 0xE9, 0x26, 0x7D, 0x01, 0x0A, 0xF4, 0xF8, 0xF3, 0x5A, 0x20,
    0x68, 0x80, 0xA8, 0x02, 0x92, 0x0C, 0x58, 0xEA, 0x21, 0xC0, 0xB7, 0x00, 0x0E, 0x0A, 0x6E, 0x94,
    0x40, 0xE5, 0xFB, 0xBB, 0x35, 0xF3, 0x2C, 0xE0, 0x75, 0x80, 0xEC, 0x88, 0x82, 0x48, 0x4A, 0x20,
    0xAA, 0x81, 0xC0, 0x02, 0x38, 0xCC, 0x3A, 0x88, 0x62, 0x9C, 0xB6, 0x51, 0x75, 0x68, 0x95, 0xB4,
    0xC4, 0x7B, 0x4F, 0xB4, 0xCA, 0x64, 0x3D, 0x0A, 0x35, 0x40, 0x42, 0xA4, 0x84, 0x03, 0xBC, 0xDF,
    0x01, 0xFE, 0xAF, 0x80, 0xE8, 0x0B, 0x20, 0xFE, 0x73, 0x60, 0xEA, 0x03, 0x6B, 0xC0, 0xB4, 0x80,
    0xDF, 0x00, 0x61, 0x05, 0xC4, 0x19, 0x90, 0x0A, 0xB0, 0x06, 0xBA, 0x0E, 0xF8, 0xC6, 0x02, 0xAE,
    0x26, 0x4A, 0x42, 0x80, 0x1D, 0x21, 0x9A, 0x12, 0x59, 0x8B, 0x44, 0x1F, 0xEB, 0xEC, 0xE7, 0xDA,
    0x74, 0xC6, 0xA6, 0x8E, 0xFE, 0xF2, 0xE6, 0x12, 0x40, 0x75, 0xE8, 0xA7, 0x18, 0xE7, 0xDA, 0xA8,
    0x42, 0x67, 0xA1, 0x47, 0xA2, 0xCA, 0xB7, 0x18, 0x61, 0xD3, 0xD1, 0x8B, 0xF6, 0x1C, 0xAC, 0xA5,
    0x6C, 0x04, 0x9A, 0x43, 0xF8, 0x71, 0x2B, 0x68, 0x28, 0xAA, 0x0A, 0x7E, 0xD3, 0x88, 0xF8, 0xEC,
    0x3B, 0xA3, 0xEB, 0x8F, 0x83, 0xC8, 0x19, 0xD1, 0x8F, 0xBE, 0xD8, 0x7C, 0xC8, 0x62, 0xAE, 0x26,
    0x98, 0x7F, 0x32, 0x74, 0xC4, 0x35, 0x16, 0x88, 0xAA, 0xD7, 0x07, 0xCC, 0x88, 0x0F, 0x2B, 0x87,
    0x34, 0x40, 0x07, 0xE5, 0x12, 0x8E, 0xAB, 0xC6, 0xD0, 0x66, 0x07, 0x31, 0xF4, 0x8F, 0xFE, 0xD7,
    0x15, 0xF0, 0x0B, 0x20, 0xFC, 0x02, 0x65, 0xA2, 0xBF, 0xA3, 0xF5, 0xFE, 0xB0, 0xE5, 0xED, 0xAB,
    0x4B, 0x58, 0x0B, 0x3E, 0xF9, 0xD0, 0x2F, 0xE6, 0x7C, 0x56, 0x64, 0x1E, 0xD7, 0x42, 0x1F, 0xA8,
    0x82, 0x5A, 0xC2, 0x3A, 0xE2, 0xF5, 0xD0, 0x9D, 0x9E, 0x4D, 0xE8, 0x58, 0x75, 0xA2, 0xE6, 0xC0,
    0xA6, 0x07, 0xA6, 0x98, 0x49, 0x19, 0x8A, 0xD6, 0x94, 0xA7, 0xAD, 0x27, 0xFB, 0x7F, 0xCE, 0x44,
    0xFD, 0x84, 0xCE, 0xC0, 0x98, 0xD6, 0x61, 0x69, 0xCB, 0x3D, 0xAA, 0x7B, 0x24, 0x3E, 0x7E, 0x87,
    0x76, 0x37, 0xDB, 0x56, 0xC3, 0xBA, 0x76, 0x5F, 0x38, 0x49, 0xD5, 0x05, 0x68, 0xDD, 0x71, 0x4B,
    0x2B, 0xA5, 0x91, 0x8E, 0xD2, 0x0D, 0x75, 0x04, 0x0D, 0xDB, 0xCB, 0x72, 0xFB, 0xD5, 0xB6, 0x19,
    0xCB, 0xEC, 0x20, 0xCB, 0xA3, 0xE8, 0x6F, 0xAF, 0xDF, 0xCD, 0xE6, 0xED, 0xD0, 0xD6, 0xF3, 0xD7,
    0xBA, 0x7E, 0xD2, 0x7F, 0xC3, 0x2C, 0x22, 0xB4, 0xE9, 0xC8, 0x52, 0x96, 0xCA, 0xE9, 0x13, 0xCC,
    0x9E, 0x64, 0x3C, 0x50, 0x1E, 0x31, 0x51, 0xA6, 0xE4, 0xF8, 0xC9, 0x95, 0x3D, 0x69, 0x3A, 0xD2,
    0xB7, 0xE4, 0xAD, 0x07, 0xB3, 0xD9, 0xF6, 0x64, 0xEB, 0x90, 0xDA, 0x81, 0x6B, 0x41, 0x7A, 0x2A,
    0x5F, 0x67, 0x2C, 0x05, 0x43, 0xD4, 0x4F, 0xAA, 0xAD, 0xA5, 0xBF, 0x82, 0xF6, 0x5A, 0x09, 0x6A,
    0xE8, 0xA0, 0x61, 0x8B, 0x73, 0x66, 0x4A, 0x0F, 0x9D, 0x64, 0x02, 0xE6, 0xEC, 0x22, 0x49, 0xA1,
    0x7B, 0xF5, 0x3E, 0x39, 0x8A, 0x0B, 0x4E, 0xC8, 0x83, 0x06, 0x5A, 0x0D, 0x12, 0xDA, 0x1B, 0xB5,
    0xFF, 0x70, 0x4B, 0xE7, 0x26, 0x51, 0x9D, 0xAB, 0xFD, 0x27, 0x65, 0x6E, 0xBA, 0xF1, 0xFC, 0x1D,
    0x1B, 0x03, 0x9D, 0xD2, 0x60, 0x59, 0x7F, 0x39, 0x5E, 0x8F, 0xF6, 0x0C, 0x1D, 0x58, 0x89, 0xB5,
    0x3D, 0xDD, 0xB1, 0x7D, 0x67, 0xAA, 0x0B, 0x31, 0xAB, 0x53, 0x46, 0x25, 0x5C, 0x2D, 0xEA, 0x1F,
    0x48, 0x8C, 0x9A, 0xFD, 0x56, 0xC4, 0x83, 0x98, 0x41, 0xB3, 0x26, 0x9C, 0xED, 0x63, 0x54, 0x7D,
    0xD8, 0x91, 0xB7, 0x62, 0x6B, 0x34, 0x4A, 0xBE, 0xA2, 0x4B, 0xFC, 0xEE, 0x5C, 0xE6, 0x96, 0x2D,
    0x9E, 0xC3, 0xFE, 0xE5, 0xC6, 0x77, 0xE8, 0x37, 0x3B, 0x7E, 0xD9, 0xE0, 0xF6, 0x25, 0xA5, 0x77,
    0xBB, 0x7E, 0xFE, 0xDD, 0x39, 0xF2, 0xEF, 0x62, 0x45, 0x63, 0x48, 0xC5, 0x38, 0xAA, 0x1F, 0x21,
    0x32, 0x22, 0x3D, 0x62, 0xFA, 0x34, 0x4C, 0x8E, 0xC8, 0x89, 0xC5, 0x11, 0x6B, 0xA2, 0x27, 0x3A,
    0xE0, 0x83, 0x16, 0x70, 0x96, 0xA8, 0x00, 0x75, 0xC5, 0x33, 0x7A, 0x83, 0x13, 0xA7, 0x81, 0x2B,
    0x73, 0x93, 0xD6, 0x71, 0x04, 0xDA, 0x6F, 0x1A, 0x91, 0x65, 0xFB, 0x10, 0x85, 0x37, 0xED, 0x39,
    0xCE, 0x7B, 0xD0, 0xD2, 0x0B, 0xFE, 0x77, 0xDB, 0xA1, 0xF7, 0xFE, 0xB3, 0xED, 0x30, 0xA3, 0x7F,
    0xD6, 0x76, 0xA9, 0x84, 0xF7, 0xDA, 0x2E, 0xCE, 0xA2, 0x8F, 0xDB, 0x2E, 0x2A, 0x63, 0xD3, 0x76,
    0x61, 0x95, 0x80, 0x41, 0x3D, 0x01, 0x7D, 0xBB, 0x00, 0x3D, 0xDB, 0x81, 0x72, 0xDE, 0x92, 0x7B,
    0x4B, 0x16, 0x0D, 0x99, 0x56, 0x64, 0x42, 0x72, 0x7F, 0xD1, 0x1E, 0xC6, 0x39, 0xAC, 0x5E, 0x14,
    0x8F, 0x16, 0x1C, 0x4C, 0xFC, 0xBB, 0x9A, 0xF7, 0xED, 0x20, 0xF2, 0xD1, 0xA9, 0x06, 0x4C, 0x7B,
    0x70, 0xCB, 0xED, 0x84, 0xB7, 0x97, 0xB0, 0x95, 0xA0, 0x15, 0xA3, 0x23, 0x25, 0x67, 0x9C, 0x87,
    0x92, 0x72, 0xD8, 0x21, 0x29, 0x0B, 0x97, 0x64, 0x54, 0x3D, 0x9D, 0x2C, 0x93, 0x64, 0x24, 0x63,
    0xB6, 0x34, 0x8B, 0xB4, 0x86, 0xB0, 0xE1, 0x94, 0xF7, 0x3B, 0xF1, 0x68, 0xBC, 0xD9, 0xDC, 0x0E,
    0x01, 0x1F, 0x57, 0xEA, 0x73, 0x75, 0xC9, 0x90, 0x19, 0x52, 0xF6, 0xE8, 0xAE, 0x68, 0xF4, 0xAF,
    0x1B, 0x5C, 0x07, 0x18, 0x7A, 0x33, 0xEC, 0x66, 0x6C, 0xCF, 0x25, 0xEE, 0xB8, 0xFC, 0x0D, 0x32,
    0xFE, 0x0E, 0x31, 0xA5, 0x0E, 0x4B, 0x5F, 0x2B, 0xBB, 0x9B, 0xAF, 0x70, 0x9B, 0x96, 0x11, 0x72,
    0x19, 0x2F, 0xB9, 0x4D, 0x63, 0xF4, 0x9C, 0x6D, 0xD9, 0x83, 0xC4, 0x18, 0x8D, 0x78, 0xAF, 0x15,
    0xDF, 0x55, 0x70, 0x07, 0x3F, 0x59, 0x92, 0x61, 0x75, 0xE4, 0xF5, 0xED, 0xC3, 0x4C, 0xD8, 0x23,
    0x3D, 0xAA, 0xBB, 0xFB, 0x95, 0xCB, 0xA2, 0x36, 0xAC, 0xE2, 0x3A, 0xAE, 0xC2, 0x2A, 0xB0, 0x29,
    0xCA, 0x78, 0x2D, 0x29, 0xDD, 0x92, 0xEC, 0x73, 0xE5, 0x52, 0x39, 0x55, 0xF2, 0xA8, 0xE9, 0x92,
    0x2C, 0x44, 0xBB, 0xA3, 0x3A, 0xAC, 0xA2, 0x26, 0xD8, 0x85, 0xF7, 0xB6, 0x95, 0xE1, 0x76, 0x67,
    0x7C, 0x8E, 0x00, 0xF5, 0xF3, 0x27, 0xAE, 0xCB, 0x9E, 0xE7, 0x02, 0x62, 0xB2, 0x94, 0x4F, 0x11,
    0xF8, 0x1C, 0xA1, 0xC4, 0x40, 0xA7, 0xE3, 0x3E, 0xAD, 0xE3, 0xE2, 0xB7, 0xE1, 0x50, 0xA4, 0xF4,
    0xF1, 0xF1, 0x3F, 0x94, 0x34, 0x0D, 0x0E, 0xE3, 0x0E, 0xF0, 0x7A, 0x7E, 0xDB, 0x03, 0x91, 0x63,
    0xE5, 0x7F, 0x51, 0x8D, 0xE5, 0xD6, 0xBE, 0x1D, 0xCE, 0x85, 0xDE, 0x08, 0x72, 0x52, 0x54, 0x3B,
    0x4C, 0xC2, 0xA8, 0xDE, 0x70, 0x61, 0xFB, 0x43, 0xC5, 0xB7, 0x5F, 0xBA, 0x63, 0x7A, 0xAA, 0x95,
    0xC2, 0x0C, 0x6E, 0xAC, 0xA1, 0x9F, 0x25, 0x1B, 0xC8, 0x12, 0x92, 0x96, 0x66, 0x1B, 0xA3, 0xB2,
    0x00, 0x22, 0x6F, 0x7D, 0xC2, 0x0A, 0x9E, 0x29, 0x37, 0x75, 0xC4, 0x4F, 0x18, 0x8B, 0xC2, 0xC2,
    0xBE, 0x5B, 0x05, 0x7F, 0xBB, 0x5F, 0xDD, 0x69, 0x9D, 0xA6, 0x83, 0xD2, 0x06, 0x9A, 0x6C, 0x58,
    0x33, 0xFD, 0xE6, 0x8F, 0x4E, 0xEF, 0x66, 0x1F, 0x9C, 0xCF, 0x6E, 0x3D, 0xC8, 0xDC, 0x90, 0xAA,
    0x83, 0x16, 0x4D, 0xD1, 0xF3, 0x34, 0x9E, 0xBE, 0xE9, 0x2A, 0x91, 0x8D, 0x90, 0xE4, 0xD9, 0x58,
    0x7D, 0x02, 0xC0, 0x25, 0x11, 0x16, 0x79, 0x41, 0x0F, 0xC8, 0x8E, 0x58, 0x12, 0xE9, 0x11, 0xFA,
    0x73, 0x03, 0x18, 0x14, 0xF9, 0xC7, 0x79, 0xCB, 0x33, 0x6A, 0xE0, 0x5C, 0x6E, 0xCA, 0x68, 0xDC,
    0xB0, 0xF8, 0x17, 0xE7, 0x7E, 0x95, 0x81, 0xDC, 0xD0, 0x90, 0xAE, 0x64, 0x7E, 0x5C, 0x93, 0x81,
    0x25, 0x7D, 0xA5, 0xD7, 0x3E, 0xC6, 0xC7, 0xF2, 0xA3, 0x26, 0x2E, 0x77, 0xEF, 0x6F, 0x2B, 0x9E,
    0xBB, 0x17, 0xB2, 0x01, 0xD9, 0x92, 0xFE, 0x39, 0xC2, 0xEB, 0x8E, 0xDB, 0x28, 0xBD, 0x22, 0xAF,
    0x77, 0x71, 0x2D, 0xA1, 0xF0, 0x77, 0xD4, 0xF0, 0x0A, 0xAC, 0x9F, 0xB5, 0x33, 0xA4, 0xE5, 0x62,
    0x98, 0x11, 0x8D, 0xBC, 0x2B, 0x6F, 0x77, 0xF4, 0xEC, 0x3B, 0x40, 0x0A, 0x42, 0x3B, 0x34, 0xAE,
    0x80, 0x68, 0x80, 0xC1, 0x7A, 0x5F, 0x7B, 0x8E, 0x8B, 0x0A, 0x71, 0x7C, 0x2E, 0x71, 0x44, 0x7C,
    0x5C, 0x57, 0xB6, 0x83, 0x77, 0xF9, 0x9B, 0x6C, 0xDE, 0x0E, 0xCB, 0x44, 0x82, 0x16, 0xAA, 0xA3,
    0x62, 0xEF, 0x5E, 0xFF, 0x8C, 0x4D, 0x37, 0xBC, 0x6C, 0xCF, 0x95, 0xAA, 0x87, 0x4A, 0x50, 0xE9,
    0x10, 0xB2, 0xA5, 0x65, 0x3F, 0x7A, 0x16, 0xD3, 0x09, 0x17, 0x40, 0xCF, 0x0A, 0xDB, 0xEF, 0x3F,
    0xAE, 0x78, 0x2E, 0x6E, 0x6C, 0x54, 0xFB, 0x3B, 0xAA, 0xF4, 0x18, 0xD5, 0x85, 0x13, 0x18, 0x9D,
    0x07, 0x58, 0x46, 0x19, 0x7C, 0xA0, 0x77, 0x76, 0xBC, 0xA9, 0x9E, 0xCD, 0x2C, 0x32, 0xF4, 0xD7,
    0xFD, 0xEB, 0x7B, 0xE9, 0xB9, 0x8A, 0xB5, 0x50, 0xB2, 0xD5, 0x55, 0x40, 0xCC, 0x09, 0x79, 0x63,
    0x86, 0x11, 0x65, 0xE3, 0x1D, 0xE0, 0xEF, 0xB3, 0x08, 0xAE, 0x1C, 0xCD, 0x0A, 0x6B, 0x75, 0xB4,
    0x8A, 0xC3, 0xCF, 0x61, 0xC1, 0xE9, 0x00, 0x71, 0x08, 0x8A, 0x86, 0x20, 0x23, 0x20, 0xC2, 0xE6,
    0x50, 0x34, 0xCD, 0x80, 0x33, 0x01, 0x7A, 0x16, 0x6E, 0x0F, 0xA7, 0xE9, 0xF1, 0x24, 0x03, 0xF4,
    0xD2, 0x5B, 0xD4, 0x82, 0x51, 0x89, 0x3E, 0x99, 0x57, 0x6C, 0x37, 0x6F, 0xE1, 0x28, 0x5B, 0x67,
    0x87, 0xA7, 0xA0, 0xBE, 0xA5, 0x87, 0xDF, 0xA8, 0x04, 0x90, 0xC8, 0xA6, 0x59, 0x61, 0x13, 0xF7,
    0x00, 0xC7, 0xEF, 0x59, 0x2E, 0x8C, 0x63, 0x7A, 0x8B, 0x77, 0xED, 0x80, 0xC2, 0xDD, 0x16, 0xB3,
    0xCF, 0x58, 0xCD, 0x71, 0xB8, 0x74, 0xC6, 0x18, 0x0C, 0xC8, 0x34, 0xC1, 0x7D, 0x4F, 0x39, 0x63,
    0xD2, 0xC6, 0xC7, 0x20, 0x94, 0xB2, 0xE3, 0x48, 0x2C, 0x89, 0x14, 0xEA, 0x80, 0x29, 0x91, 0x1E,
    0x81, 0x0A, 0x36, 0xC3, 0xFD, 0x04, 0x6D, 0xD0, 0x8A, 0xA7, 0x46, 0x51, 0xEC, 0x79, 0x17, 0x19,
    0xBF, 0xDC, 0xE6, 0xD8, 0x67, 0xCB, 0xD5, 0xB6, 0xCA, 0xD1, 0x0F, 0xB9, 0xF8, 0x90, 0x00, 0x12,
    0x55, 0x05, 0x8C, 0x90, 0xB2, 0x9C, 0xCD, 0x2B, 0xE4, 0xD9, 0x5C, 0xBC, 0x51, 0x7C, 0x8B, 0x3C,
    0x7D, 0x3E, 0x5B, 0xB8, 0x73, 0x94, 0xE9, 0xF1, 0x59, 0xAE, 0x7E, 0x9A, 0x8B, 0xBC, 0xE0, 0x87,
    0x7D, 0x3F, 0x02, 0x57, 0x16, 0x59, 0x48, 0x72, 0x09, 0xEB, 0x23, 0xBA, 0x03, 0x4C, 0x0B, 0x78,
    0x16, 0xF0, 0x1B, 0x20, 0xFE, 0x72, 0x36, 0xD7, 0x3D, 0x73, 0xA7, 0xE0, 0xCE, 0xF8, 0x49, 0xDC,
    0x3C, 0x46, 0x03, 0xF3, 0x8E, 0xF7, 0x9E, 0x85, 0x2D, 0x17, 0x7C, 0x0E, 0x8D, 0xD7, 0x4E, 0x85,
    0x4B, 0xBD, 0xA0, 0xF5, 0x4E, 0x05, 0xDF, 0x85, 0x32, 0x85, 0xA4, 0xE3, 0xBC, 0x8A, 0x5A, 0xF3,
    0x2F, 0x3E, 0x3B, 0xBD, 0x70, 0x35, 0x4D, 0xEE, 0x1D, 0x09, 0x2A, 0xF9, 0x1C, 0x3E, 0xAB, 0xF2,
    0x2C, 0x6C, 0x03, 0xD6, 0xE1, 0x37, 0x01, 0xCC, 0xC3, 0xB4, 0x41, 0xC5, 0x20, 0x26, 0xA8, 0x96,
    0xA8, 0x20, 0xA8, 0x18, 0xC1, 0xDC, 0xC5, 0x36, 0x8A, 0x76, 0x02, 0xA6, 0x77, 0xBF, 0x6A, 0x51,
    0x39, 0xF3, 0x59, 0xA6, 0x10, 0x9F, 0xE5, 0xB3, 0x40, 0xCF, 0xD5, 0x7A, 0xAC, 0xD6, 0xD9, 0x2E,
    0x59, 0x7F, 0x2F, 0x48, 0x6F, 0xE3, 0x82, 0x5B, 0xD7, 0xCB, 0xBB, 0x3F, 0x72, 0x63, 0x7B, 0x92,
    0x51, 0x9F, 0x49, 0xE0, 0x5A, 0x09, 0xE9, 0x1F, 0xDE, 0xDF, 0x8F, 0x4E, 0x20, 0x2A, 0x21, 0x15,
    0xA7, 0xF7, 0x7D, 0xCC, 0x19, 0xFA, 0x8F, 0xAD, 0xBB, 0xAF, 0x13, 0x99, 0x7B, 0x65, 0x0C, 0x5F,
    0x8F, 0x21, 0x85, 0x24, 0x90, 0x09, 0x64, 0xDD, 0xE7, 0xC6, 0xF6, 0xB9, 0xDF, 0xF4, 0x39, 0x1A,
    0x95, 0x47, 0x59, 0x9F, 0x27, 0xD2, 0xE7, 0x13, 0x48, 0x27, 0xFD, 0xD2, 0xA2, 0x57, 0x1A, 0x48,
    0x05, 0xC9, 0x86, 0xF6, 0xF8, 0x75, 0x94, 0xE9, 0x83, 0x24, 0xD4, 0x2D, 0x49, 0x2B, 0x43, 0x7A,
    0x35, 0xF5, 0xA3, 0x0E, 0x35, 0xB9, 0x1C, 0xE6, 0x9A, 0xCB, 0x54, 0x9F, 0x23, 0xF0, 0x19, 0x02,
    0x9F, 0x1F, 0x14, 0x77, 0x19, 0xC5, 0x96, 0xAA, 0x73, 0xDF, 0x22, 0xBF, 0x93, 0x7C, 0x7C, 0x46,
    0x80, 0xF2, 0x25, 0xCE, 0xAB, 0xF3, 0x61, 0xE2, 0xED, 0x55, 0xF6, 0xAB, 0x33, 0xE9, 0x64, 0x7A,
    0x94, 0xF6, 0xA2, 0x18, 0x3B, 0x88, 0x07, 0xF1, 0x21, 0xB7, 0x1A, 0xCC, 0xAA, 0x0A, 0x92, 0xE9,
    0xC0, 0x0B, 0xDA, 0x63, 0x76, 0x68, 0x98, 0xBF, 0x2B, 0x6A, 0x09, 0x76, 0x85, 0x95, 0x70, 0x87,
    0xF6, 0x46, 0x9B, 0x45, 0x27, 0xC9, 0x64, 0xB1, 0x96, 0xE9, 0x64, 0x31, 0x91, 0xC5, 0x64, 0x91,
    0x48, 0x37, 0x59, 0xC4, 0xA6, 0x9D, 0x2C, 0xA2, 0xBF, 0xB5, 0x93, 0x45, 0xF0, 0x45, 0x3D, 0x59,
    0xF8, 0xBF, 0xAC, 0x26, 0x0B, 0xCF, 0x95, 0x93, 0x85, 0x71, 0x32, 0x59, 0xC8, 0x9E, 0x58, 0xC8,
    0x24, 0x17, 0x69, 0x21, 0xDD, 0x55, 0x02, 0xD3, 0x53, 0x59, 0xAE, 0x56, 0xFC, 0xFD, 0x54, 0x11,
    0x4D, 0xC9, 0x4E, 0xC4, 0x53, 0xA7, 0xF5, 0xE0, 0x6D, 0x3E, 0x0B, 0x31, 0x1A, 0x37, 0x6F, 0x88,
    0xE5, 0xE0, 0x00, 0xF2, 0x8B, 0x60, 0x1E, 0x8F, 0x4E, 0x87, 0x72, 0x71, 0x49, 0x7F, 0x7E, 0x95,
    0x2B, 0x80, 0xA1, 0x42, 0xDA, 0x25, 0xC2, 0x97, 0x5C, 0xCC, 0x4B, 0x89, 0x20, 0xFD, 0x24, 0xDE,
    0xC9, 0x62, 0xEB, 0xAA, 0xE2, 0xC1, 0x87, 0xB6, 0x28, 0xFD, 0x8E, 0x1B, 0xFC, 0xE5, 0x20, 0x1B,
    0xCE, 0xFE, 0x83, 0xF0, 0xB7, 0xCE, 0x3E, 0x4A, 0xE9, 0x75, 0x45, 0x13, 0xDA, 0x1C, 0x4D, 0xCA,
    0x93, 0x3D, 0x1A, 0x7E, 0x02, 0x91, 0x2B, 0xE5, 0x07, 0x32, 0xA6, 0x64, 0x9F, 0x19, 0x74, 0x44,
    0x78, 0xFE, 0x41, 0x19, 0x55, 0xC3, 0x2C, 0x48, 0x39, 0x83, 0xAF, 0x38, 0x67, 0x7A, 0xE1, 0x35,
    0x94, 0xC9, 0x7C, 0x47, 0x83, 0x82, 0x98, 0x13, 0xBD, 0xEF, 0x2D, 0xE4, 0xA3, 0xBB, 0xBF, 0xFD,
    0x94, 0xD3, 0xE8, 0x65, 0xE4, 0x73, 0x5C, 0x62, 0x83, 0xFB, 0x49, 0x45, 0x7A, 0xFA, 0xAA, 0xB8,
    0xF4, 0x5A, 0x6E, 0x6E, 0x82, 0x9A, 0xFE, 0x21, 0x54, 0x5F, 0x61, 0xDA, 0x38, 0xD3, 0xA3, 0x8B,
    0xA9, 0xA8, 0x41, 0x24, 0x6B, 0x91, 0xB8, 0xC3, 0xF9, 0xDC, 0xBC, 0x50, 0x6A, 0x4E, 0x61, 0xD6,
    0x77, 0x98, 0xE6, 0xB2, 0xED, 0x21, 0x96, 0x6B, 0x32, 0xD3, 0x3B, 0xCA, 0xF4, 0xF9, 0x0C, 0x75,
    0xE3, 0xBC, 0xD5, 0x1D, 0xDE, 0xBE, 0x98, 0x5B, 0x89, 0x9A, 0xD4, 0xE3, 0x53, 0x96, 0x14, 0x95,
    0xA6, 0xFA, 0xB7, 0xD4, 0x00, 0x2B, 0x07, 0xE3, 0x81, 0xA5, 0x32, 0x1B, 0xF2, 0x87, 0x32, 0x29,
    0x74, 0x01, 0x13, 0x4B, 0x65, 0x27, 0x61, 0x97, 0x06, 0xF4, 0xA0, 0xBA, 0x98, 0x27, 0x4E, 0x8D,
    0xA6, 0x38, 0x79, 0xC1, 0xF6, 0xC8, 0x9F, 0x6A, 0xEB, 0xE1, 0x37, 0xB5, 0x5F, 0x02, 0xCB, 0x2D,
    0x20, 0x37, 0x52, 0x6A, 0x01, 0x29, 0x7D, 0x65, 0xAB, 0xFD, 0xA0, 0x9A, 0xBF, 0x7B, 0xFA, 0x67,
    0x78, 0x44, 0x94, 0x63, 0x3F, 0x26, 0x99, 0xA1, 0xA7, 0xDE, 0x4D, 0xC4, 0x58, 0xA1, 0xA1, 0xFD,
    0x5E, 0x58, 0xCE, 0xDE, 0x7F, 0xC0, 0x61, 0x77, 0x95, 0x82, 0x4B, 0xED, 0x15, 0xB8, 0x96, 0x4D,
    0x44, 0x3A, 0x3E, 0x45, 0xBA, 0x4A, 0x74, 0xA4, 0xEB, 0xEB, 0x3D, 0xDC, 0x7B, 0xEF, 0xB9, 0x7D,
    0x3F, 0x04, 0xA3, 0x97, 0x65, 0xC1, 0x61, 0xCD, 0xF3, 0x57, 0xCA, 0xE5, 0xEC, 0xD6, 0xAF, 0x67,
    0x1B, 0xB6, 0xDD, 0xED, 0x06, 0x22, 0xBF, 0x92, 0x85, 0xE8, 0xE1, 0xF5, 0x6B, 0x51, 0xC3, 0x35,
    0xB3, 0xC2, 0x31, 0x35, 0xA3, 0x12, 0x26, 0xFF, 0x19, 0xCA, 0x9C, 0x14, 0xC3, 0x03, 0x24, 0xE0,
    0xA3, 0xED, 0x55, 0xFB, 0xC2, 0x21, 0xC0, 0xDD, 0xF3, 0x9B, 0xAB, 0x90, 0x37, 0xEE, 0x8B, 0x2F,
    0x20, 0x00, 0x66, 0xF3, 0xFA, 0x10, 0x08, 0x77, 0x3A, 0xA5, 0xD7, 0x4F, 0x45, 0xB1, 0x3A, 0x05,
    0xDC, 0x9E, 0xDF, 0x5C, 0x89, 0xBC, 0xA8, 0x02, 0x82, 0x9A, 0x68, 0xC6, 0x6F, 0xCC, 0x5B, 0xCE,
    0xB6, 0xA5, 0x96, 0x03, 0xEE, 0x0F, 0xE7, 0x5E, 0x25, 0xCB, 0xD5, 0x89, 0x68, 0x28, 0x74, 0xC7,
    0x61, 0x8E, 0xC4, 0x0C, 0x85, 0x1E, 0x0F, 0x93, 0xEA, 0xE5, 0xAC, 0xA0, 0x1D, 0x09, 0x2B, 0x61,
    0x4A, 0x5C, 0x86, 0xEF, 0x56, 0xDE, 0xFD, 0xA0, 0xE7, 0xAD, 0x1F, 0x62, 0x09, 0x5D, 0x9F, 0x61,
    0x2D, 0x2A, 0x6F, 0x32, 0xFE, 0x3C, 0x4E, 0xF6, 0x84, 0xDE, 0x57, 0x4E, 0xBD, 0x1D, 0x3A, 0xAA,
    0x55, 0xB7, 0x24, 0x27, 0x8F, 0x56, 0xD7, 0xEB, 0xEE, 0x14, 0x4C, 0xF4, 0xB6, 0xB7, 0x3F, 0x86,
    0x6F, 0x34, 0x3D, 0x67, 0xAE, 0xCF, 0x30, 0x77, 0x64, 0xD0, 0x48, 0x58, 0x33, 0x40, 0x09, 0x46,
    0x2E, 0xEF, 0x90, 0x43, 0x3E, 0xCB, 0x84, 0x87, 0x92, 0xA6, 0xE3, 0xB9, 0x82, 0x85, 0x92, 0xEB,
    0xA7, 0xEB, 0xC1, 0xF0, 0xD1, 0x3F, 0x2D, 0xFC, 0x95, 0x6B, 0x19, 0x64, 0xC7, 0x0F, 0x57, 0x6D,
    0x9A, 0x99, 0x36, 0x95, 0x47, 0x92, 0x94, 0xA6, 0x8D, 0xF6, 0x77, 0x5A, 0xCF, 0xB1, 0x89, 0xAB,
    0x56, 0xF8, 0x14, 0xB9, 0x35, 0x6D, 0xD0, 0x20, 0xBF, 0x32, 0x5A, 0xFE, 0x8C, 0x93, 0x6B, 0x37,
    0xDE, 0x30, 0x6F, 0xCE, 0xAF, 0x45, 0xC4, 0x0A, 0xD3, 0xAB, 0x8C, 0xC1, 0xE4, 0xD3, 0x37, 0x85,
    0xDE, 0x83, 0x22, 0x27, 0xD7, 0x5E, 0x79, 0xFD, 0xDA, 0xEC, 0xA0, 0x39, 0x00, 0xF3, 0x4B, 0x71,
    0xCC, 0x53, 0xDC, 0xC8, 0x24, 0xF8, 0x0F, 0xD7, 0x4A, 0xF0, 0x35, 0x6C, 0x23, 0x80, 0x79, 0x48,
    0xD0, 0x61, 0x94, 0xB9, 0xFB, 0x20, 0xB8, 0x6F, 0xF8, 0xB6, 0x10, 0xB9, 0x84, 0x52, 0xC6, 0x85,
    0xCD, 0x09, 0xD0, 0x03, 0x37, 0x70, 0xFF, 0x3E, 0x5F, 0xFD, 0x8F, 0xAF, 0xA1, 0x7E, 0x22, 0x9A,
    0x5E, 0x2A, 0x0A, 0x1F, 0x57, 0x51, 0x4F, 0x57, 0xD1, 0xEF, 0x67, 0x4F, 0xAE, 0xA2, 0x85, 0xDB,
    0x0D, 0x1B, 0x80, 0xD5, 0x67, 0xCF, 0x5D, 0x45, 0x99, 0x3C, 0xCC, 0x80, 0x98, 0x33, 0xE5, 0xC7,
    0xB9, 0xAC, 0x45, 0x54, 0x36, 0x3C, 0x07, 0x73, 0x3C, 0xD6, 0xB0, 0xA5, 0xC1, 0x17, 0xDE, 0x84,
    0x3B, 0xF4, 0x3E, 0x6B, 0x93, 0x7F, 0x95, 0xAD, 0x70, 0x83, 0x39, 0xE7, 0x71, 0x46, 0xEC, 0x93,
    0xB3, 0x25, 0xCC, 0x31, 0x7F, 0x32, 0x89, 0xBC, 0xF7, 0xDE, 0x32, 0x9F, 0x2C, 0xBE, 0x87, 0x83,
    0x5C, 0x2E, 0x9F, 0xF7, 0xC7, 0x9A, 0xE4, 0x0C, 0x4D, 0xD7, 0xF2, 0xD0, 0x2F, 0xFA, 0xD7, 0x6F,
    0xBB, 0xAD, 0xC5, 0x00, 0x33, 0xFC, 0x16, 0x81, 0xDA, 0x51, 0xED, 0x57, 0x1B, 0x2A, 0xCE, 0xC3,
    0x4B, 0xAA, 0xA5, 0x9B, 0xA0, 0x42, 0x9F, 0x51, 0xD1, 0xF3, 0x40, 0xD1, 0x5F, 0xE8, 0x8A, 0x15,
    0xD6, 0xAA, 0x82, 0xDA, 0x1B, 0x7E, 0x8D, 0xEF, 0xD0, 0x6E, 0xD5, 0x42, 0x2F, 0xE4, 0x2A, 0xED,
    0x67, 0x27, 0x47, 0x27, 0xA2, 0xCD, 0x35, 0x76, 0x50, 0xED, 0x73, 0xD4, 0x52, 0x3C, 0x2A, 0x75,
    0xCA, 0xCD, 0xA0, 0x7A, 0xCD, 0x34, 0xDB, 0xA1, 0x48, 0x9A, 0xA9, 0x8A, 0x07, 0x95, 0x0C, 0x2A,
    0x15, 0xA8, 0x07, 0xEF, 0xEF, 0xA9, 0x9C, 0xEB, 0x06, 0x75, 0x7A, 0xD9, 0xF8, 0x9D, 0xE2, 0x2A,
    0xE3, 0xEF, 0x1E, 0x19, 0x7F, 0x46, 0xE3, 0x7F, 0x59, 0xBB, 0x57, 0x0C, 0xAE, 0xB2, 0x1F, 0xF6,
    0xBE, 0x01, 0x67, 0xA5, 0x1C, 0xD3, 0x2B, 0xD9, 0x1E, 0xF4, 0xEC, 0xA2, 0x71, 0x47, 0xCD, 0xFA,
    0x8D, 0x7D, 0xA5, 0x5B, 0x18, 0x9D, 0x00, 0x36, 0xAC, 0xA4, 0x8D, 0x4A, 0x5D, 0xF0, 0xE2, 0x4E,
    0xC6, 0xF4, 0x07, 0x09, 0x0F, 0x69, 0x2E, 0x2F, 0x13, 0xB2, 0x23, 0x18, 0x6A, 0x61, 0x32, 0x2A,
    0xAC, 0xFF, 0x82, 0x5C, 0xCB, 0x38, 0x77, 0xF0, 0xB9, 0x31, 0xBC, 0xBA, 0x4E, 0xB9, 0xCB, 0xB8,
    0xA0, 0xF0, 0x99, 0x26, 0xAA, 0x96, 0x49, 0xA6, 0x4A, 0xFF, 0x21, 0x4A, 0x72, 0x9C, 0x5E, 0x94,
    0xB2, 0x86, 0xDA, 0xA2, 0x87, 0xC2, 0x5A, 0x1C, 0x14, 0x56, 0x0B, 0x57, 0x4B, 0xE7, 0x5B, 0xBC,
    0x9F, 0xC4, 0xFA, 0x61, 0xFD, 0x5F, 0x59, 0xCF, 0x62, 0x11, 0xF9, 0xB7, 0x96, 0x03, 0x14, 0xDD,
    0xEB, 0x18, 0x6B, 0xA0, 0xA3, 0xC3, 0x0A, 0xD5, 0xA1, 0x0E, 0x54, 0x35, 0x95, 0x14, 0x1D, 0x13,
    0x6F, 0x24, 0x29, 0x04, 0xC3, 0x23, 0x11, 0xFD, 0x70, 0x27, 0x21, 0x2D, 0xA5, 0xE5, 0x67, 0x4C,
    0x0B, 0x0E, 0xEA, 0x3B, 0x1A, 0xAD, 0xA4, 0x4B, 0x72, 0x3A, 0x55, 0xA6, 0x8C, 0x45, 0xF2, 0x44,
    0x9F, 0xB5, 0x27, 0x19, 0x19, 0x95, 0x38, 0xAB, 0x8B, 0xAA, 0xB0, 0x33, 0x6D, 0x58, 0x45, 0xBD,
    0x67, 0xFD, 0xE6, 0x9D, 0x85, 0xDF, 0xF8, 0xF6, 0xBD, 0x69, 0x50, 0x9B, 0xF6, 0xF3, 0x84, 0x8F,
    0x4B, 0x6C, 0xF4, 0x61, 0x26, 0x85, 0x0D, 0x19, 0x9A, 0xD4, 0x7E, 0xCF, 0x95, 0xC2, 0xEB, 0xC6,
    0x48, 0x3C, 0xBD, 0x00, 0x6E, 0x1E, 0x06, 0xDC, 0x28, 0x66, 0x27, 0x97, 0x43, 0x1C, 0xF7, 0x5F,
    0x04, 0xA3, 0x9B, 0xD5, 0x56, 0x63, 0x9A, 0x1E, 0x10, 0xC5, 0x86, 0xC8, 0x8F, 0xDF, 0x98, 0xE7,
    0x01, 0xB3, 0xB9, 0xE5, 0x19, 0x35, 0x70, 0x2E, 0x43, 0xEA, 0x2E, 0x80, 0xDB, 0x5C, 0xC0, 0x21,
    0xAA, 0xDA, 0xAF, 0x34, 0xEF, 0x32, 0x1C, 0xAF, 0xEB, 0xE8, 0xA2, 0x77, 0xB3, 0xBB, 0x0D, 0xF2,
    0x7C, 0x0B, 0x78, 0x47, 0xF8, 0xC4, 0xBC, 0xD6, 0x22, 0x40, 0x47, 0xCF, 0xCB, 0xB7, 0x7E, 0xBC,
    0x55, 0x7D, 0xE5, 0x35, 0x3E, 0xAD, 0xF4, 0x77, 0xF2, 0xB6, 0xF0, 0xC1, 0xA4, 0x8C, 0x6F, 0x6A,
    0xC7, 0xB6, 0x53, 0x2D, 0x07, 0xB5, 0x19, 0x54, 0x4F, 0xE5, 0x98, 0xEA, 0x41, 0x35, 0xF0, 0x99,
    0x78, 0x20, 0x7E, 0x7A, 0x38, 0x76, 0x54, 0x9B, 0x0B, 0xA7, 0x8F, 0x95, 0x25, 0x95, 0xAA, 0xC8,
    0xAA, 0x0A, 0xF6, 0xD9, 0x2D, 0x19, 0x1A, 0x41, 0xC5, 0x75, 0x85, 0xE9, 0xC6, 0xA3, 0x39, 0x2B,
    0xDB, 0x73, 0x30, 0x74, 0x0E, 0x4C, 0x7E, 0xFD, 0xD7, 0x43, 0x3F, 0x82, 0x1B, 0x65, 0xAF, 0xEC,
    0x46, 0xBF, 0xD8, 0x2A, 0x3B, 0x59, 0xA2, 0x3D, 0xB7, 0x99, 0x7F, 0x2C, 0x73, 0x60, 0xA1, 0x44,
    0x48, 0x0F, 0x46, 0x5A, 0xA7, 0x19, 0x2E, 0x69, 0x32, 0x60, 0x08, 0x32, 0xD2, 0x8C, 0x2C, 0x2A,
    0xD2, 0x91, 0xE6, 0x77, 0x0D, 0xE8, 0xFD, 0x8F, 0x05, 0xF1, 0xF2, 0x57, 0x86, 0xA7, 0x97, 0x9C,
    0x3B, 0x1B, 0xF5, 0x34, 0xBA, 0x62, 0xFE, 0x76, 0x4B, 0xB2, 0x97, 0xE5, 0x6C, 0xCB, 0xB8, 0xAF,
    0x4F, 0xC2, 0x9A, 0x21, 0x15, 0x46, 0xC0, 0xB7, 0x09, 0x06, 0x23, 0x68, 0x12, 0x03, 0x93, 0xAE,
    0x12, 0xDE, 0x3E, 0x88, 0x76, 0x64, 0x89, 0x6E, 0xC1, 0x12, 0x7C, 0x5B, 0x82, 0x51, 0xD9, 0x93,
    0x95, 0xD0, 0x06, 0x25, 0xE8, 0x81, 0xF0, 0x0C, 0x88, 0xE6, 0x40, 0x12, 0x65, 0x22, 0x53, 0xCE,
    0xD7, 0x05, 0x9D, 0x04, 0x1F, 0xB4, 0x1A, 0x9A, 0xA3, 0xF7, 0xCD, 0xC3, 0x0E, 0xCD, 0xE2, 0x1B,
    0xCA, 0x7B, 0x16, 0x77, 0x75, 0xCF, 0xA6, 0x12, 0xFF, 0xD0, 0xA2, 0x66, 0x63, 0xA3, 0x72, 0x6A,
    0xE0, 0xAD, 0xD6, 0xC6, 0x06, 0xCD, 0x4D, 0x9D, 0xE8, 0xA2, 0x36, 0xAE, 0x2A, 0x6D, 0x06, 0x65,
    0x55, 0x6D, 0x5A, 0x55, 0x5D, 0x4F, 0x65, 0xDA, 0x35, 0x95, 0x6F, 0x97, 0x54, 0x41, 0x93, 0x52,
    0xA1, 0xE5, 0xD9, 0x30, 0xE2, 0xD5, 0xA0, 0x6A, 0x0C, 0xFC, 0xF6, 0xEE, 0x57, 0x0D, 0xC7, 0x18,
    0xFF, 0xB5, 0x04, 0xD5, 0xE3, 0x4D, 0xB8, 0xAA, 0x12, 0x80, 0xF7, 0x2B, 0x37, 0xD2, 0xFB, 0x68,
    0xC5, 0x92, 0x4E, 0x21, 0x2A, 0x53, 0x1C, 0xA9, 0x22, 0x3E, 0x8F, 0x8F, 0xCB, 0xA8, 0x8C, 0xAA,
    0x3E, 0xC9, 0xA2, 0x12, 0x7D, 0x99, 0x0A, 0x66, 0x2B, 0xFD, 0x5A, 0xCF, 0xD1, 0xF1, 0xF7, 0xCA,
    0xAF, 0xC9, 0xF0, 0xDF, 0x33, 0x30, 0xFA, 0xFB, 0x0A, 0x4C, 0x82, 0x1A, 0x9C, 0xFA, 0xBA, 0xF8,
    0xDD, 0xB1, 0xC7, 0xB1, 0x7E, 0xB8, 0xE7, 0x3A, 0x61, 0xBB, 0x5C, 0xE0, 0xC5, 0xBB, 0x54, 0xF2,
    0xB0, 0xEE, 0xB0, 0x82, 0x44, 0x55, 0x17, 0x95, 0x79, 0x9C, 0x75, 0x08, 0x8B, 0x53, 0xE9, 0x10,
    0xCA, 0x4F, 0x41, 0x6B, 0x66, 0x48, 0xB0, 0x27, 0xA4, 0x6C, 0x20, 0xBD, 0x8B, 0xDE, 0x27, 0x3F,
    0x4B, 0xCE, 0x18, 0xBE, 0xB9, 0xAB, 0x38, 0xCA, 0x8C, 0x93, 0xD8, 0x30, 0xA4, 0x5D, 0x07, 0x5C,
    0x77, 0x0F, 0x33, 0x1D, 0xE5, 0x46, 0xC4, 0xFD, 0xD3, 0x2F, 0x3B, 0x0C, 0x14, 0x8D, 0x80, 0x1B,
    0xDD, 0x14, 0xDD, 0xC4, 0x51, 0xE5, 0xFF, 0x63, 0xC5, 0x19, 0x37, 0xB4, 0xD0, 0x25, 0x99, 0xE0,
    0x57, 0x58, 0xA7, 0x7C, 0xD2, 0xDC, 0x28, 0xED, 0x06, 0xF4, 0x5A, 0x5E, 0xBD, 0x89, 0x08, 0xFF,
    0x21, 0x76, 0x0A, 0x0C, 0xDA, 0xD5, 0xB0, 0xC7, 0xFF, 0xFE, 0x0A, 0x7E, 0x51, 0xF3, 0xF1, 0xE0,
    0xFD, 0x61, 0x72, 0x78, 0xE7, 0xF9, 0xBC, 0xC4, 0x56, 0x24, 0xAC, 0x18, 0xE5, 0xA3, 0x2F, 0xB1,
    0x0A, 0xE2, 0x26, 0x4D, 0x9B, 0xD2, 0xB6, 0x27, 0xC0, 0x7A, 0x0D, 0x4C, 0x6F, 0x0E, 0x2F, 0xD1,
    0x7B, 0xA3, 0x33, 0xF3, 0xA0, 0x8E, 0x8F, 0xDA, 0x05, 0x1F, 0x5A, 0x9F, 0xAC, 0x75, 0x5C, 0xBD,
    0x16, 0xCA, 0x74, 0x41, 0xA3, 0x16, 0x10, 0x95, 0x54, 0x69, 0x31, 0x4E, 0xEF, 0xD3, 0x41, 0xF5,
    0x1C, 0xE5, 0xDF, 0xFC, 0x9F, 0xE3, 0x28, 0x73, 0x8F, 0xDE, 0xEB, 0x90, 0x56, 0x3D, 0x3B, 0x13,
    0x63, 0xA7, 0x0E, 0xBE, 0x41, 0x16, 0xFF, 0x54, 0x79, 0xB6, 0x0F, 0x6A, 0x74, 0x74, 0x07, 0x07,
    0x4F, 0x87, 0xDF, 0x47, 0x54, 0x6B, 0x8C, 0x39, 0x54, 0x9E, 0xFB, 0x3A, 0x51, 0x0F, 0xCA, 0x7B,
    0xB8, 0x82, 0x21, 0x33, 0x92, 0x8C, 0x74, 0x8C, 0x07, 0x57, 0x89, 0xEA, 0xA9, 0xFC, 0xFF, 0xB5,
    0x32, 0x0E, 0xB3, 0x2A, 0x97, 0x61, 0xB8, 0x77, 0x49, 0x5C, 0x73, 0xBC, 0x31, 0xB1, 0x38, 0xE0,
    0x89, 0x07, 0x15, 0xD4, 0x09, 0x63, 0xB4, 0x48, 0xE7, 0x16, 0xC6, 0x9C, 0x93, 0x2B, 0x4F, 0xB4,
    0x36, 0x8C, 0x3A, 0xBF, 0x98, 0x53, 0xB9, 0x2D, 0xD2, 0x05, 0xA8, 0x69, 0xAA, 0xBB, 0xB4, 0x1D,
    0x27, 0x17, 0xE0, 0x71, 0x30, 0x63, 0x77, 0xB7, 0x87, 0x0D, 0x9A, 0xBD, 0xBC, 0x71, 0xF5, 0x9B,
    0xCD, 0x0D, 0x04, 0xE7, 0x9A, 0x95, 0xAB, 0x47, 0x8F, 0xB1, 0xDA, 0xB6, 0xA0, 0xD9, 0x1D, 0x8B,
    0xC4, 0x19, 0x51, 0x1E, 0x90, 0xF0, 0x67, 0x01, 0xF9, 0xFE, 0x4E, 0xCC, 0x96, 0xAB, 0x2E, 0x9B,
    0x9F, 0xFC, 0xFC, 0x62, 0xDD, 0x5F, 0xE2, 0x3F, 0x04, 0x22, 0x1D, 0x5F, 0x82, 0x15, 0xCA, 0x9B,
    0xD9, 0xF5, 0xD2, 0xAF, 0xD3, 0xDA, 0x74, 0xA8, 0xBB, 0xB0, 0xB0, 0x39, 0x7D, 0x21, 0x26, 0xD1,
    0xE9, 0x9C, 0x36, 0x09, 0x09, 0x6A, 0x48, 0xA5, 0xD7, 0xD9, 0xA2, 0x0C, 0x57, 0x0F, 0x84, 0x97,
    0xB4, 0x57, 0x5A, 0xEB, 0x28, 0x8D, 0xD0, 0xCD, 0xE1, 0x9A, 0xDC, 0x53, 0x16, 0x27, 0x72, 0x8C,
    0xD5, 0x8B, 0xAF, 0xDC, 0x29, 0xDF, 0x61, 0x9B, 0xD5, 0xEC, 0xD3, 0x61, 0x4B, 0x78, 0x0D, 0x8E,
    0x61, 0xAA, 0x8E, 0xE7, 0xC5, 0x99, 0x92, 0x25, 0x19, 0x97, 0x89, 0x3A, 0x30, 0x6A, 0x98, 0x77,
    0x93, 0xC8, 0x4E, 0xFC, 0xDD, 0xFC, 0x56, 0xA7, 0x66, 0xD4, 0xD0, 0x86, 0xF7, 0xA2, 0x1D, 0xA2,
    0x94, 0x67, 0x71, 0xFD, 0x3C, 0x2C, 0x64, 0x4D, 0xDF, 0xB4, 0x96, 0x8E, 0xE8, 0x8F, 0x58, 0x1F,
    0xB1, 0xB8, 0x88, 0x75, 0x7E, 0x40, 0x9F, 0xE2, 0xDC, 0x2E, 0x29, 0xD7, 0x81, 0x8D, 0xEE, 0xAF,
    0xE7, 0x75, 0xA0, 0xF6, 0xB4, 0xA5, 0x6D, 0xFD, 0x7F, 0x79, 0x57, 0x00, 0x61, 0x49, 0xB6, 0x9E,
    0xFF, 0x53, 0x77, 0x7A, 0x2A, 0xB6, 0x62, 0x6B, 0x30, 0x92, 0x78, 0x2B, 0xAF, 0xE0, 0x61, 0xB3,
    0xC9, 0xDB, 0x82, 0x87, 0x88, 0xED, 0x5B, 0xB5, 0x1B, 0xF2, 0x10, 0xBC, 0x16, 0xD3, 0x09, 0x16,
    0x81, 0x87, 0x27, 0x09, 0x03, 0x8B, 0x95, 0x74, 0xDF, 0x5B, 0x12, 0x04, 0x8B, 0x34, 0x36, 0x01,
    0xC8, 0x60, 0xB0, 0x6F, 0x16, 0xB3, 0x18, 0x24, 0xF4, 0xED, 0xAA, 0xB7, 0xB0, 0x08, 0xB6, 0x92,
    0xBC, 0x80, 0x87, 0x2D, 0xCF, 0xEC, 0x93, 0xEC, 0xC3, 0x2B, 0x51, 0x23, 0xD5, 0x9D, 0xBA, 0xB7,
    0x72, 0xBE, 0xEF, 0xBF, 0xA7, 0xFB, 0xD6, 0xCE, 0xBD, 0x3D, 0xFD, 0x76, 0x7A, 0x7A, 0x66, 0xE5,
    0xB8, 0xE7, 0xFB, 0xAB, 0x6F, 0x55, 0x55, 0xD5, 0x7F, 0xEE, 0x39, 0x75, 0xFE, 0xF3, 0xFF, 0xFF,
    0xFF, 0xB7, 0x74, 0x4F, 0xBE, 0xF9, 0x0F, 0x00, 0x74, 0x97, 0xE1, 0x0F, 0xA9, 0xA2, 0x80, 0xB7,
    0x10, 0x1F, 0x26, 0x17, 0x91, 0x05, 0xDD, 0x65, 0x30, 0xBC, 0xD5, 0xFD, 0x65, 0xE8, 0x10, 0x63,
    0x87, 0xFF, 0x3D, 0x98, 0xEC, 0x92, 0xDE, 0x16, 0x87, 0xFC, 0x5E, 0x51, 0x8F, 0x8F, 0x32, 0xA0,
    0xAE, 0xCF, 0xE0, 0x22, 0x32, 0x85, 0xBB, 0x8C, 0x99, 0xC3, 0xC7, 0x23, 0x6A, 0x45, 0x65, 0x05,
    0xF1, 0xB5, 0x35, 0xB7, 0xC4, 0x95, 0x78, 0x21, 0x62, 0xB0, 0xCB, 0x3F, 0x7E, 0xBB, 0x71, 0x4E,
    0x5A, 0x3A, 0x4D, 0x3A, 0x33, 0x11, 0xFA, 0xD6, 0x14, 0x60, 0x9F, 0x22, 0x5F, 0x7E, 0x07, 0x88,
    0x45, 0x26, 0x7A, 0x46, 0xD0, 0xA8, 0xDE, 0x0F, 0x77, 0x05, 0x77, 0xC6, 0xD6, 0x5B, 0x9C, 0x88,
    0xC1, 0x7C, 0x5F, 0x4C, 0x30, 0x50, 0xC0, 0xCA, 0xA8, 0xC6, 0xD5, 0x03, 0x38, 0x37, 0xE0, 0x4C,
    0x46, 0x4B, 0xA0, 0xE3, 0xC5, 0xEC, 0x72, 0x7A, 0xC0, 0x84, 0xBE, 0x78, 0x87, 0x2A, 0x0A, 0x10,
    0x5B, 0x8B, 0x13, 0x2E, 0x5F, 0x12, 0xF5, 0x05, 0xA4, 0xE6, 0x28, 0xFA, 0x5B, 0xFA, 0x07, 0xFE,
    0x0B, 0x3D, 0x5A, 0x3E, 0xCD, 0x04, 0xAE, 0xB0, 0x29, 0xB0, 0xB7, 0x80, 0xB6, 0x45, 0x99, 0xAB,
    0x64, 0x1D, 0x65, 0x33, 0x91, 0xBC, 0x18, 0x8B, 0xCC, 0xD3, 0x04, 0x52, 0x7D, 0x04, 0x29, 0x0F,
    0xAF, 0x54, 0x09, 0x0A, 0xBF, 0x10, 0x5F, 0xDD, 0x60, 0xC3, 0x0C, 0xB6, 0x5C, 0x11, 0x69, 0x63,
    0x51, 0x1D, 0x1E, 0xD5, 0xD0, 0x32, 0xC6, 0xD3, 0xC4, 0xAD, 0x50, 0xF7, 0x48, 0x69, 0x9B, 0x06,
    0x3B, 0xE7, 0x2F, 0x0B, 0x71, 0x11, 0xCA, 0x4B, 0x9F, 0x8F, 0xF2, 0x66, 0x2D, 0x83, 0xF2, 0xE2,
    0x34, 0x44, 0xFC, 0x5D, 0xD8, 0x9A, 0x3E, 0xC6, 0xEC, 0x00, 0x09, 0xC4, 0xD4, 0x60, 0xF0, 0xDD,
    0x50, 0x5C, 0x79, 0x56, 0x6D, 0x25, 0x06, 0x51, 0x0A, 0x2C, 0x51, 0x3F, 0x17, 0x2D, 0x2E, 0x0A,
    0x48, 0xBC, 0xB9, 0x44, 0x60, 0x80, 0x2B, 0x18, 0xB2, 0x25, 0x18, 0x0D, 0xA6, 0xD5, 0x13, 0x28,
    0x0B, 0x89, 0x04, 0x1C, 0x15, 0x33, 0xE7, 0xBD, 0x22, 0x93, 0xB0, 0xD0, 0xD7, 0x3D, 0x1D, 0x5D,
    0x12, 0xDD, 0x82, 0x14, 0xAF, 0x5B, 0x98, 0x39, 0x74, 0xCB, 0x34, 0xD2, 0xEA, 0x16, 0xD4, 0x51,
    0xC2, 0x73, 0xE9, 0x17, 0x13, 0x73, 0x0B, 0x02, 0x41, 0x9C, 0x51, 0xB6, 0x0E, 0x0A, 0xF5, 0x58,
    0xA5, 0xFF, 0x4C, 0x58, 0x41, 0x8C, 0x0A, 0xFF, 0x2E, 0xA5, 0x22, 0xA5, 0x96, 0xE0, 0x17, 0x02,
    0xB3, 0xEB, 0x14, 0xDA, 0x72, 0x95, 0x17, 0x97, 0xBE, 0x37, 0x41, 0xDF, 0xA8, 0x73, 0x28, 0xE5,
    0x4E, 0xF7, 0xD8, 0xCE, 0xBB, 0x69, 0x55, 0xD1, 0xC9, 0xB1, 0xEA, 0xB6, 0xE2, 0xC2, 0x6D, 0xF4,
    0xE2, 0xB6, 0x3A, 0x12, 0xBA, 0x14, 0x02, 0x57, 0xC7, 0x28, 0x7A, 0x47, 0x86, 0x71, 0x1A, 0xA2,
    0xBF, 0x60, 0xAC, 0x82, 0xFF, 0x34, 0x2C, 0x4C, 0x87, 0xC5, 0x0C, 0xC7, 0x2C, 0xBB, 0x0C, 0x46,
    0xA6, 0x87, 0x5E, 0xC3, 0x71, 0xDA, 0xAA, 0x8F, 0x63, 0x4C, 0xD6, 0x27, 0x76, 0x03, 0x53, 0x1F,
    0xBF, 0x61, 0x63, 0xF1, 0x98, 0x18, 0x17, 0xC0, 0x46, 0xF8, 0x87, 0xB8, 0x24, 0xC6, 0xB4, 0xED,
    0x44, 0x6A, 0x0D, 0xFE, 0x4C, 0x38, 0xB6, 0xD9, 0x95, 0x38, 0xBE, 0x3D, 0xB0, 0xCC, 0x31, 0xDE,
    0x39, 0xB1, 0xB7, 0x75, 0xFC, 0x36, 0x4A, 0xDD, 0x6F, 0xA8, 0x33, 0x8D, 0xFB, 0x11, 0x95, 0xE2,
    0x44, 0x6E, 0xCC, 0xD7, 0x71, 0x1A, 0x96, 0x40, 0x9A, 0x0D, 0xE9, 0xF6, 0xA6, 0xD1, 0x46, 0xA6,
    0xFF, 0xDE, 0x4F, 0x7B, 0x19, 0xB5, 0x26, 0x4D, 0xE0, 0x11, 0x25, 0x21, 0xFA, 0x1F, 0x7D, 0x31,
    0x70, 0xAB, 0x84, 0x77, 0x06, 0x9A, 0xF6, 0x0C, 0xC5, 0xE1, 0xCA, 0xF7, 0x71, 0x8A, 0x23, 0xF5,
    0x2C, 0x5C, 0x21, 0xA8, 0x7C, 0x75, 0xF5, 0xED, 0xAE, 0x67, 0xD3, 0x54, 0xFA, 0xFB, 0xFF, 0xB3,
    0xD0, 0x50, 0x1C, 0xB2, 0xCA, 0xE9, 0xB8, 0x3E, 0xE3, 0x62, 0xC7, 0xC5, 0x71, 0xBC, 0x82, 0x6E,
    0x8B, 0xE7, 0xF2, 0x4F, 0x16, 0x78, 0x6D, 0x7F, 0x3F, 0xCE, 0x68, 0xF3, 0x4F, 0x70, 0xE4, 0x18,
    0x3F, 0x36, 0xA0, 0x9E, 0x00, 0xC6, 0x0E, 0x2A, 0xEC, 0xAD, 0x78, 0x5C, 0x58, 0xDC, 0x88, 0x32,
    0xFF, 0xD1, 0x3C, 0x17, 0xC3, 0x18, 0x93, 0x18, 0x8C, 0xD2, 0x81, 0x4B, 0xEE, 0x02, 0xE4, 0x06,
    0x51, 0xA3, 0xA0, 0x38, 0x5F, 0x2C, 0xB8, 0x11, 0x99, 0xBC, 0xA0, 0x99, 0xE4, 0xF5, 0x2D, 0xDD,
    0x91, 0x28, 0x91, 0xC0, 0x51, 0xA2, 0x8B, 0xE3, 0x70, 0xD7, 0x31, 0x77, 0xF1, 0x41, 0x53, 0x16,
    0x31, 0xBD, 0x6C, 0x7F, 0x51, 0x24, 0x79, 0xCD, 0xE6, 0xBC, 0xE9, 0x75, 0xEA, 0x4B, 0x48, 0x67,
    0x06, 0xD0, 0xE4, 0x34, 0x4E, 0x86, 0xD3, 0x2D, 0xA7, 0x68, 0xD2, 0x62, 0x48, 0x83, 0x55, 0xBA,
    0xA5, 0x54, 0xA3, 0xDF, 0x1C, 0x8D, 0x1D, 0xCD, 0x40, 0x21, 0xC9, 0x82, 0x62, 0x82, 0x07, 0x9D,
    0x62, 0xD2, 0x8B, 0x33, 0x33, 0x17, 0xAF, 0x7F, 0xB3, 0x6F, 0x5E, 0x69, 0xB9, 0x5A, 0x5D, 0x46,
    0xD8, 0x95, 0x53, 0x72, 0x7E, 0x73, 0xA9, 0x31, 0xBC, 0xAE, 0xEC, 0xE5, 0xC7, 0x24, 0xC7, 0x39,
    0xFB, 0x5D, 0x75, 0x1D, 0x44, 0xDE, 0xAA, 0x81, 0x18, 0xA8, 0x28, 0x4E, 0xCD, 0x59, 0x13, 0x47,
    0x99, 0x3C, 0x56, 0xA6, 0x8D, 0xC9, 0x2B, 0xF1, 0x60, 0x8D, 0xC1, 0xA4, 0xF5, 0x7D, 0xF9, 0xD7,
    0x5C, 0x39, 0x8F, 0xC1, 0xB0, 0xE3, 0xCF, 0x91, 0xA0, 0x1C, 0x83, 0xF8, 0x20, 0x77, 0x49, 0x4C,
    0x6B, 0x49, 0x02, 0x12, 0x28, 0x81, 0x78, 0x4E, 0x12, 0x51, 0x00, 0x4F, 0x83, 0x26, 0xE8, 0xD3,
    0x1E, 0xCE, 0xEC, 0xFF, 0x88, 0xDF, 0x36, 0x9F, 0xFB, 0xE0, 0xC9, 0x40, 0x43, 0x82, 0xF9, 0xFF,
    0x1E, 0xDF, 0x83, 0xB9, 0xBE, 0xF9, 0xBE, 0xF3, 0xAB, 0x3E, 0x7F, 0xA6, 0x6B, 0x46, 0x5C, 0xF9,
    0x9A, 0xE8, 0x51, 0x5C, 0x09, 0x39, 0x58, 0x82, 0x0F, 0xBF, 0x80, 0xE6, 0xC9, 0x64, 0x07, 0x82,
    0x72, 0xC5, 0xBA, 0x16, 0x04, 0x15, 0x8A, 0x8F, 0xAE, 0x93, 0x40, 0xA4, 0xEA, 0x33, 0x53, 0xAA,
    0x93, 0xEC, 0x99, 0x77, 0xCC, 0x05, 0x9D, 0x64, 0xD5, 0x4D, 0x6A, 0xAD, 0x93, 0xEC, 0xFB, 0x37,
    0x85, 0x36, 0x25, 0xB9, 0x6E, 0xC1, 0x22, 0xC0, 0x9C, 0x0B, 0x72, 0x77, 0xD5, 0xFE, 0x8C, 0x17,
    0x76, 0x16, 0x96, 0x4E, 0x73, 0xAE, 0x15, 0x9D, 0x6B, 0x60, 0x69, 0x18, 0x58, 0x1B, 0xB6, 0x04,
    0x21, 0x08, 0x32, 0x5D, 0xB8, 0x23, 0x36, 0xD4, 0xDF, 0x72, 0x43, 0x1D, 0x53, 0x37, 0xF5, 0x95,
    0xDF, 0xC6, 0x74, 0x93, 0x7C, 0x52, 0xB8, 0x57, 0x48, 0x0E, 0x48, 0x1A, 0x0B, 0xFF, 0xBC, 0xC0,
    0x11, 0xB1, 0xFC, 0xEE, 0xA8, 0x32, 0x92, 0x7C, 0xB7, 0x60, 0x84, 0x25, 0xF8, 0xE3, 0xD8, 0xA8,
    0x2C, 0x9C, 0xCC, 0x71, 0x04, 0xC4, 0x8F, 0x8A, 0xC3, 0x1A, 0x4D, 0x90, 0x8A, 0x2B, 0x5C, 0xDE,
    0xD8, 0x66, 0xB6, 0x0E, 0x3D, 0xDB, 0xC2, 0x12, 0x34, 0xB2, 0x05, 0x65, 0x7E, 0x1B, 0xC9, 0xEF,
    0xA5, 0xA1, 0x5C, 0x9B, 0xCC, 0x1E, 0xBC, 0x11, 0x58, 0x92, 0x84, 0xDF, 0xBE, 0x23, 0xD7, 0x0F,
    0x24, 0x59, 0xA4, 0x47, 0xF9, 0xFC, 0x81, 0xB7, 0xB8, 0xE1, 0x64, 0x21, 0x2D, 0x23, 0x37, 0x11,
    0x04, 0x1F, 0x16, 0xC2, 0xF2, 0xB2, 0x54, 0xB2, 0xB6, 0x24, 0xF4, 0x76, 0x6E, 0x45, 0xD8, 0xF4,
    0xC9, 0x42, 0x4C, 0xF1, 0x3B, 0x22, 0xF2, 0x4E, 0x20, 0x92, 0x5E, 0x03, 0xEF, 0x46, 0x7E, 0x89,
    0x62, 0x28, 0x9A, 0x70, 0x96, 0x99, 0xCC, 0xB8, 0x31, 0x99, 0x7D, 0x14, 0x72, 0xA3, 0x7A, 0x59,
    0xF4, 0x52, 0xA9, 0x6C, 0x2E, 0x97, 0xF0, 0x84, 0x66, 0x21, 0xEE, 0x0D, 0xEF, 0x78, 0x37, 0xA5,
    0xB0, 0xFC, 0x8A, 0xB8, 0xE9, 0xF0, 0x25, 0xE2, 0x6A, 0xB0, 0xE0, 0xEB, 0x6E, 0x63, 0xFB, 0x74,
    0x84, 0xB9, 0x03, 0x0E, 0xB5, 0x29, 0xE9, 0x62, 0xF0, 0x17, 0x88, 0xAB, 0xC6, 0xC5, 0x55, 0x4B,
    0xAE, 0xBF, 0xAB, 0x69, 0xB1, 0xE1, 0x22, 0xFD, 0x7E, 0x43, 0x2E, 0x54, 0x6E, 0x38, 0x92, 0xBC,
    0xAF, 0x0D, 0x95, 0xC6, 0x73, 0xF7, 0x16, 0xD5, 0x8D, 0x57, 0x3A, 0xB9, 0xE6, 0x3A, 0xC6, 0x85,
    0x0B, 0x0F, 0xFD, 0x96, 0xAD, 0x91, 0x5B, 0x00, 0x63, 0x50, 0x04, 0xAA, 0x11, 0xC3, 0xD8, 0x96,
    0xD7, 0xC8, 0xC1, 0xAB, 0x0C, 0xF0, 0xAC, 0x1C, 0xCB, 0x95, 0x63, 0x79, 0xF0, 0xAA, 0x17, 0x79,
    0xE0, 0x36, 0xEE, 0x00, 0xBC, 0x0A, 0x6D, 0x40, 0xD5, 0xA5, 0x48, 0x4B, 0xFE, 0xF3, 0xBE, 0xC2,
    0xA3, 0x2E, 0xC4, 0x95, 0x1D, 0xBA, 0x05, 0xB6, 0x18, 0xE1, 0xC0, 0x88, 0x98, 0x10, 0x73, 0xA0,
    0x99, 0x03, 0x47, 0xFF, 0x0D, 0x0C, 0xFE, 0x0D, 0x18, 0x7D, 0x0C, 0x4C, 0x3C, 0xE0, 0x0C, 0x68,
    0x3A, 0xE0, 0xA8, 0x06, 0x06, 0x25, 0x30, 0x2A, 0x80, 0x89, 0x00, 0x67, 0xC0, 0xE3, 0x0E, 0xF8,
    0xBF, 0x35, 0xB0, 0x2F, 0x89, 0x85, 0x78, 0x8F, 0x52, 0x0A, 0x52, 0xD9, 0x1C, 0xA8, 0xD3, 0x3A,
    0x40, 0x62, 0xE2, 0x98, 0x38, 0x23, 0x76, 0x00, 0xD3, 0xC9, 0xF5, 0xCC, 0xDC, 0x51, 0x93, 0xD0,
    0xA8, 0xF6, 0xA9, 0xB3, 0x2B, 0x28, 0x10, 0x0E, 0xDE, 0xB4, 0x34, 0x65, 0x8C, 0x00, 0x3E, 0x20,
    0x9C, 0x59, 0x88, 0xB7, 0x2D, 0xEC, 0x03, 0x5A, 0x0B, 0x5E, 0x6D, 0x61, 0x54, 0x5A, 0x08, 0x8B,
    0x6D, 0xD9, 0x8B, 0xC5, 0xC2, 0x18, 0xD0, 0x59, 0x98, 0x34, 0x16, 0xA6, 0x95, 0x8C, 0x77, 0xA6,
    0x85, 0x24, 0xF5, 0x34, 0xB5, 0xE0, 0xC4, 0x56, 0x35, 0xF5, 0x0C, 0x8D, 0x8D, 0x51, 0x6A, 0x76,
    0x06, 0xC1, 0x89, 0xBF, 0x7D, 0x72, 0x97, 0xC6, 0x45, 0x85, 0xF5, 0xF1, 0x8B, 0xFD, 0x22, 0xB3,
    0x00, 0xB7, 0xFA, 0x93, 0x0F, 0xFB, 0x14, 0xF2, 0x77, 0x61, 0x21, 0x2C, 0x2D, 0xF8, 0xD5, 0x00,
    0xF0, 0x1D, 0xF6, 0x3E, 0xFA, 0x63, 0x7B, 0x1C, 0x6C, 0xAA, 0x16, 0x0E, 0x54, 0x0C, 0x1B, 0x02,
    0xDC, 0x28, 0x09, 0xFC, 0xF3, 0x62, 0xC0, 0x4B, 0xE1, 0xA2, 0xFE, 0xE7, 0xF6, 0xF2, 0xF6, 0xBB,
    0x28, 0xB3, 0x10, 0x16, 0x04, 0xFD, 0xB3, 0x32, 0x39, 0x0F, 0x01, 0x54, 0xCB, 0x28, 0xC5, 0xE3,
    0xA5, 0xA2, 0x7B, 0xEA, 0xDC, 0x72, 0xE1, 0xCB, 0x8D, 0xDA, 0x76, 0xC6, 0xD2, 0xE0, 0x6F, 0xEA,
    0xCE, 0xFF, 0x49, 0xDD, 0x79, 0xF4, 0x8B, 0x16, 0x9C, 0x3C, 0xBF, 0x15, 0x61, 0x65, 0x0C, 0xF7,
    0xE0, 0x8D, 0x2E, 0xBF, 0x8F, 0xBB, 0x42, 0x79, 0xCE, 0x15, 0xEA, 0xD0, 0xD6, 0xFD, 0xA1, 0x2B,
    0x14, 0xEA, 0x8D, 0xC3, 0xA9, 0x34, 0xDD, 0x34, 0x3B, 0x6A, 0xA7, 0x55, 0xB2, 0x74, 0x85, 0xEA,
    0x8B, 0x7D, 0xF9, 0x23, 0xA8, 0x19, 0xEB, 0xCD, 0xAE, 0x50, 0x41, 0xB1, 0x5A, 0x97, 0xF1, 0xA6,
    0xAC, 0x97, 0x9F, 0x5D, 0xE0, 0x07, 0xD8, 0x70, 0x9F, 0xA5, 0xC9, 0x79, 0xF7, 0xD6, 0xC5, 0x4D,
    0xCE, 0xD0, 0xB1, 0x42, 0xBF, 0xC7, 0x5A, 0x8B, 0x6C, 0xAA, 0xBF, 0xFE, 0x68, 0x97, 0x7E, 0xA9,
    0xA8, 0xF8, 0xFB, 0x22, 0x15, 0x51, 0x2E, 0xB6, 0x16, 0xFE, 0x17, 0xF7, 0xF0, 0xBB, 0xCB, 0x6A,
    0x7D, 0xFB, 0xF3, 0x5B, 0x14, 0xEC, 0xEF, 0x9F, 0x40, 0xDA, 0x93, 0x8D, 0x15, 0x1A, 0x52, 0x41,
    0xD3, 0x11, 0xC8, 0xF4, 0x93, 0xE0, 0xA6, 0x08, 0x2E, 0xED, 0x6C, 0x2D, 0x90, 0x42, 0x3B, 0xF1,
    0x5B, 0x0B, 0xA6, 0xB3, 0x20, 0x47, 0x80, 0x64, 0x08, 0xB1, 0x83, 0x35, 0xDA, 0x44, 0x9C, 0xA6,
    0x2A, 0xC5, 0x05, 0x3C, 0x3C, 0x71, 0x51, 0xB9, 0xFD, 0x90, 0xC3, 0x8F, 0xD5, 0x9A, 0xF8, 0xD7,
    0xF8, 0xA8, 0xA4, 0x32, 0x85, 0x36, 0xEF, 0x3E, 0xCC, 0xB9, 0xD3, 0x54, 0x8D, 0xA5, 0x41, 0xE9,
    0x7C, 0x55, 0x5C, 0x15, 0x56, 0xDF, 0xD6, 0x80, 0xD6, 0x44, 0x23, 0x09, 0xC2, 0x85, 0xC5, 0xC3,
    0xF3, 0xFF, 0x19, 0x45, 0xD9, 0x1D, 0x31, 0x3B, 0x89, 0x48, 0x4B, 0xA5, 0xB5, 0xB4, 0x34, 0xCF,
    0x5A, 0x02, 0x5F, 0x0A, 0x4B, 0xE6, 0x62, 0x3F, 0xAD, 0xA7, 0x21, 0xC8, 0xB8, 0x0E, 0x74, 0xE9,
    0xF4, 0x81, 0x6E, 0x75, 0xB5, 0xD6, 0xAA, 0x69, 0xE7, 0xA4, 0x21, 0x4B, 0x7D, 0x4D, 0xA6, 0xF8,
    0x97, 0xD7, 0xB6, 0x73, 0x2A, 0x02, 0x70, 0x24, 0xCE, 0x63, 0xFC, 0x58, 0xDA, 0x06, 0x15, 0xDA,
    0xA8, 0x1D, 0x35, 0x98, 0xCA, 0xD0, 0x6C, 0x34, 0x4C, 0x4D, 0x85, 0x77, 0x8F, 0x7F, 0x98, 0xA4,
    0x96, 0x04, 0x8B, 0x23, 0x91, 0x16, 0xCB, 0x73, 0x96, 0xF1, 0x05, 0xC8, 0xEB, 0xE2, 0x67, 0xA6,
    0x81, 0xBE, 0x1E, 0x0C, 0xF8, 0x55, 0x50, 0xC0, 0x7A, 0xD2, 0xE8, 0xF2, 0xE6, 0x30, 0xE0, 0xD8,
    0x48, 0x82, 0x8F, 0x1B, 0xAA, 0x57, 0x3E, 0x29, 0x2D, 0x19, 0xFD, 0xFC, 0xB3, 0x4C, 0xA3, 0x54,
    0x39, 0x83, 0xFF, 0xFC, 0x53, 0x4A, 0x98, 0xEF, 0x7D, 0x52, 0xF1, 0xC8, 0x1F, 0x51, 0x1B, 0x18,
    0x14, 0x33, 0x74, 0x36, 0x1A, 0x3C, 0x18, 0x01, 0xF4, 0x1F, 0xC2, 0x70, 0xA0, 0x3E, 0x3D, 0xC2,
    0xF8, 0x5B, 0x8A, 0x3E, 0xD1, 0x93, 0x49, 0x98, 0x3E, 0xD3, 0x70, 0xD5, 0x28, 0xA5, 0xAC, 0xC0,
    0x49, 0xD6, 0xD4, 0xAA, 0xB0, 0x48, 0x2A, 0xBA, 0x6E, 0x5C, 0x9A, 0x6F, 0xF1, 0x3E, 0xB8, 0x21,
    0x2B, 0x14, 0x50, 0x78, 0x18, 0x1A, 0x60, 0x3E, 0x4C, 0x7C, 0x30, 0x6A, 0x5C, 0x6C, 0x67, 0x92,
    0x5A, 0x38, 0x72, 0xE1, 0x9F, 0x41, 0x6D, 0x81, 0x2A, 0xA0, 0xA9, 0x68, 0xD4, 0xB7, 0xF4, 0x8D,
    0xDB, 0xEA, 0x72, 0x40, 0x8C, 0xBD, 0x41, 0x65, 0x61, 0x74, 0x16, 0x30, 0xCA, 0xAB, 0xA8, 0x0A,
    0xE3, 0x24, 0xEB, 0xC4, 0x30, 0x78, 0x3D, 0xE7, 0x0F, 0xB8, 0x19, 0xF6, 0x25, 0xC8, 0xF6, 0xE9,
    0xF9, 0x30, 0x11, 0x38, 0x41, 0xD1, 0x53, 0x00, 0x76, 0x85, 0x65, 0xF6, 0x89, 0x69, 0x6B, 0xE9,
    0xCC, 0x56, 0x2E, 0xB9, 0x4A, 0xDD, 0x2F, 0x1D, 0x06, 0x93, 0x7D, 0xBB, 0x45, 0x1D, 0xBC, 0x03,
    0xD0, 0x6F, 0xD6, 0xD5, 0xB5, 0xCC, 0x7E, 0x07, 0x8F, 0xF9, 0x2E, 0x98, 0xFD, 0xCB, 0x16, 0x2C,
    0xD6, 0x80, 0x21, 0xB3, 0xED, 0x90, 0x59, 0xDD, 0x0B, 0x66, 0xFF, 0x0A, 0x67, 0xBC, 0x0B, 0x66,
    0xBF, 0x45, 0x66, 0x5D, 0x60, 0xAC, 0x7B, 0xA3, 0xE4, 0x42, 0x76, 0x6E, 0x5A, 0x76, 0xDE, 0xB0,
    0xEC, 0x6C, 0x5B, 0x76, 0x92, 0xDA, 0xD6, 0x25, 0x3B, 0x30, 0x0E, 0x74, 0x2B, 0xEC, 0x24, 0xA5,
    0xEE, 0xDF, 0xB6, 0xEC, 0xBC, 0x31, 0x95, 0xFD, 0x57, 0xD5, 0x87, 0xCD, 0x20, 0x66, 0x8A, 0x26,
    0x48, 0x0B, 0x41, 0xF9, 0xE7, 0x27, 0x59, 0x94, 0xE5, 0x7D, 0x91, 0xC0, 0x9B, 0x02, 0x86, 0x2B,
    0x46, 0x96, 0x71, 0xBF, 0x4B, 0x23, 0x80, 0x37, 0x85, 0x85, 0x05, 0x23, 0xB8, 0x53, 0x7C, 0x87,
    0x1D, 0x41, 0x85, 0xE3, 0x1A, 0x9C, 0xC1, 0xB1, 0x7B, 0x04, 0x48, 0x52, 0x0B, 0x51, 0x81, 0x2B,
    0x57, 0xEE, 0x1E, 0xA6, 0x7B, 0x6C, 0x8A, 0xEF, 0x96, 0x30, 0xD8, 0xF1, 0x4F, 0x16, 0x18, 0x6E,
    0xEE, 0x57, 0x16, 0xA2, 0xCC, 0x42, 0x22, 0x16, 0x70, 0xDC, 0xBF, 0xD7, 0x16, 0x3E, 0xE3, 0xFA,
    0x27, 0xB3, 0xF0, 0x93, 0x12, 0xDF, 0x51, 0xE9, 0x39, 0x17, 0x77, 0x5C, 0x58, 0xE0, 0xDC, 0xDA,
    0x82, 0xE9, 0x2C, 0xC8, 0x44, 0x10, 0x9F, 0xB4, 0x95, 0xE2, 0xE9, 0x63, 0xE2, 0x91, 0x20, 0x8E,
    0xA0, 0x05, 0xFA, 0x35, 0x30, 0x2A, 0x80, 0x53, 0x01, 0x76, 0x40, 0x55, 0xC1, 0x86, 0x25, 0x30,
    0x49, 0x81, 0x0B, 0x01, 0x4E, 0xB9, 0x1D, 0x95, 0x40, 0xBF, 0x06, 0x9A, 0x0E, 0x28, 0x39, 0x31,
    0xCE, 0x80, 0x41, 0x05, 0x1C, 0xB5, 0x40, 0x99, 0x13, 0x93, 0x14, 0x88, 0x98, 0x8A, 0xD4, 0x34,
    0xB6, 0x81, 0xFD, 0xEA, 0xB5, 0xFB, 0x19, 0x13, 0xC8, 0x24, 0x62, 0xA1, 0x63, 0x72, 0x07, 0x0B,
    0xEF, 0x95, 0x16, 0xEE, 0xA7, 0x16, 0x7A, 0xC1, 0x56, 0x86, 0xEF, 0x2A, 0x0B, 0x7F, 0xDD, 0xE0,
    0xB8, 0xB9, 0xB8, 0x33, 0xC2, 0x82, 0x96, 0x51, 0x0B, 0xA6, 0xBB, 0xAA, 0xF8, 0xE0, 0xFF, 0x02,
    0xF4, 0x84, 0x73, 0x57, 0xDB, 0xE3, 0x7D, 0x08, 0xAE, 0x16, 0x66, 0x9B, 0x61, 0x0A, 0x39, 0x8A,
    0x60, 0xDD, 0xDE, 0xE7, 0x1B, 0x8F, 0x4B, 0x2D, 0xE4, 0x15, 0x01, 0xE3, 0x78, 0x33, 0xA0, 0x0D,
    0x76, 0x77, 0xF8, 0x6C, 0xF5, 0x19, 0x96, 0x02, 0x2C, 0x9E, 0x80, 0x68, 0x08, 0x87, 0x6C, 0x0F,
    0x7E, 0xFF, 0x55, 0x71, 0x1F, 0x53, 0x35, 0x9F, 0xBB, 0xCF, 0x2C, 0x1E, 0xDD, 0x4B, 0xC9, 0x8D,
    0x3C, 0x8E, 0x60, 0xDF, 0x21, 0x5B, 0x81, 0xDF, 0x5F, 0x0C, 0x77, 0x6D, 0x71, 0xEE, 0x16, 0xAB,
    0x14, 0x22, 0xC5, 0xD3, 0x52, 0x3C, 0x0F, 0x69, 0x5F, 0x92, 0xEE, 0xDC, 0x6E, 0x48, 0xC5, 0xEB,
    0x94, 0x4A, 0x4E, 0x8A, 0x8F, 0xD2, 0x38, 0x55, 0x1A, 0x65, 0x4A, 0xC3, 0x62, 0x13, 0x15, 0x96,
    0x28, 0x03, 0xE2, 0x3C, 0x20, 0x77, 0xB1, 0x1C, 0x11, 0x71, 0x1F, 0xFE, 0x45, 0x43, 0x2A, 0x1A,
    0xB2, 0x24, 0x7D, 0xE5, 0x58, 0xA3, 0x14, 0xE4, 0x94, 0xD8, 0x58, 0x05, 0x90, 0x7D, 0xF1, 0xCE,
    0x23, 0x27, 0x77, 0x49, 0xFA, 0x3E, 0x03, 0x59, 0xE4, 0x35, 0xF7, 0x79, 0x2D, 0x89, 0xCC, 0x95,
    0x4C, 0x94, 0x24, 0xEB, 0x09, 0xCB, 0x90, 0x8C, 0x95, 0xCC, 0x00, 0xD7, 0x4C, 0x27, 0xCE, 0x5E,
    0x00, 0x52, 0x82, 0x98, 0x1F, 0x02, 0x96, 0x71, 0xF4, 0x6E, 0xB9, 0x4A, 0x2D, 0xBB, 0x4E, 0xE3,
    0x54, 0x8A, 0xC7, 0xC8, 0xCA, 0x04, 0xBB, 0x71, 0x9C, 0x8E, 0xDA, 0x69, 0x0A, 0x5F, 0x81, 0xA8,
    0x48, 0xA0, 0x4B, 0x26, 0x06, 0x8A, 0x25, 0xD0, 0x27, 0x06, 0x8A, 0x45, 0x2C, 0xEA, 0x47, 0x10,
    0x94, 0xCE, 0x45, 0x3E, 0xA8, 0x46, 0x0D, 0x0C, 0x83, 0x66, 0x4E, 0xC3, 0x60, 0xDF, 0xF0, 0x27,
    0x6C, 0x76, 0xC4, 0xEF, 0xD9, 0x5A, 0x5B, 0x92, 0xF3, 0xAE, 0xC6, 0x79, 0xCB, 0x52, 0x1B, 0x6E,
    0x21, 0x78, 0xB4, 0x23, 0x4E, 0x57, 0x1A, 0xCE, 0x69, 0x16, 0x4C, 0xC7, 0x32, 0x83, 0x41, 0xB7,
    0x0B, 0x8A, 0x89, 0xB4, 0xD0, 0x8F, 0x3A, 0x48, 0xF0, 0x5D, 0x2C, 0x33, 0xBC, 0x82, 0x92, 0xA9,
    0x04, 0x4D, 0x34, 0x47, 0xD3, 0xCE, 0x35, 0x90, 0x42, 0x4C, 0x1A, 0x55, 0x17, 0x88, 0x6E, 0x57,
    0x43, 0xF8, 0x53, 0x29, 0xEE, 0x10, 0xDD, 0x9E, 0x9C, 0x45, 0xB7, 0x8F, 0xA9, 0xE4, 0x15, 0xB7,
    0xA2, 0x1D, 0x01, 0x02, 0x00, 0x76, 0xCA, 0xD1, 0x20, 0x66, 0x24, 0xB3, 0x3A, 0xBB, 0xF4, 0x22,
    0x3A, 0x3B, 0xEC, 0xC7, 0xDC, 0x10, 0x34, 0xD7, 0xB3, 0xA5, 0xB7, 0x6B, 0xCA, 0x79, 0x8A, 0xCA,
    0x8B, 0x06, 0x9A, 0x39, 0x52, 0x8A, 0x6F, 0xE1, 0xC1, 0xE3, 0xF1, 0xF5, 0x0D, 0xD7, 0xC8, 0x97,
    0x0C, 0x27, 0xA9, 0xC6, 0xC3, 0x2B, 0x48, 0xB8, 0x11, 0x32, 0xFE, 0x26, 0xA8, 0xAF, 0x31, 0xB8,
    0xA5, 0x90, 0x8B, 0xD7, 0x1F, 0xDB, 0xDA, 0x69, 0x95, 0xBD, 0xB5, 0x95, 0xD3, 0xCE, 0x4C, 0x55,
    0xEA, 0x4C, 0xE9, 0xA0, 0x46, 0xEE, 0x09, 0x73, 0x82, 0xA8, 0x00, 0x61, 0xA8, 0xA7, 0xE1, 0xBC,
    0x4F, 0xFF, 0xA4, 0x38, 0x76, 0x53, 0x5B, 0x30, 0x07, 0x27, 0x2D, 0xD7, 0x0C, 0x17, 0x06, 0xE7,
    0x48, 0xB9, 0x3F, 0x76, 0x8E, 0x94, 0x29, 0x5C, 0x27, 0xE1, 0x6D, 0xE2, 0x97, 0x70, 0xA4, 0x84,
    0xE9, 0x52, 0x1D, 0x29, 0x13, 0x91, 0xC3, 0x6D, 0x41, 0xF4, 0x95, 0x8C, 0x5B, 0x17, 0x5F, 0xC2,
    0x1E, 0x78, 0xEE, 0xFA, 0xCF, 0xCB, 0x2E, 0x91, 0x2D, 0x08, 0x4C, 0x2D, 0xA0, 0x13, 0xEF, 0xC3,
    0xC5, 0x07, 0x5F, 0x81, 0xAD, 0xE2, 0x4B, 0x6C, 0xB5, 0x8E, 0xAD, 0xC3, 0x2F, 0xB3, 0x85, 0xE1,
    0x56, 0xA1, 0x6E, 0x62, 0x4B, 0xF3, 0x0F, 0x80, 0x2D, 0xDA, 0x6B, 0x82, 0x72, 0x6D, 0xFE, 0x81,
    0xE2, 0x42, 0xF9, 0x07, 0xC6, 0x9B, 0xF3, 0x0F, 0xC4, 0x1F, 0xE0, 0x1E, 0x73, 0xE4, 0x1F, 0xC0,
    0xD9, 0xB2, 0xBF, 0x09, 0xF6, 0x62, 0x91, 0x19, 0xE3, 0xD7, 0x9C, 0x88, 0x88, 0x8B, 0x76, 0x18,
    0xEB, 0x13, 0x0E, 0x3D, 0x9C, 0x1E, 0x3A, 0x75, 0xBF, 0x6E, 0x25, 0x33, 0x51, 0x2F, 0x5A, 0xD3,
    0x85, 0x05, 0xCF, 0x80, 0x2B, 0xF5, 0x23, 0xDC, 0x97, 0x96, 0xF7, 0xE9, 0xB9, 0xC3, 0x21, 0xD0,
    0x2C, 0x91, 0x37, 0x05, 0x63, 0x33, 0xDB, 0x77, 0x84, 0xCB, 0xE1, 0xE7, 0x41, 0x4E, 0xEE, 0xDD,
    0x3B, 0xBA, 0xC3, 0x97, 0x73, 0x5F, 0x3B, 0x82, 0x62, 0x2E, 0x42, 0xF0, 0x62, 0xDD, 0x16, 0x8B,
    0xD5, 0x58, 0x5E, 0xCB, 0xEF, 0x1D, 0x68, 0xB2, 0xA9, 0xA7, 0xC5, 0xDD, 0xDD, 0xC9, 0x8E, 0xC4,
    0x7C, 0x12, 0x22, 0x27, 0xE3, 0x73, 0xD1, 0xD4, 0x37, 0x31, 0xB3, 0x70, 0xBC, 0x5C, 0x00, 0xF6,
    0x09, 0x6E, 0x70, 0x15, 0xC9, 0x8F, 0xDF, 0x66, 0x40, 0x4C, 0x5F, 0x78, 0xFD, 0xE2, 0x7B, 0xE7,
    0xBF, 0xCC, 0xFE, 0x13, 0x30, 0x77, 0x20, 0xDB, 0x1B, 0xE1, 0x50, 0xA4, 0x61, 0xBF, 0xDE, 0x0C,
    0x33, 0x48, 0xFF, 0x53, 0x89, 0x5A, 0x35, 0x43, 0x07, 0xFD, 0xE7, 0xAD, 0xC8, 0xEE, 0x97, 0x8D,
    0x3D, 0xC7, 0x34, 0xA0, 0x14, 0x80, 0xF3, 0x3B, 0x56, 0x71, 0xA1, 0x36, 0x38, 0xB0, 0x60, 0x2A,
    0xCB, 0x3E, 0x60, 0x02, 0x48, 0x0C, 0x26, 0xFB, 0x9F, 0xFD, 0x6C, 0xD0, 0x06, 0x1E, 0xF4, 0x2E,
    0xE6, 0x4B, 0x50, 0x3E, 0x76, 0x5F, 0xCB, 0x47, 0x7D, 0x28, 0x5E, 0x73, 0x5A, 0xAF, 0xD9, 0x1A,
    0x9E, 0xD5, 0x69, 0x18, 0x35, 0x98, 0xFE, 0x83, 0xFE, 0xA7, 0x8D, 0xFC, 0xA9, 0xD7, 0x48, 0xB8,
    0x52, 0x45, 0x2B, 0x4D, 0x36, 0xDD, 0x05, 0x00, 0xA2, 0xCC, 0x1C, 0xCA, 0x58, 0x7A, 0xFD, 0xC1,
    0xFF, 0xEF, 0x4C, 0x95, 0x95, 0xFE, 0x52, 0x80, 0xB1, 0xBF, 0xB1, 0x5A, 0x4D, 0xFE, 0x7E, 0xDE,
    0x97, 0xAA, 0x2E, 0xB5, 0x2C, 0x2C, 0x63, 0x77, 0x50, 0xF7, 0x2F, 0x58, 0x91, 0x5A, 0xE7, 0x7D,
    0x51, 0x6D, 0x70, 0x2A, 0xCE, 0x23, 0x53, 0xFA, 0xD4, 0x6F, 0xF9, 0x2E, 0x73, 0x11, 0x06, 0x13,
    0x55, 0x81, 0x25, 0xF2, 0x6D, 0xF5, 0xAA, 0xDA, 0x86, 0xF6, 0x22, 0x4A, 0xB7, 0x23, 0x90, 0x2C,
    0xC9, 0xBF, 0xB0, 0xEB, 0x80, 0x2C, 0xEA, 0x51, 0xB2, 0xEB, 0x4A, 0x9C, 0xD4, 0x4A, 0xE2, 0x64,
    0x59, 0x47, 0xFC, 0x0A, 0xE8, 0xEC, 0xA8, 0x66, 0x2E, 0x2C, 0xF9, 0xC3, 0x2D, 0x3A, 0x02, 0x53,
    0xC4, 0x87, 0x98, 0xF4, 0x50, 0xA3, 0xE2, 0xC4, 0x95, 0xF8, 0x58, 0x54, 0xC5, 0xE7, 0x1F, 0x47,
    0x15, 0x7D, 0x3F, 0xDF, 0xC0, 0x6B, 0x7E, 0x0F, 0x6E, 0xB5, 0xDB, 0x16, 0x0E, 0x13, 0xB4, 0x78,
    0x00, 0x58, 0x2B, 0x1A, 0xF1, 0xEE, 0x7E, 0x23, 0xEF, 0x08, 0x03, 0xB3, 0x24, 0x26, 0xB7, 0xBC,
    0xBE, 0x36, 0x43, 0xF0, 0xE2, 0x36, 0x03, 0x4F, 0x39, 0x9F, 0x04, 0xC5, 0x13, 0x5B, 0x2A, 0x7E,
    0x9A, 0x96, 0xDA, 0x28, 0x63, 0x79, 0x15, 0x94, 0x06, 0xB6, 0xED, 0x6E, 0x9F, 0xC8, 0xA8, 0xFA,
    0x2A, 0x9F, 0xBC, 0xC7, 0xE9, 0xE2, 0x8A, 0x26, 0xBF, 0x14, 0xE4, 0x35, 0x6A, 0x49, 0x03, 0xF7,
    0xB6, 0x3F, 0x5A, 0x39, 0x48, 0xBE, 0xAE, 0xB9, 0xF7, 0x96, 0x05, 0xEE, 0xC7, 0x98, 0x13, 0xA8,
    0xE4, 0x5C, 0x3A, 0x77, 0x36, 0x32, 0x28, 0x57, 0x93, 0x40, 0xE1, 0x1C, 0x05, 0xE4, 0xEC, 0x54,
    0x01, 0x59, 0xA9, 0xBC, 0xA1, 0x3A, 0xB9, 0x0E, 0xAD, 0xC7, 0x9E, 0xA9, 0xDA, 0x80, 0x7F, 0xC8,
    0x71, 0x9A, 0x3F, 0x97, 0xCE, 0x2D, 0x77, 0x53, 0x0B, 0x51, 0xB6, 0x31, 0x13, 0xD2, 0xE3, 0x3E,
    0x09, 0x53, 0x7A, 0xC0, 0x61, 0x1D, 0xDB, 0x72, 0x11, 0xCB, 0x15, 0x2C, 0xA3, 0xC0, 0x18, 0x98,
    0xE4, 0x54, 0x91, 0x7E, 0x05, 0x0F, 0x0D, 0xEA, 0xEE, 0x26, 0xD4, 0x07, 0xB4, 0xD4, 0x0B, 0x4F,
    0x64, 0xEA, 0x52, 0x72, 0x20, 0xED, 0xC6, 0x20, 0xB8, 0x67, 0xA8, 0x23, 0xF6, 0x2B, 0x49, 0xA3,
    0x42, 0x16, 0x7D, 0x2A, 0x18, 0x60, 0xDF, 0x38, 0xA0, 0x9D, 0xE5, 0x96, 0xA8, 0xE8, 0x29, 0xBE,
    0xA2, 0xD3, 0x85, 0x1C, 0x3A, 0x0C, 0x15, 0xB3, 0x33, 0x8C, 0x52, 0xA2, 0x00, 0x63, 0x62, 0xB2,
    0x82, 0x63, 0xE2, 0xFE, 0x29, 0xBA, 0x4F, 0x07, 0x34, 0x2D, 0x10, 0x4F, 0x73, 0x74, 0x07, 0x23,
    0x2B, 0xAF, 0xFB, 0xCC, 0x62, 0x75, 0x93, 0xEA, 0xD7, 0xB3, 0xB1, 0x1C, 0x12, 0xA3, 0x6C, 0x10,
    0x21, 0xCE, 0xC4, 0x33, 0x09, 0x01, 0x31, 0x76, 0x63, 0x5C, 0x7E, 0xFB, 0x14, 0xF6, 0x01, 0x7B,
    0x80, 0x43, 0x40, 0x07, 0x68, 0x5D, 0x38, 0x37, 0xE3, 0xE9, 0x46, 0x80, 0xA0, 0x94, 0xC9, 0x0E,
    0x22, 0xE9, 0x6A, 0xF8, 0x56, 0x3C, 0xC1, 0xC8, 0x79, 0xC5, 0x29, 0xF5, 0xD6, 0xC6, 0x74, 0x92,
    0x7F, 0x83, 0xFE, 0x71, 0x7F, 0xD8, 0x3F, 0x64, 0xCF, 0xD6, 0xD9, 0xBA, 0x0A, 0x5D, 0x11, 0x2A,
    0xB4, 0x45, 0x9B, 0x8E, 0x61, 0x3B, 0x9D, 0xD5, 0x8E, 0x83, 0xF9, 0x06, 0xCC, 0xAE, 0x74, 0x67,
    0xCF, 0xC4, 0xBB, 0x2B, 0x64, 0x7F, 0x9D, 0x06, 0xEB, 0x0A, 0xB4, 0x65, 0x5F, 0x10, 0x7B, 0xE2,
    0x62, 0xC5, 0xEB, 0xE1, 0x70, 0xC5, 0x36, 0xDE, 0x3A, 0x5F, 0x43, 0xE2, 0xE5, 0xA9, 0x13, 0x77,
    0x2C, 0xE4, 0x35, 0x60, 0xD8, 0x35, 0x82, 0x95, 0xAE, 0x01, 0x90, 0xAB, 0x11, 0x6A, 0xCD, 0x7D,
    0x0B, 0x5E, 0x7F, 0x0A, 0xB5, 0x6C, 0x04, 0x08, 0xB5, 0x18, 0x65, 0xEB, 0x2A, 0xA4, 0x59, 0x08,
    0xB3, 0x90, 0x65, 0x29, 0xCA, 0x52, 0x92, 0x75, 0x75, 0xCB, 0xD6, 0xD8, 0x55, 0x59, 0x57, 0x35,
    0xD3, 0xA5, 0x68, 0xAA, 0x4B, 0xD1, 0x5C, 0x97, 0xA2, 0xC9, 0x2E, 0x45, 0xB3, 0x5D, 0x8A, 0xA6,
    0xBB, 0x14, 0xCD, 0x77, 0x29, 0x9A, 0xF0, 0x52, 0x34, 0xE3, 0xA5, 0x68, 0xCA, 0x4B, 0xD1, 0x9C,
    0x97, 0xA2, 0x49, 0x2F, 0x45, 0xB3, 0x5E, 0x8A, 0xA6, 0xBD, 0x14, 0xCD, 0x7B, 0x29, 0x9A, 0xF8,
    0x52, 0x90, 0xF9, 0x12, 0x44, 0xDA, 0x86, 0x64, 0x51, 0x93, 0x4C, 0x2B, 0x92, 0xA4, 0x30, 0x27,
    0x19, 0xD3, 0x5F, 0xF6, 0x05, 0xF3, 0x5F, 0xE2, 0x81, 0xF8, 0xF3, 0xAC, 0xDA, 0xCF, 0xE2, 0xC7,
    0x95, 0x70, 0xCC, 0x26, 0x4A, 0x9F, 0xDE, 0x69, 0x21, 0x41, 0x0B, 0x0C, 0x71, 0x55, 0x88, 0xF9,
    0x93, 0x1A, 0xFC, 0xEF, 0x35, 0xB2, 0xDD, 0xD2, 0xFB, 0xDF, 0xE2, 0x9E, 0xB4, 0x16, 0xC7, 0xA6,
    0xB6, 0x18, 0x7B, 0xC0, 0xF0, 0xF7, 0x4B, 0x8B, 0xC1, 0x7B, 0x85, 0x45, 0xFF, 0xD3, 0xCC, 0xE2,
    0xA8, 0x17, 0x8B, 0x5E, 0x2F, 0xC7, 0xE9, 0x9E, 0xCC, 0xA5, 0x2F, 0xF7, 0xA4, 0x63, 0x03, 0x9D,
    0xBE, 0xCE, 0x32, 0xE2, 0x4A, 0x00, 0x43, 0x42, 0xDC, 0xBE, 0x4C, 0xF1, 0x61, 0x4C, 0x5F, 0x96,
    0xB7, 0x1A, 0xA1, 0x5D, 0xCE, 0x49, 0x0C, 0xCF, 0x25, 0x67, 0x34, 0x17, 0x7E, 0x4E, 0x1B, 0x91,
    0xF7, 0xDA, 0xAB, 0x5C, 0x99, 0x1E, 0xAB, 0x0D, 0xFE, 0x61, 0x54, 0x9A, 0x53, 0xAB, 0xBC, 0xA7,
    0xF5, 0xB6, 0xCB, 0x8A, 0xE5, 0xD5, 0x09, 0x27, 0x33, 0x66, 0xC6, 0xB2, 0x34, 0x58, 0x66, 0xC5,
    0x3A, 0xAE, 0xFD, 0xBE, 0xAC, 0xC9, 0xD1, 0x4B, 0x72, 0x87, 0xFC, 0x5A, 0x18, 0x3A, 0xDC, 0x3F,
    0x2F, 0xA6, 0xEF, 0x7C, 0x13, 0xD9, 0x48, 0xE8, 0x5F, 0x87, 0x72, 0xE9, 0x0C, 0x53, 0x9D, 0x8F,
    0xB8, 0x7E, 0x0D, 0x68, 0xF2, 0x49, 0x34, 0xF9, 0xA5, 0x48, 0x04, 0x66, 0x9C, 0x49, 0x4A, 0xC6,
    0x4A, 0x0E, 0x95, 0xB4, 0x24, 0x5E, 0xBD, 0x14, 0x5C, 0x99, 0xC4, 0x20, 0x28, 0x49, 0xC2, 0xC2,
    0xC6, 0x8E, 0xDD, 0x91, 0xF8, 0xEF, 0xFF, 0x04, 0xFB, 0x92, 0x81, 0xDA, 0x1C, 0x6A, 0x2C, 0xF0,
    0x09, 0x82, 0xAA, 0x42, 0x04, 0x09, 0x5A, 0xE2, 0xD1, 0xEE, 0x2D, 0xB5, 0xF6, 0xA1, 0x21, 0x40,
    0x44, 0x8B, 0xC9, 0x5B, 0xAF, 0xCF, 0x20, 0x90, 0x45, 0xB8, 0xCF, 0xC1, 0xED, 0xFE, 0x0F, 0x18,
    0x88, 0xA8, 0x81, 0x9C, 0xBE, 0x3A, 0xE0, 0xAB, 0xF7, 0x3D, 0x49, 0x2A, 0xF7, 0x5D, 0x30, 0x1D,
    0x48, 0x5C, 0x72, 0x42, 0x4E, 0x78, 0x1F, 0x8A, 0x93, 0x1C, 0xB9, 0x41, 0xC3, 0xBF, 0xA8, 0x68,
    0x4C, 0xD2, 0xC9, 0x34, 0xFD, 0x06, 0x92, 0x5D, 0x20, 0xC5, 0x8C, 0x6D, 0x1F, 0xBF, 0x6F, 0xD5,
    0x6F, 0x56, 0x58, 0xC2, 0x14, 0xD2, 0x28, 0xD2, 0x77, 0x36, 0x22, 0x79, 0x76, 0x25, 0xFF, 0xCA,
    0x64, 0x53, 0x50, 0x37, 0x56, 0x24, 0xD4, 0x25, 0x37, 0x51, 0xE5, 0x72, 0xD4, 0x24, 0x2E, 0x3B,
    0xCC, 0x69, 0xB6, 0x89, 0xA1, 0x2E, 0x39, 0xA4, 0x2E, 0xD9, 0x3C, 0xE0, 0x12, 0x84, 0xE9, 0x0E,
    0x76, 0x44, 0x7E, 0x0D, 0x9E, 0xC3, 0xBE, 0xFE, 0xE4, 0x68, 0x27, 0x79, 0x29, 0x45, 0x5C, 0xEE,
    0xA9, 0x95, 0xC0, 0x74, 0x40, 0x51, 0x9C, 0x10, 0x93, 0x01, 0x32, 0x6A, 0xC8, 0xA1, 0x6D, 0x8E,
    0x29, 0xF7, 0x24, 0x4B, 0x8C, 0x79, 0x16, 0xE5, 0x5C, 0x0D, 0x20, 0xC5, 0x65, 0x03, 0x44, 0x28,
    0xBD, 0x99, 0x97, 0xF4, 0x58, 0xE6, 0xD2, 0xAC, 0x39, 0x1D, 0x5A, 0x8C, 0x66, 0x7C, 0xC8, 0xC8,
    0xB2, 0xD7, 0x77, 0x73, 0x7A, 0xD3, 0x8B, 0xEB, 0x30, 0xB8, 0xC8, 0x6A, 0x36, 0x8D, 0xDD, 0x5D,
    0xF0, 0xD8, 0x6A, 0xB6, 0x1E, 0x24, 0x45, 0x8D, 0x0A, 0x2E, 0xBC, 0x21, 0xF1, 0x1A, 0x0E, 0xE5,
    0x4A, 0x38, 0x96, 0x81, 0xA6, 0x96, 0x75, 0xE5, 0x05, 0xE3, 0xDF, 0x54, 0xBF, 0x29, 0x23, 0x8E,
    0xD9, 0xB1, 0xFA, 0x8B, 0x5E, 0x76, 0x9B, 0x48, 0xA0, 0x0E, 0x8D, 0x4C, 0x71, 0xAB, 0xBD, 0x5A,
    0xE9, 0xB0, 0x7C, 0xFD, 0x97, 0x84, 0x77, 0x5E, 0x16, 0xE1, 0x8B, 0x93, 0x4B, 0x42, 0x61, 0x79,
    0x1E, 0x8B, 0x41, 0x2F, 0x7B, 0x55, 0xFD, 0xA0, 0xCA, 0x3D, 0x59, 0x2D, 0xCF, 0x3A, 0x61, 0x7C,
    0x90, 0x7E, 0x04, 0x3F, 0x27, 0x09, 0xB3, 0x46, 0x8C, 0x68, 0xB9, 0xC4, 0xCC, 0x7E, 0xB0, 0x36,
    0xED, 0xB8, 0xE4, 0x71, 0x22, 0x01, 0x9F, 0x95, 0x2D, 0x6F, 0x3A, 0x3C, 0x26, 0x4E, 0xE1, 0x44,
    0x69, 0x16, 0x07, 0x62, 0xD0, 0x03, 0xEF, 0xD1, 0x9D, 0xD2, 0xF5, 0xD8, 0x19, 0x07, 0x86, 0xD2,
    0x39, 0xB4, 0x42, 0xC7, 0x12, 0xE1, 0xF9, 0x4B, 0xF7, 0xFC, 0x68, 0x17, 0x5B, 0xAB, 0xD7, 0x6C,
    0x7C, 0x22, 0x2F, 0xC6, 0xC3, 0x5B, 0x71, 0x13, 0x85, 0x24, 0x7A, 0xA6, 0xA1, 0x9F, 0x1A, 0x1C,
    0xD0, 0x07, 0x23, 0xA3, 0x19, 0x56, 0x9D, 0x64, 0xEE, 0x4A, 0x0C, 0xDB, 0x18, 0x57, 0xB9, 0x66,
    0xD7, 0x0D, 0x2F, 0x7B, 0x23, 0xC2, 0x73, 0xFF, 0x2F, 0x25, 0x18, 0x1C, 0x29, 0xEA, 0xA5, 0xA6,
    0x06, 0x79, 0x75, 0x84, 0x28, 0xB4, 0x80, 0x01, 0xFA, 0x16, 0x50, 0x9E, 0x2F, 0xA3, 0xD5, 0x37,
    0x05, 0x62, 0x89, 0x0A, 0x34, 0xD7, 0xE4, 0x52, 0x99, 0xF5, 0xEC, 0x58, 0xC2, 0x4D, 0x26, 0xC4,
    0x6D, 0x59, 0x53, 0x9E, 0x2A, 0x5C, 0xF6, 0x14, 0x7D, 0xC5, 0xCB, 0x08, 0x97, 0x7D, 0xC7, 0x4F,
    0x05, 0x19, 0x08, 0x5C, 0xB8, 0x27, 0x47, 0xEB, 0xC6, 0x38, 0x5A, 0x33, 0x8C, 0xA3, 0x55, 0x88,
    0x65, 0x02, 0xC0, 0xD6, 0x6A, 0x1C, 0x6D, 0xBA, 0x39, 0x8E, 0xF6, 0xFF, 0x5D, 0xD8, 0xF0, 0xF9,
    0x5D, 0xE3, 0x85, 0x6B, 0x8C, 0x77, 0x02, 0xED, 0x14, 0x80, 0xCC, 0xC5, 0x4C, 0x3C, 0xFB, 0x56,
    0xC2, 0x6C, 0xC5, 0xE9, 0x6A, 0x38, 0x5F, 0x69, 0x79, 0x6E, 0x19, 0xA1, 0x11, 0xC7, 0x82, 0x25,
    0x08, 0x92, 0x2A, 0x38, 0xB1, 0xE8, 0xF2, 0xB3, 0xDD, 0x25, 0x7D, 0xA3, 0xE0, 0xCA, 0xF3, 0xFC,
    0xFF, 0x01, 0x42, 0x97, 0x21, 0xD4, 0x2B, 0xCC, 0xE3, 0x84, 0x96, 0xAE, 0x84, 0x4D, 0x2D, 0x11,
    0xDB, 0x5A, 0xD2, 0x17, 0xA1, 0x35, 0x90, 0x72, 0xAF, 0x89, 0x53, 0x69, 0x22, 0x41, 0xB9, 0xD2,
    0x16, 0x61, 0x18, 0x38, 0xDF, 0xCC, 0xA6, 0x61, 0xFC, 0xDA, 0x1E, 0x8C, 0xF9, 0xF5, 0x8B, 0xD0,
    0x2C, 0x3E, 0xE6, 0xE6, 0x1F, 0xB5, 0x8C, 0xD6, 0xDF, 0x0E, 0x0A, 0x79, 0xF0, 0xB2, 0xB8, 0x72,
    0xA8, 0x8E, 0x90, 0xFB, 0x17, 0x6E, 0x9A, 0xF1, 0x13, 0x9A, 0x26, 0x5E, 0xD3, 0x34, 0x1F, 0xBD,
    0xC4, 0x2B, 0x4B, 0x1B, 0xA6, 0xB2, 0x52, 0x9E, 0xE5, 0x7F, 0x5B, 0x80, 0x58, 0xAF, 0xDA, 0x90,
    0x61, 0x57, 0xB8, 0x8C, 0x6C, 0xA9, 0x70, 0x9F, 0xBA, 0xCC, 0xE0, 0x95, 0xC5, 0x01, 0x04, 0x29,
    0xAD, 0xA3, 0x75, 0xB5, 0xA4, 0xBD, 0x85, 0x89, 0x13, 0xEF, 0x3E, 0x31, 0x78, 0x65, 0x82, 0x20,
    0x55, 0x7C, 0x46, 0xC3, 0x8F, 0x57, 0x51, 0xD6, 0xD7, 0xA8, 0x06, 0x60, 0xD6, 0xC8, 0x9A, 0xF2,
    0xE2, 0xFC, 0xCB, 0x02, 0x5D, 0x96, 0xC7, 0x6F, 0xD5, 0xEB, 0x16, 0xE5, 0xCF, 0x26, 0xBB, 0xEA,
    0xA5, 0x07, 0xFE, 0x9C, 0x30, 0xD2, 0x94, 0x55, 0xC2, 0xB3, 0x6A, 0x62, 0x1D, 0x9F, 0x74, 0x12,
    0x94, 0xA7, 0x0C, 0x0A, 0xEA, 0x51, 0x87, 0xEA, 0xF2, 0x6B, 0x13, 0x75, 0x40, 0x09, 0x1A, 0x41,
    0xB9, 0x5A, 0xB7, 0xAA, 0x0E, 0x6E, 0x55, 0x64, 0x6C, 0x6F, 0x00, 0xA6, 0x3B, 0xCD, 0xCB, 0x51,
    0x09, 0xCA, 0x53, 0xFA, 0x56, 0x65, 0xA7, 0xBE, 0x55, 0x0D, 0x7D, 0xAB, 0x32, 0xF8, 0x56, 0x65,
    0x38, 0x72, 0x00, 0x86, 0x09, 0x17, 0x94, 0xA5, 0xAF, 0xDA, 0x1A, 0xD4, 0xF8, 0x10, 0xB6, 0xDE,
    0xEE, 0x77, 0x97, 0xAD, 0x11, 0x9F, 0xB6, 0x46, 0xB7, 0xBE, 0x35, 0x32, 0xDE, 0x03, 0xAD, 0x51,
    0x83, 0x55, 0x70, 0x0A, 0x46, 0xF9, 0xD4, 0x60, 0x13, 0x5C, 0xC6, 0x9D, 0xBC, 0x94, 0x2F, 0x3E,
    0xC0, 0x7F, 0xFB, 0xDC, 0xBA, 0x3D, 0xBF, 0x05, 0x06, 0xC1, 0x1F, 0xD8, 0xC3, 0x71, 0x41, 0x89,
    0x11, 0xC2, 0x57, 0xD3, 0xE4, 0xFF, 0x00, 0xD5, 0xDA, 0x01, 0x84, 0x26, 0x69, 0x7E, 0xC7, 0xF1,
    0x4F, 0x55, 0xE5, 0x9D, 0x92, 0xAD, 0xB8, 0x5A, 0xF4, 0xB0, 0xD9, 0xDD, 0x4C, 0x05, 0x07, 0xCE,
    0xEE, 0x14, 0x04, 0x8B, 0xE9, 0xAE, 0xBA, 0x1C, 0x42, 0x82, 0x34, 0x66, 0xC0, 0xE1, 0x00, 0x36,
    0x21, 0x06, 0x16, 0x83, 0xEE, 0xEE, 0x92, 0x45, 0x10, 0x68, 0x0E, 0x41, 0x60, 0xB1, 0x48, 0x16,
    0x32, 0x58, 0x4C, 0xE8, 0x9E, 0xAE, 0x13, 0x04, 0xA0, 0xDC, 0x4A, 0x16, 0x81, 0x4A, 0x8C, 0x43,
    0xE0, 0x0A, 0x15, 0xF7, 0x76, 0x52, 0xDD, 0x4F, 0xF6, 0x7D, 0xDF, 0x62, 0xDA, 0xC9, 0x6E, 0x46,
    0xD2, 0xD3, 0xDD, 0xD3, 0xDD, 0xFF, 0xDF, 0x43, 0x3D, 0x55, 0x6F, 0xFB, 0x7D, 0xFF, 0xBF, 0xA7,
    0x9E, 0x2A, 0x5E, 0xB6, 0xE0, 0x39, 0x04, 0x44, 0xA1, 0x26, 0xF9, 0x65, 0x4B, 0xF2, 0x75, 0x4B,
    0xF6, 0x0F, 0x3D, 0xF9, 0xA7, 0x03, 0xC5, 0x0F, 0x47, 0x2A, 0x4B, 0x76, 0x1C, 0x73, 0x6C, 0x9F,
    0x49, 0x25, 0x3A, 0x7B, 0x74, 0x58, 0xC7, 0x21, 0x84, 0x26, 0xF9, 0x46, 0xDA, 0xB4, 0x93, 0x75,
    0x79, 0x2B, 0x19, 0x8A, 0x46, 0x3C, 0x94, 0x44, 0xCB, 0x0A, 0xD3, 0x3E, 0x4E, 0x26, 0xEC, 0x00,
    0xC0, 0x36, 0x1C, 0xCC, 0xC2, 0x16, 0xE0, 0xF0, 0x4C, 0x1A, 0x42, 0x93, 0xBE, 0x28, 0xBA, 0x48,
    0x32, 0x58, 0x57, 0xBC, 0xA9, 0xC7, 0x61, 0xC8, 0x42, 0x18, 0xCA, 0x2E, 0x1E, 0x2A, 0xF1, 0xB0,
    0x2F, 0x19, 0x4E, 0x24, 0xC3, 0xBE, 0x6C, 0xA8, 0xEA, 0xC3, 0xA1, 0x0C, 0x67, 0x43, 0x1A, 0xBA,
    0xC1, 0x16, 0x20, 0x6D, 0xC9, 0x3B, 0xB2, 0x96, 0xA8, 0x26, 0xFA, 0x1B, 0xC4, 0xA1, 0x99, 0xA7,
    0x24, 0x2D, 0x8A, 0x06, 0x07, 0xF0, 0x04, 0x7E, 0x17, 0x70, 0x13, 0x74, 0xDE, 0x6D, 0x28, 0x47,
    0x1C, 0xE3, 0x01, 0xD1, 0x92, 0xAC, 0x23, 0xAB, 0xB9, 0x73, 0xE5, 0x7C, 0xA2, 0xCF, 0x90, 0xF4,
    0x3C, 0xCA, 0x1B, 0xC2, 0xBD, 0xD9, 0x5E, 0xFE, 0xE7, 0x3D, 0x1F, 0x7A, 0x72, 0x73, 0x18, 0xB8,
    0x8B, 0x7D, 0x8B, 0x7A, 0xA9, 0xF8, 0xB7, 0x4E, 0xB5, 0x64, 0xB9, 0x2D, 0xE9, 0x72, 0x5C, 0x2D,
    0x86, 0xB7, 0x6A, 0x64, 0x2D, 0xE2, 0xFE, 0x21, 0x9E, 0x06, 0x2E, 0x63, 0xF0, 0xC9, 0x8D, 0x61,
    0xD8, 0xC2, 0x0E, 0xF2, 0x7A, 0x57, 0xF2, 0x8F, 0x13, 0xF9, 0x05, 0x3B, 0x79, 0x6D, 0x8C, 0x3B,
    0x00, 0xC5, 0x45, 0x1D, 0x85, 0xD0, 0x47, 0x67, 0xE9, 0xA8, 0x36, 0x61, 0xC2, 0xF1, 0xBA, 0xDE,
    0x0B, 0x53, 0x1C, 0xC2, 0x94, 0x8D, 0x8E, 0xF3, 0xD6, 0x71, 0x51, 0x9B, 0xCA, 0xDA, 0x54, 0xD4,
    0xF1, 0x94, 0x77, 0xC5, 0x94, 0x85, 0x8B, 0xBD, 0x28, 0x8C, 0x0F, 0x2C, 0x5E, 0xFA, 0xAB, 0x1A,
    0xC4, 0xF3, 0xD2, 0xF0, 0xF0, 0x1E, 0x51, 0xF8, 0xAD, 0x95, 0xD1, 0x86, 0xFC, 0x47, 0x3D, 0x0F,
    0x7C, 0x79, 0x93, 0xB9, 0x40, 0xB2, 0xC4, 0x07, 0xEB, 0x8A, 0xEA, 0x51, 0x3E, 0xB4, 0x9B, 0x7C,
    0xEC, 0x88, 0xBB, 0xAC, 0xBE, 0xEA, 0x7C, 0x88, 0x8F, 0xDE, 0x21, 0x3F, 0x7F, 0xC2, 0x87, 0x8F,
    0x07, 0xBE, 0x1F, 0x37, 0xD8, 0x82, 0x80, 0x24, 0xAC, 0x93, 0x32, 0xDC, 0xF0, 0x82, 0xF9, 0x7E,
    0x54, 0x47, 0xE1, 0x2F, 0xEA, 0xE4, 0x5F, 0x82, 0xA4, 0xFE, 0x98, 0xA8, 0xA6, 0xE8, 0xBD, 0x5C,
    0x38, 0xAF, 0x01, 0x8C, 0xE7, 0x66, 0x73, 0xE9, 0x2F, 0xBB, 0x19, 0xC2, 0xB6, 0x3D, 0x00, 0xDC,
    0xBE, 0xFD, 0x25, 0xEF, 0x28, 0x07, 0x0E, 0x26, 0xD1, 0x58, 0xAD, 0xB8, 0xB4, 0x57, 0xCF, 0x05,
    0x59, 0x43, 0xDE, 0x6E, 0x2A, 0x82, 0xF8, 0x08, 0x59, 0x8B, 0x02, 0x1E, 0xE0, 0x7D, 0x1F, 0x91,
    0xFF, 0x70, 0x20, 0x0B, 0x3D, 0xD1, 0x45, 0x7D, 0x83, 0xD4, 0xB6, 0x30, 0x11, 0x0D, 0x24, 0xAD,
    0xA4, 0x4D, 0xEB, 0xB8, 0x2F, 0x08, 0xE7, 0x94, 0xA3, 0x2B, 0x67, 0x74, 0xA7, 0x41, 0xD2, 0x21,
    0x1A, 0xE0, 0x09, 0x3E, 0xF0, 0xC9, 0xAD, 0xE1, 0xF1, 0x10, 0xC7, 0xB8, 0x8F, 0xAC, 0x5E, 0xF1,
    0xF0, 0x5A, 0x79, 0xF8, 0x1C, 0xFE, 0x0E, 0x52, 0x28, 0xE0, 0xA3, 0x5B, 0x06, 0x65, 0x81, 0xBC,
    0xC7, 0x53, 0xA2, 0x81, 0xB4, 0x11, 0xFF, 0x2C, 0xAD, 0xA3, 0x35, 0x98, 0x8B, 0x19, 0xCC, 0x75,
    0xDC, 0x7D, 0x99, 0xC1, 0x14, 0x1B, 0x30, 0xDD, 0x0D, 0x83, 0xD9, 0x8A, 0x6A, 0xE1, 0xD3, 0x26,
    0xF9, 0x7A, 0xBE, 0xFB, 0x72, 0x0D, 0x89, 0x81, 0x0F, 0x3C, 0x58, 0x19, 0x59, 0x92, 0x87, 0x81,
    0x38, 0x34, 0xB7, 0xFA, 0xEE, 0x8B, 0xA4, 0x4D, 0x9A, 0xF8, 0x45, 0x51, 0xBF, 0xB6, 0xC0, 0x40,
    0x5E, 0x53, 0xB4, 0x14, 0x0D, 0x0B, 0x1E, 0x3D, 0x7A, 0x64, 0xE5, 0x62, 0x55, 0x13, 0xBE, 0xAD,
    0x42, 0x08, 0xEB, 0xBA, 0xF8, 0xE2, 0x0B, 0xDF, 0x75, 0xDE, 0xF9, 0xA5, 0xCF, 0x03, 0xF0, 0x21,
    0xAA, 0xB9, 0x7E, 0x03, 0x50, 0x9E, 0x89, 0x56, 0x9E, 0xC6, 0xA2, 0xCF, 0xDB, 0x64, 0x28, 0xEB,
    0x35, 0xB0, 0x69, 0x87, 0xA9, 0x0A, 0x61, 0x3A, 0xFC, 0xA6, 0x0E, 0xB0, 0x83, 0x0A, 0x65, 0x4D,
    0xDE, 0x92, 0x8D, 0xD1, 0x97, 0x71, 0x08, 0xA3, 0xC7, 0xA1, 0x67, 0x17, 0x88, 0x7B, 0x33, 0x16,
    0xD4, 0xFC, 0x2D, 0x42, 0xBB, 0x39, 0x1E, 0xF5, 0xA4, 0x1D, 0x55, 0xCD, 0x03, 0xBC, 0x03, 0xAF,
    0xD9, 0xF7, 0x5B, 0x47, 0xE4, 0x13, 0xEE, 0xE3, 0x1E, 0xF6, 0x49, 0x46, 0x92, 0x96, 0xA8, 0xB9,
    0x52, 0xFF, 0x69, 0x9F, 0x2A, 0x2E, 0x0A, 0xDB, 0x8F, 0xCF, 0x7D, 0x14, 0x2F, 0x71, 0x0D, 0xFE,
    0x4E, 0xF4, 0x49, 0xF8, 0x79, 0x97, 0xFD, 0x75, 0x68, 0x73, 0xA7, 0xB8, 0xF2, 0x9E, 0x7E, 0x46,
    0x32, 0xB8, 0x9B, 0xB6, 0xC2, 0x1F, 0x8B, 0xFF, 0xAB, 0x93, 0xFD, 0x6C, 0x70, 0xCF, 0x83, 0xD7,
    0xEF, 0x8D, 0x05, 0x54, 0x44, 0xF5, 0x31, 0xF9, 0x30, 0x50, 0x4D, 0x38, 0xBE, 0x4F, 0xD4, 0x67,
    0x0D, 0x97, 0x0D, 0x5B, 0x3B, 0xB6, 0xB2, 0x6C, 0xE5, 0xD9, 0xCA, 0xB4, 0x8A, 0xC9, 0xCA, 0xB6,
    0x95, 0x6F, 0x2B, 0xE3, 0x0E, 0x60, 0x07, 0x2A, 0xB3, 0x79, 0x79, 0x6B, 0x63, 0xDF, 0xDA, 0xFF,
    0x06, 0x80, 0x5D, 0x3E, 0xC6, 0x36, 0x8A, 0x68, 0x57, 0xFA, 0x97, 0x4B, 0xCA, 0x13, 0xF6, 0x0A,
    0xFA, 0xA4, 0x85, 0xC5, 0xA3, 0x47, 0xBB, 0x79, 0x08, 0xCB, 0x75, 0xB5, 0x7C, 0x6B, 0x85, 0x30,
    0xAC, 0xEB, 0xDF, 0xBF, 0xF8, 0xEC, 0x3B, 0xCF, 0xFB, 0xA7, 0x97, 0x9F, 0x77, 0x17, 0x4A, 0xC8,
    0x9A, 0x5D, 0xE2, 0xAF, 0x26, 0x64, 0x01, 0x65, 0xD6, 0xF2, 0x24, 0xEA, 0x01, 0x20, 0xBB, 0xA8,
    0x39, 0x0C, 0xBD, 0xE8, 0x3C, 0x5D, 0x4A, 0x06, 0x93, 0xAC, 0x73, 0x20, 0x6F, 0x55, 0xF2, 0x66,
    0x25, 0x21, 0x04, 0xC5, 0x5A, 0x1A, 0xE4, 0x0D, 0xB3, 0xF1, 0x0E, 0xC9, 0x80, 0xF8, 0xDC, 0x9F,
    0x71, 0x1A, 0xCE, 0x79, 0x2F, 0x2C, 0xB1, 0x05, 0x0B, 0x94, 0x2D, 0x7A, 0xA2, 0xCE, 0xDD, 0xBC,
    0x16, 0xFE, 0xF0, 0x5A, 0xD3, 0xF0, 0x2D, 0x2F, 0x55, 0xDD, 0xE5, 0x97, 0xAA, 0xAB, 0x4E, 0x7F,
    0x7C, 0xF4, 0xBE, 0xFC, 0x62, 0xCF, 0xEF, 0x94, 0xA3, 0x77, 0xA2, 0x23, 0xEE, 0x22, 0xD4, 0xDF,
    0xF8, 0x6E, 0xAF, 0xCF, 0xF7, 0x56, 0xD4, 0x08, 0x3F, 0x6D, 0xE2, 0xAF, 0x83, 0xB8, 0xF9, 0x13,
    0xA2, 0x9A, 0x7C, 0xB0, 0xF6, 0x7D, 0xBC, 0x23, 0xEE, 0xAF, 0xDE, 0xB7, 0x0A, 0xA1, 0x15, 0xFF,
    0x6A, 0x90, 0x75, 0x4B, 0x85, 0x1D, 0xC0, 0x0D, 0xED, 0x52, 0x59, 0x4F, 0x31, 0x72, 0x30, 0xB1,
    0x2C, 0xE7, 0xF7, 0xA1, 0xD7, 0xBF, 0x7B, 0x65, 0x2F, 0xE4, 0xE7, 0x94, 0x14, 0xA2, 0x13, 0xF1,
    0x0B, 0x71, 0x4B, 0xED, 0xEE, 0x23, 0x21, 0xD4, 0x8F, 0xFF, 0x53, 0xD2, 0xFF, 0x5F, 0xFE, 0x4E,
    0x57, 0x64, 0xEA, 0x1F, 0xD4, 0xD5, 0x60, 0xF4, 0x2C, 0x1E, 0xF2, 0x2E, 0xB7, 0x40, 0x51, 0xFF,
    0x6F, 0xBF, 0x57, 0xF2, 0x8F, 0x81, 0xA4, 0x93, 0x0E, 0x92, 0x5E, 0x54, 0xB3, 0xFD, 0x7C, 0x7F,
    0x8B, 0xFD, 0x5F, 0xFF, 0x59, 0x4D, 0x1C, 0x6C, 0xF1, 0xA7, 0x47, 0xC8, 0xD7, 0x97, 0x9E, 0x86,
    0x30, 0x88, 0x2F, 0xA4, 0x93, 0x74, 0xE4, 0x42, 0xDE, 0x51, 0xC9, 0x5B, 0x8A, 0x66, 0xC3, 0xB6,
    0x32, 0xAB, 0xAC, 0x7B, 0xA9, 0xE9, 0xAC, 0x97, 0x8F, 0x6F, 0xCE, 0x2F, 0x9A, 0x95, 0xE6, 0x2D,
    0x65, 0x9D, 0xF5, 0x1C, 0x4A, 0x96, 0xA2, 0x73, 0x51, 0x38, 0x2A, 0x96, 0x54, 0x21, 0x74, 0xA4,
    0xE1, 0x02, 0x16, 0x00, 0xC8, 0x6B, 0x28, 0x5A, 0x28, 0x1A, 0x2E, 0xCF, 0x96, 0x17, 0x44, 0xAB,
    0x0B, 0xD3, 0xB3, 0x1F, 0x8F, 0xF2, 0x36, 0x9A, 0x94, 0xB5, 0x7D, 0x15, 0x95, 0x9D, 0x59, 0x4A,
    0x07, 0x94, 0x76, 0x66, 0xA9, 0x36, 0xB3, 0x65, 0xBD, 0xB9, 0x65, 0x4E, 0xB2, 0x31, 0x5D, 0x8A,
    0x43, 0xE8, 0x39, 0x0C, 0x35, 0x51, 0xCD, 0xCB, 0x9C, 0x48, 0x06, 0xB3, 0xA8, 0xA1, 0x6C, 0xA0,
    0x1A, 0xC1, 0xB3, 0x97, 0x7A, 0x67, 0x84, 0xBC, 0x81, 0x0C, 0x2C, 0x70, 0xEB, 0xA8, 0xDE, 0xF9,
    0x0C, 0xD9, 0x39, 0x94, 0x90, 0xC3, 0x01, 0xE2, 0x11, 0x71, 0x87, 0xA8, 0xB9, 0x16, 0xBE, 0x1F,
    0x83, 0x09, 0x8B, 0xDF, 0x1F, 0x50, 0x7D, 0xD5, 0xE0, 0x62, 0x40, 0x3C, 0xEC, 0x21, 0x6D, 0xEE,
    0x81, 0xDB, 0x88, 0x71, 0x1E, 0x4A, 0xA2, 0xDD, 0x6D, 0xB2, 0x71, 0xA4, 0x38, 0xC7, 0x7E, 0x81,
    0x21, 0x6D, 0xE1, 0xB5, 0x63, 0x8C, 0x8E, 0x20, 0x1A, 0xC1, 0xDE, 0xA2, 0xC6, 0xBD, 0xAA, 0x83,
    0xE7, 0xE3, 0x25, 0x8C, 0xF9, 0x6D, 0xC5, 0xF8, 0x10, 0xF6, 0xCD, 0x8F, 0x5D, 0xEB, 0xE7, 0xAE,
    0x19, 0xE3, 0x76, 0x81, 0x21, 0xB9, 0x1E, 0x8C, 0xCC, 0x43, 0x36, 0x80, 0x4F, 0x98, 0x75, 0xF1,
    0xA3, 0xEE, 0xD7, 0x92, 0xD9, 0x1F, 0xDF, 0xFA, 0x64, 0x42, 0x34, 0xC1, 0xF7, 0x66, 0x89, 0x76,
    0x9F, 0x91, 0x8D, 0x4F, 0x6F, 0x22, 0xA3, 0x7C, 0x9E, 0x22, 0x09, 0x3F, 0x41, 0xFA, 0x47, 0xE7,
    0xB8, 0xE3, 0x73, 0x58, 0xD4, 0x30, 0xE7, 0xF5, 0xCD, 0x58, 0xF6, 0xBF, 0xAD, 0xE1, 0xF4, 0xE7,
    0x2D, 0xBF, 0x08, 0x8D, 0xA8, 0xBD, 0x6F, 0x36, 0x99, 0x8D, 0xCC, 0x70, 0xAF, 0x37, 0xB9, 0x45,
    0x0B, 0x55, 0x0F, 0x17, 0x4B, 0x24, 0xC3, 0x3E, 0xF2, 0xA6, 0xA8, 0x01, 0xC0, 0x1B, 0xB6, 0xBD,
    0x27, 0x03, 0xF2, 0x09, 0xE5, 0x01, 0x8E, 0x8B, 0x46, 0x3C, 0x24, 0x3D, 0x6E, 0x74, 0xF3, 0x77,
    0x0E, 0xE2, 0x25, 0xCC, 0x13, 0xF2, 0x16, 0x14, 0x00, 0x00, 0x3B, 0x1B, 0xE8, 0xD5, 0x86, 0xFA,
    0xCE, 0x06, 0xFB, 0xF1, 0x9A, 0xFB, 0xC5, 0x72, 0x0D, 0x3E, 0xF4, 0x1B, 0xF2, 0xF5, 0x8C, 0xDE,
    0x86, 0xA5, 0x0D, 0x7C, 0x1B, 0xBE, 0xAF, 0x32, 0xCC, 0xD7, 0x6D, 0x9A, 0x60, 0xD3, 0x05, 0x9B,
    0x36, 0xCC, 0x7D, 0x58, 0x35, 0xE2, 0xBD, 0x25, 0x73, 0x27, 0xCC, 0xAD, 0xB0, 0x00, 0xCA, 0x06,
    0x87, 0x30, 0x21, 0x1E, 0x90, 0xB4, 0x1E, 0xC2, 0xB4, 0x91, 0xF2, 0x22, 0x1A, 0xA3, 0x10, 0xBE,
    0x1A, 0xBE, 0xC1, 0x1D, 0xDA, 0xBC, 0x75, 0xF1, 0xEA, 0xB8, 0x7D, 0x27, 0xEE, 0x99, 0xA6, 0x09,
    0xA8, 0x80, 0xBC, 0x01, 0x49, 0xFB, 0xE6, 0x52, 0x3D, 0x84, 0xAA, 0x46, 0xDE, 0x22, 0x19, 0x60,
    0xBC, 0x26, 0xAA, 0x7E, 0x50, 0x83, 0xC3, 0x01, 0x18, 0x2F, 0x0F, 0x77, 0x86, 0xCB, 0x8C, 0x73,
    0xE0, 0x37, 0xDF, 0x44, 0xC6, 0x6F, 0x1D, 0x21, 0x9F, 0x60, 0x07, 0xEE, 0xC3, 0x09, 0x92, 0xD1,
    0x9C, 0xE1, 0xA8, 0xB9, 0x8E, 0x0C, 0x27, 0x2D, 0xB2, 0xF0, 0x07, 0x0D, 0xF2, 0x9F, 0x04, 0x78,
    0x3F, 0x3A, 0x7F, 0x73, 0xC3, 0x7B, 0xE0, 0xA9, 0x28, 0xFC, 0xEB, 0x20, 0xF9, 0xE7, 0xD0, 0x49,
    0xEA, 0xC3, 0xE6, 0x1A, 0x72, 0xFB, 0xE6, 0x61, 0x02, 0xC8, 0x6B, 0x50, 0x34, 0x97, 0x87, 0x05,
    0xC0, 0x35, 0xA0, 0xFB, 0x8E, 0x7D, 0x6B, 0x0B, 0xBB, 0x3B, 0x24, 0xC3, 0x15, 0x4A, 0x45, 0xD2,
    0xAF, 0x58, 0x75, 0x79, 0xA7, 0x68, 0xD3, 0xB3, 0xE8, 0xB4, 0x8E, 0x43, 0x38, 0xA7, 0x0C, 0xBD,
    0xD9, 0x32, 0xF8, 0xF2, 0x92, 0x79, 0xBC, 0xCD, 0x1E, 0xE3, 0x09, 0xCB, 0x57, 0xAB, 0x68, 0xB9,
    0x2F, 0x5E, 0x1E, 0x4A, 0x96, 0x55, 0x53, 0x2C, 0x8B, 0x70, 0xBE, 0x4C, 0xC2, 0xF0, 0xCC, 0xE2,
    0x12, 0xF9, 0xA2, 0xD9, 0xD4, 0x02, 0xF1, 0x19, 0x92, 0x50, 0x23, 0x6B, 0x91, 0xB6, 0x78, 0x5C,
    0xE3, 0xEF, 0xE1, 0x29, 0xBC, 0x7D, 0x83, 0x50, 0xDE, 0xAD, 0xA9, 0x46, 0x1C, 0x63, 0xEF, 0x7F,
    0xF8, 0x56, 0xD5, 0x55, 0xF2, 0xC9, 0xFA, 0x4B, 0x0F, 0x89, 0xE0, 0x18, 0xA2, 0x01, 0x00, 0xD8,
    0x5F, 0xD3, 0x38, 0x59, 0x7B, 0x98, 0xD6, 0xBA, 0x5C, 0xE9, 0xAF, 0xD6, 0xAE, 0x42, 0xBB, 0xD2,
    0x33, 0xEB, 0xE3, 0xFF, 0x2F, 0x5D, 0xE3, 0xB1, 0xE6, 0x63, 0x0D, 0xC8, 0x9A, 0x90, 0x68, 0x8D,
    0x68, 0x66, 0xE4, 0x21, 0x38, 0x04, 0x13, 0xC4, 0x23, 0xA4, 0x1D, 0xE4, 0xB5, 0xBB, 0xA0, 0x9A,
    0xF5, 0x63, 0x3E, 0xDF, 0xB7, 0x22, 0x31, 0xAD, 0x34, 0x0C, 0x6B, 0x6D, 0xD6, 0x47, 0xBC, 0xA2,
    0x46, 0x4B, 0x56, 0x0C, 0x59, 0x51, 0x64, 0xC5, 0x91, 0x15, 0x49, 0xD6, 0x2C, 0x59, 0x78, 0x09,
    0x32, 0xEF, 0x20, 0x19, 0xC0, 0x12, 0x6C, 0xDF, 0x72, 0x9E, 0xD1, 0x04, 0x9E, 0x83, 0xB2, 0x86,
    0xAC, 0x85, 0xB8, 0xBF, 0x49, 0x9E, 0xD1, 0x19, 0xC4, 0xA1, 0x81, 0xB4, 0x85, 0xA4, 0x85, 0xB2,
    0x81, 0x13, 0xF0, 0x09, 0x78, 0xFB, 0x16, 0x52, 0xF5, 0x6E, 0x03, 0xE5, 0x08, 0x8E, 0xC1, 0x03,
    0x88, 0x96, 0x90, 0xF5, 0x90, 0xD6, 0xEE, 0x12, 0xDF, 0x54, 0x62, 0x9B, 0x0F, 0x70, 0xB8, 0xDC,
    0xC3, 0x7F, 0x9C, 0x8E, 0xE8, 0x8A, 0xEE, 0x96, 0x67, 0xF5, 0x2C, 0xEA, 0x48, 0xC3, 0x4F, 0x5B,
    0xF2, 0x1F, 0x87, 0x86, 0xEF, 0x79, 0x7E, 0x43, 0x29, 0xBD, 0xBD, 0x94, 0x00, 0x9E, 0x81, 0xE9,
    0x92, 0xBE, 0x0D, 0xDC, 0x34, 0x31, 0xF2, 0x1A, 0x8A, 0xE6, 0xA5, 0x2E, 0x40, 0x55, 0xA3, 0x68,
    0x91, 0xF6, 0x88, 0x06, 0xD8, 0x03, 0x98, 0x0D, 0x46, 0xF5, 0x09, 0x79, 0x5B, 0x51, 0x34, 0x45,
    0xA3, 0x92, 0xB7, 0x0E, 0xA4, 0xBD, 0x49, 0x32, 0x44, 0x4B, 0xD1, 0x32, 0x19, 0x98, 0xD2, 0x8E,
    0x9D, 0xBC, 0xA5, 0x2C, 0x6B, 0xF2, 0x80, 0xEC, 0x1C, 0xC9, 0x12, 0xF1, 0xE8, 0xD5, 0xE5, 0x1C,
    0x87, 0x28, 0x1A, 0xD2, 0x8E, 0x68, 0x00, 0x70, 0xCC, 0xCE, 0x3E, 0xFB, 0x15, 0x53, 0xC9, 0xB2,
    0x68, 0xE2, 0x31, 0x6F, 0x93, 0x21, 0xED, 0xD2, 0x3E, 0xE9, 0xB3, 0x36, 0x1E, 0xF2, 0x36, 0x1A,
    0x8B, 0x7A, 0x3D, 0xBB, 0xB7, 0xB3, 0x39, 0xBB, 0x3C, 0xA6, 0x58, 0x92, 0x0F, 0xA4, 0xAB, 0xEA,
    0xC8, 0x5B, 0xF2, 0x86, 0x12, 0xCF, 0x39, 0x9D, 0x38, 0x1D, 0xB8, 0x7B, 0x43, 0x96, 0x01, 0x66,
    0xB3, 0xC9, 0xCB, 0x89, 0xDD, 0xAB, 0x36, 0xFD, 0x69, 0xA7, 0xCC, 0x7A, 0xCF, 0xD3, 0xFE, 0x74,
    0x8A, 0xEA, 0xD9, 0x34, 0xE9, 0x0B, 0xA4, 0x01, 0x72, 0x66, 0x39, 0x44, 0x34, 0x42, 0x0F, 0xBB,
    0x37, 0x03, 0xE7, 0xAD, 0xA3, 0x8D, 0x15, 0x7B, 0xD8, 0x26, 0x3A, 0x26, 0xE9, 0x49, 0x1A, 0xE2,
    0xFA, 0xDA, 0x72, 0xA1, 0xAA, 0x7F, 0x8F, 0x30, 0x3E, 0x15, 0xFF, 0x22, 0x0C, 0x92, 0xB6, 0x6C,
    0x6E, 0x78, 0xA1, 0xCC, 0x5F, 0x46, 0x49, 0xFF, 0x2A, 0xB4, 0x99, 0x53, 0xB8, 0x36, 0x18, 0xFF,
    0x0D, 0xB5, 0x98, 0x01, 0x84, 0x24, 0xD9, 0x19, 0xC7, 0x7F, 0x55, 0xEF, 0x66, 0x4B, 0xA6, 0x92,
    0x7D, 0x83, 0x5E, 0xF6, 0x56, 0x6E, 0x2B, 0x38, 0xCC, 0x9E, 0x9B, 0xAD, 0xE0, 0xB0, 0xE8, 0xEE,
    0x7A, 0xC9, 0xE1, 0xB8, 0xC0, 0x60, 0xE6, 0x00, 0xB7, 0x41, 0x90, 0xCC, 0xE1, 0x16, 0x8B, 0x45,
    0xCF, 0x74, 0xED, 0x85, 0x1C, 0x82, 0x2C, 0x08, 0x04, 0x99, 0xB0, 0xB8, 0xDB, 0x70, 0x7B, 0x98,
    0x63, 0x12, 0x3D, 0xDB, 0xEF, 0x72, 0x08, 0x20, 0x15, 0x27, 0x00, 0x52, 0x89, 0x10, 0x39, 0xC8,
    0x8B, 0xAB, 0x48, 0x9D, 0x54, 0xF7, 0xCB, 0x7B, 0x55, 0x3D, 0x66, 0x66, 0xC7, 0xAE, 0xDE, 0x9C,
    0xFB, 0xBE, 0xF7, 0xFD, 0xEB, 0x9B, 0xEF, 0xFB, 0x7F, 0xDF, 0xFB, 0xDE, 0x6B, 0x3D, 0x35, 0x06,
    0x15, 0x14, 0xDC, 0x9E, 0xCE, 0x3E, 0x1A, 0xED, 0x7F, 0xF8, 0x2B, 0xBD, 0xCF, 0x32, 0x0A, 0x01,
    0x91, 0x7A, 0x81, 0xF1, 0x7C, 0xF0, 0xE6, 0xC5, 0x55, 0xF1, 0x3A, 0xAB, 0x4B, 0x29, 0x3B, 0xEF,
    0x5B, 0x3B, 0x9D, 0x77, 0x78, 0x69, 0x7B, 0x7B, 0xCB, 0x5A, 0x3B, 0x9F, 0x3A, 0xDB, 0x79, 0xF0,
    0x20, 0x77, 0x7E, 0x31, 0x75, 0xE6, 0x7C, 0x2F, 0xB9, 0xED, 0x44, 0x4F, 0x17, 0xCF, 0x27, 0xC5,
    0x3F, 0x14, 0xBA, 0xFA, 0xCA, 0xD6, 0x7E, 0x98, 0x03, 0x64, 0xD6, 0x1A, 0x67, 0x25, 0xC0, 0xA9,
    0x9F, 0x4D, 0xA0, 0x22, 0x1D, 0xE7, 0x52, 0xA5, 0x64, 0x4E, 0xF7, 0xE8, 0xB1, 0xA2, 0xA4, 0x4E,
    0xF2, 0xD4, 0x45, 0x86, 0xF4, 0x19, 0xB1, 0x46, 0xA0, 0xE2, 0x52, 0x16, 0x52, 0xCB, 0x3C, 0x21,
    0x65, 0x40, 0xCF, 0xE9, 0x5E, 0xCB, 0x4F, 0x95, 0x54, 0x71, 0x1E, 0xE9, 0x40, 0x05, 0xAA, 0x17,
    0xE9, 0xC3, 0x38, 0xAF, 0xE4, 0x77, 0x4C, 0x22, 0x4C, 0xE6, 0x56, 0x54, 0xEE, 0xC9, 0xA2, 0xB7,
    0xA2, 0x56, 0xD4, 0xA6, 0xFC, 0xB8, 0x4E, 0xDE, 0xA9, 0xD2, 0x57, 0x5D, 0xBC, 0x1C, 0x8A, 0xA2,
    0x1F, 0xE9, 0x3B, 0x71, 0xBE, 0xB6, 0x82, 0xAB, 0x8A, 0xCB, 0x99, 0xD4, 0x8D, 0xD4, 0xB5, 0xBC,
    0x5B, 0x25, 0xA1, 0x49, 0x45, 0x39, 0x10, 0xBA, 0x17, 0x28, 0xB7, 0x5C, 0xB9, 0x6B, 0x92, 0x09,
    0x17, 0x34, 0xAE, 0xAD, 0x6B, 0xEE, 0xB6, 0x70, 0x19, 0x76, 0xE1, 0x08, 0x46, 0xED, 0xEA, 0xFB,
    0xF5, 0xD9, 0xEE, 0xAF, 0xAD, 0xB5, 0x0E, 0xB9, 0x01, 0xFD, 0xB3, 0x6B, 0x74, 0x76, 0x1D, 0x9D,
    0x5A, 0x89, 0x5A, 0x18, 0x20, 0x3B, 0xEB, 0xC9, 0x40, 0x65, 0xD6, 0x6A, 0x6F, 0x8B, 0x58, 0x97,
    0x3F, 0xCF, 0x25, 0x7B, 0xF8, 0xB0, 0xE5, 0x5D, 0xBB, 0xF9, 0x46, 0x7E, 0x8E, 0x9B, 0x2A, 0x02,
    0x92, 0x2A, 0x6B, 0xA6, 0xCD, 0x74, 0x36, 0x9D, 0x8D, 0x9B, 0xB4, 0x0A, 0x14, 0x50, 0xC0, 0x0C,
    0xAC, 0xC6, 0xD6, 0xD8, 0x39, 0xB6, 0xC2, 0x2A, 0x6A, 0xC8, 0xE1, 0x0A, 0x59, 0xEE, 0x54, 0xAD,
    0x70, 0x8D, 0xAB, 0x4C, 0x19, 0x2B, 0x6F, 0x63, 0x32, 0x7A, 0x3C, 0xE7, 0x62, 0x1B, 0x5C, 0xF7,
    0xD1, 0x36, 0x3E, 0x55, 0x3E, 0xB3, 0xC8, 0xB5, 0xD9, 0x69, 0x9B, 0xEB, 0x31, 0x9D, 0x7F, 0xB4,
    0xBD, 0xCF, 0xB2, 0x8A, 0xE3, 0x6F, 0xBF, 0xC9, 0xAA, 0xD3, 0xA5, 0xBF, 0x01, 0xD3, 0xF9, 0x89,
    0x86, 0xF9, 0x32, 0xEA, 0xAB, 0x7E, 0xFB, 0xFE, 0xF1, 0x9E, 0xCF, 0x52, 0xB5, 0xF3, 0xC1, 0xF1,
    0xCE, 0xCB, 0x57, 0x05, 0xF7, 0xA1, 0x07, 0x20, 0x2D, 0x8C, 0x00, 0xD2, 0x9B, 0x9A, 0x0A, 0x60,
    0x20, 0x74, 0x68, 0x00, 0xFA, 0xA2, 0x10, 0x05, 0xC0, 0x28, 0x2C, 0xE3, 0xBC, 0x73, 0x4C, 0xC2,
    0xC2, 0x19, 0xB2, 0x48, 0x8D, 0x8E, 0x9D, 0xEA, 0x25, 0xC5, 0x7B, 0xAE, 0xEA, 0x8F, 0xFF, 0xB2,
    0x65, 0x64, 0xF3, 0x61, 0xF4, 0xC9, 0xA7, 0xFF, 0xAE, 0xE4, 0x2F, 0x8A, 0xE4, 0xE1, 0x4F, 0x7F,
    0xAF, 0x47, 0x49, 0x58, 0x46, 0x73, 0xF9, 0xBD, 0xBC, 0x3F, 0x0C, 0x0C, 0x9B, 0xD7, 0xE3, 0x7C,
    0x30, 0xC0, 0x40, 0x5F, 0xAA, 0xCE, 0xA9, 0x17, 0x4E, 0x60, 0x64, 0x97, 0x12, 0xC5, 0x82, 0x13,
    0xE9, 0x48, 0xF7, 0xAF, 0xBB, 0x2A, 0xA9, 0x44, 0x31, 0x49, 0x44, 0x49, 0x4A, 0xF8, 0xDF, 0x4A,
    0xFE, 0x53, 0x33, 0x80, 0x69, 0x21, 0x2C, 0x00, 0x2B, 0xB0, 0x76, 0x72, 0xAE, 0xD3, 0x47, 0x03,
    0xD2, 0x87, 0x9A, 0x1A, 0xE8, 0x0E, 0x58, 0x04, 0x86, 0x4E, 0x46, 0xA2, 0xEC, 0xCE, 0xD8, 0x1D,
    0x2A, 0xD2, 0x74, 0x32, 0x09, 0x8D, 0x54, 0x27, 0x7E, 0xCA, 0x89, 0xDF, 0xE7, 0x84, 0x7F, 0x78,
    0x45, 0xF1, 0x23, 0xBF, 0x69, 0x5F, 0xFC, 0xC5, 0x58, 0x23, 0xAC, 0x96, 0x16, 0x77, 0xF0, 0xBF,
    0x7E, 0xD1, 0xC4, 0x7F, 0x37, 0xE9, 0x2F, 0x75, 0x62, 0xDF, 0xFD, 0xA4, 0x1C, 0x48, 0x55, 0x0D,
    0x22, 0xED, 0x8E, 0xFF, 0x9A, 0x1E, 0x26, 0xD4, 0x6E, 0x53, 0x36, 0x93, 0x48, 0xA7, 0x09, 0x93,
    0x49, 0x58, 0xC2, 0x20, 0xD6, 0x49, 0xEA, 0x7D, 0x03, 0x93, 0x53, 0xBE, 0x71, 0x9C, 0x85, 0x1F,
    0x96, 0x2D, 0xFF, 0x70, 0xE2, 0x6A, 0x85, 0x16, 0x7A, 0x28, 0x7D, 0x9F, 0x02, 0x99, 0x8B, 0x72,
    0x57, 0xDE, 0x35, 0xC3, 0x58, 0x93, 0x10, 0xD8, 0x3A, 0xB2, 0x65, 0x62, 0x73, 0x06, 0x30, 0x2E,
    0x03, 0x9B, 0x47, 0xF3, 0xE3, 0xCB, 0xE9, 0xC1, 0x26, 0x6C, 0x51, 0x87, 0xC6, 0x5F, 0xAD, 0x64,
    0x83, 0x3E, 0xB7, 0x5C, 0xC4, 0xE5, 0xEA, 0x94, 0xD0, 0x0C, 0x70, 0xD7, 0x4B, 0x9C, 0x1B, 0x64,
    0x58, 0xB2, 0x21, 0x34, 0xFD, 0x58, 0x71, 0x6B, 0x15, 0xCF, 0x09, 0x36, 0x1D, 0x49, 0x94, 0x8E,
    0x15, 0x6B, 0x47, 0x93, 0xCA, 0xF1, 0xAE, 0x7B, 0x62, 0xDF, 0x33, 0x0F, 0x3C, 0xD5, 0x38, 0x6E,
    0xA0, 0xE9, 0xB1, 0x4B, 0x8A, 0x54, 0x91, 0xE3, 0x61, 0x38, 0x60, 0xBD, 0xB7, 0x02, 0xBB, 0x32,
    0x27, 0x8D, 0x35, 0xF2, 0xD5, 0x92, 0xE8, 0x63, 0xFF, 0xE9, 0x1E, 0x82, 0xE9, 0xC3, 0xC1, 0x55,
    0x58, 0x5F, 0xA5, 0xB7, 0x12, 0x28, 0x47, 0xFA, 0x71, 0xE9, 0x58, 0xBF, 0x33, 0x9E, 0x56, 0x7B,
    0xDE, 0xC8, 0x13, 0xAF, 0x7B, 0xA6, 0xF4, 0xD4, 0x28, 0x77, 0xDC, 0x30, 0xE7, 0x32, 0xED, 0x01,
    0xE1, 0x3F, 0x2A, 0xF8, 0x54, 0x8B, 0x8F, 0x8B, 0x48, 0x19, 0xC9, 0xED, 0x17, 0xE8, 0xBB, 0x71,
    0x5E, 0xE4, 0x6B, 0xAC, 0x31, 0x09, 0x6A, 0x51, 0x4A, 0x9D, 0x71, 0xC4, 0x1E, 0x49, 0x1E, 0x17,
    0xC2, 0xD0, 0x70, 0x03, 0x7A, 0x8C, 0xC8, 0x90, 0x3A, 0x2A, 0x83, 0xDA, 0x25, 0x1B, 0x61, 0xE2,
    0x22, 0x51, 0x7B, 0x2E, 0x0A, 0x10, 0xE6, 0xF0, 0x4D, 0xE2, 0x92, 0x57, 0x52, 0x8F, 0x4D, 0xAC,
    0x23, 0x57, 0x19, 0x1A, 0x90, 0x9A, 0x09, 0x64, 0x90, 0x42, 0x03, 0xB1, 0x16, 0x06, 0x42, 0xE3,
    0xC2, 0x30, 0xC9, 0x60, 0x83, 0xB4, 0x61, 0x34, 0x46, 0x1A, 0xE6, 0x2D, 0x3E, 0xBA, 0x46, 0x36,
    0x61, 0x1D, 0x9A, 0x0C, 0x10, 0x2D, 0x53, 0xB6, 0x55, 0x19, 0x34, 0xED, 0xCA, 0x10, 0x6D, 0x67,
    0xD9, 0xEE, 0xD2, 0xED, 0xF8, 0x75, 0xE2, 0x82, 0x6F, 0x43, 0xA0, 0xE0, 0x12, 0x5B, 0x63, 0x1A,
    0xB7, 0xF6, 0xDA, 0x35, 0x5C, 0xAC, 0x7A, 0x70, 0x66, 0x1D, 0xB8, 0xD5, 0xE7, 0xE0, 0x65, 0x0E,
    0xD6, 0xF9, 0x3E, 0xAD, 0x5C, 0xE3, 0x60, 0x1A, 0x34, 0xD3, 0x70, 0x36, 0x0E, 0x9A, 0x1E, 0x6B,
    0xEC, 0x28, 0x52, 0x5B, 0x93, 0xCD, 0xA6, 0xAC, 0xD5, 0x89, 0xA2, 0x8E, 0xF5, 0x29, 0xCB, 0xF1,
    0xB1, 0xC3, 0x0C, 0x7E, 0xD3, 0xC0, 0xB4, 0x74, 0xA6, 0xE0, 0x11, 0x30, 0x01, 0x46, 0xC0, 0x0F,
    0x39, 0x91, 0x1E, 0x30, 0x5B, 0x58, 0x03, 0xAC, 0x41, 0x66, 0xAD, 0xCD, 0x5B, 0x70, 0x2F, 0xFC,
    0x6D, 0x5A, 0x79, 0x05, 0xB8, 0xD5, 0x07, 0x8C, 0x84, 0x50, 0x47, 0x1A, 0xA9, 0x82, 0x2F, 0x82,
    0x23, 0x48, 0x6D, 0x09, 0x81, 0xA7, 0x5D, 0x78, 0xA0, 0x60, 0x6C, 0x2B, 0xC2, 0x8A, 0x3D, 0xE2,
    0xDC, 0xAD, 0xAB, 0x10, 0x14, 0x7D, 0xE0, 0xC3, 0x6F, 0x01, 0xCE, 0x2E, 0x43, 0x1F, 0x0E, 0xC0,
    0xB8, 0x04, 0x42, 0x13, 0xE5, 0x48, 0xB8, 0x08, 0x1B, 0x6D, 0xE6, 0x10, 0x1A, 0x82, 0x19, 0xE2,
    0x0F, 0x44, 0xEF, 0x2A, 0x29, 0x72, 0x19, 0xEA, 0x0D, 0xCA, 0x3E, 0xE6, 0xC5, 0xEE, 0x36, 0x6A,
    0x16, 0xD2, 0x00, 0x9C, 0x89, 0x1C, 0x3E, 0xE6, 0xC4, 0x7F, 0x3B, 0x78, 0x5B, 0xB5, 0x8E, 0x3F,
    0x0B, 0xC0, 0x85, 0x87, 0xF6, 0xB3, 0x36, 0x42, 0x38, 0xA3, 0x93, 0xE8, 0xCF, 0x74, 0x22, 0x7F,
    0xA6, 0x3B, 0x27, 0x8B, 0xCA, 0xCE, 0x19, 0x8B, 0xAA, 0x73, 0x36, 0x82, 0x36, 0xB2, 0x9A, 0x03,
    0x57, 0x14, 0xC4, 0x1A, 0x48, 0x8E, 0x1D, 0xA9, 0x20, 0x3A, 0xEB, 0xC0, 0xF0, 0xB5, 0xBB, 0x13,
    0xBE, 0x90, 0x17, 0xCC, 0xD8, 0xDA, 0x06, 0xB7, 0x7F, 0xF5, 0x96, 0xB5, 0xEF, 0xF1, 0xD0, 0xDA,
    0x7D, 0x64, 0x09, 0x64, 0x1A, 0x86, 0x15, 0xF0, 0xC8, 0xC0, 0x64, 0x02, 0x41, 0x55, 0x13, 0xD4,
    0x19, 0x08, 0x73, 0xE4, 0x2C, 0xCD, 0x91, 0x45, 0x46, 0x50, 0x4A, 0xDF, 0x74, 0xC0, 0x42, 0x8E,
    0xFF, 0x20, 0x03, 0x56, 0x80, 0x21, 0x30, 0x02, 0x2A, 0x08, 0x4B, 0x4F, 0xEC, 0xA6, 0x48, 0x81,
    0x7E, 0x77, 0x11, 0x81, 0x01, 0x51, 0x74, 0xA3, 0xCA, 0xF3, 0x15, 0xC2, 0x87, 0x73, 0x48, 0x80,
    0x41, 0x57, 0xC1, 0xA5, 0x2D, 0xFF, 0x02, 0x9F, 0x70, 0x5E, 0x7D, 0xFC, 0x68, 0xEB, 0x49, 0x99,
    0x4B, 0xDB, 0x99, 0xCD, 0x2C, 0xD9, 0x79, 0xCD, 0xEC, 0xD8, 0x5E, 0x1A, 0x9F, 0x8F, 0x5F, 0x1A,
    0xFB, 0x8A, 0x60, 0x47, 0x71, 0xE5, 0x1E, 0xA9, 0xAD, 0x63, 0x3B, 0x67, 0x6C, 0xE7, 0xD2, 0x5A,
    0x7D, 0x83, 0xEC, 0x75, 0x25, 0x8B, 0x76, 0x3A, 0x61, 0xE0, 0xFC, 0xA3, 0x84, 0x0C, 0xE2, 0x02,
    0x8E, 0x20, 0x75, 0x81, 0x1A, 0x1E, 0x81, 0x2C, 0x5A, 0x2F, 0x53, 0x6D, 0x6A, 0xB7, 0xE5, 0x32,
    0xE9, 0x4E, 0x78, 0xD8, 0x3D, 0x7E, 0x00, 0x57, 0x78, 0x5C, 0xEE, 0x74, 0xC1, 0x19, 0x64, 0x39,
    0x41, 0xF7, 0xA0, 0x69, 0x1B, 0xB1, 0x06, 0x2B, 0xE0, 0xE7, 0xDC, 0x74, 0x53, 0x86, 0xB5, 0x9B,
    0x31, 0xAC, 0xDD, 0x84, 0xDF, 0xAD, 0x41, 0xDE, 0x6D, 0xA1, 0x3A, 0x0D, 0x59, 0xE0, 0xE0, 0x88,
    0xCA, 0x4F, 0x62, 0x90, 0x85, 0x83, 0x4C, 0x39, 0xD8, 0xC5, 0xC1, 0xC4, 0xC3, 0xA1, 0x07, 0x37,
    0xC7, 0xFE, 0xD9, 0x09, 0xF6, 0x99, 0x21, 0x9A, 0xC0, 0x03, 0x0D, 0x61, 0xCD, 0x1A, 0x6C, 0x5E,
    0xE2, 0xCA, 0x7D, 0xC6, 0x17, 0xAC, 0x55, 0xE3, 0xD8, 0xDA, 0x62, 0x4F, 0xA8, 0xC8, 0xEC, 0x41,
    0x50, 0x0D, 0x81, 0x05, 0xF8, 0x1F, 0x07, 0x20, 0x8C, 0x03, 0x59, 0x38, 0xC8, 0xD4, 0x80, 0xA0,
    0x61, 0xE0, 0x42, 0x0E, 0x62, 0x4D, 0x1F, 0x99, 0xF3, 0x32, 0x52, 0xB1, 0xCE, 0x2A, 0xA7, 0xE4,
    0x1A, 0xB1, 0x62, 0x4A, 0xA2, 0x1D, 0xA4, 0x9A, 0xB1, 0xF7, 0x7A, 0xAC, 0xC0, 0xD4, 0xDA, 0xC6,
    0x3A, 0x73, 0xBF, 0x04, 0x1A, 0x08, 0x0D, 0x88, 0x12, 0xA4, 0x86, 0x44, 0xC1, 0x10, 0x98, 0x40,
    0x50, 0x83, 0x30, 0x10, 0x77, 0x1F, 0x15, 0x29, 0xB0, 0x07, 0xF8, 0x8A, 0x0A, 0x32, 0xF7, 0x85,
    0x73, 0x60, 0x0D, 0x7D, 0x69, 0x1B, 0x0F, 0x73, 0x0F, 0xF6, 0x04, 0xD4, 0x79, 0x38, 0xC9, 0xCE,
    0x8F, 0xCB, 0xDA, 0x06, 0x0F, 0x94, 0x03, 0xF8, 0x3F, 0xE0, 0xC6, 0x45, 0x80, 0x97, 0xAC, 0x45,
    0x58, 0x07, 0xD2, 0xCE, 0x6E, 0x92, 0xD8, 0x26, 0x26, 0x3B, 0x0B, 0xE3, 0x13, 0x38, 0x9B, 0x48,
    0x3D, 0xF8, 0xB2, 0xAE, 0x01, 0x6F, 0x3B, 0x70, 0x67, 0xC3, 0xF1, 0x6C, 0xC9, 0xEE, 0x4D, 0xDB,
    0x70, 0x27, 0xB1, 0x33, 0x0F, 0xF6, 0x31, 0x50, 0x1D, 0x9C, 0x4B, 0xCC, 0xBB, 0x32, 0xD7, 0xC0,
    0x90, 0xD9, 0xB9, 0x5A, 0x7C, 0x47, 0x17, 0x16, 0xE7, 0xAD, 0xED, 0xBD, 0xF6, 0x93, 0x7A, 0x6A,
    0x6D, 0xBD, 0x63, 0xE7, 0xF7, 0x49, 0x4A, 0x18, 0x54, 0xD0, 0x4C, 0x08, 0xAB, 0x8C, 0xC8, 0xA4,
    0x79, 0x50, 0x5C, 0xA4, 0x93, 0x8C, 0xA9, 0xD3, 0x21, 0xE7, 0xE5, 0x25, 0x32, 0xA7, 0x89, 0x92,
    0x79, 0xAC, 0xFD, 0x7B, 0x7C, 0xC9, 0x5F, 0xD5, 0x5F, 0xA5, 0x2C, 0xF1, 0x3E, 0xF9, 0x92, 0xD7,
    0xF1, 0xE5, 0xEA, 0xD7, 0xE9, 0x3D, 0x62, 0x34, 0xE5, 0x70, 0x8F, 0x8A, 0xD0, 0x20, 0x4A, 0x22,
    0xED, 0x1B, 0x48, 0x45, 0x02, 0x43, 0x18, 0xC1, 0x04, 0x2A, 0x82, 0x36, 0x29, 0x5C, 0x52, 0x77,
    0xC9, 0x17, 0x87, 0x34, 0x7D, 0x66, 0x13, 0x1A, 0xFC, 0xAB, 0xFA, 0x1E, 0xD0, 0x8B, 0xAC, 0x75,
    0xCF, 0x3B, 0xC9, 0xCF, 0xA7, 0xF6, 0x5E, 0x60, 0x06, 0x04, 0x6E, 0x86, 0xE2, 0x36, 0xFE, 0xA9,
    0x00, 0x82, 0x4D, 0x60, 0x8B, 0xC5, 0xE1, 0xE7, 0x6F, 0xCC, 0x10, 0x85, 0xFF, 0xC0, 0x40, 0xE8,
    0x97, 0x81, 0xB2, 0xBD, 0x2E, 0x3A, 0x29, 0x01, 0x0C, 0x84, 0xB9, 0x79, 0x05, 0x51, 0x9A, 0x06,
    0xEA, 0xCF, 0x0D, 0x0C, 0xAD, 0x06, 0x69, 0x4F, 0xBD, 0xBF, 0x35, 0x72, 0x8E, 0xFF, 0x39, 0x87,
    0xE6, 0xF3, 0x12, 0x61, 0x4C, 0x8D, 0xD0, 0xE6, 0x06, 0x60, 0xE8, 0x60, 0x21, 0x17, 0x72, 0x90,
    0x45, 0x67, 0xB1, 0xE6, 0x09, 0x72, 0x1D, 0x18, 0x2F, 0x6C, 0x83, 0xA7, 0x89, 0xD4, 0x27, 0xFD,
    0x02, 0xE5, 0xFF, 0xE4, 0x54, 0x5B, 0xD4, 0x59, 0xAC, 0xEB, 0xD0, 0xEC, 0xCA, 0x77, 0x8C, 0x28,
    0xEA, 0x54, 0x14, 0xF1, 0x5D, 0x33, 0x88, 0x73, 0x29, 0x8A, 0x43, 0xC9, 0x46, 0x94, 0x9B, 0x0D,
    0xFA, 0x32, 0x2C, 0x6E, 0x70, 0xEB, 0x1B, 0x61, 0x7E, 0x6B, 0x31, 0x55, 0xD7, 0xA3, 0xC3, 0xA7,
    0xCD, 0x76, 0x7E, 0x52, 0xAA, 0x31, 0x10, 0x36, 0x1E, 0x83, 0x66, 0x03, 0xE0, 0x80, 0xA5, 0x44,
    0xEA, 0xC7, 0xF7, 0x0D, 0x14, 0x5C, 0x03, 0xB8, 0xDF, 0x75, 0xEB, 0xB0, 0xDD, 0xE5, 0x90, 0xA5,
    0x24, 0xEE, 0x7A, 0x96, 0x27, 0x3D, 0x43, 0xC5, 0x52, 0x92, 0x01, 0x41, 0xDD, 0x9D, 0xA5, 0xF5,
    0x9B, 0x1E, 0xC0, 0xE6, 0xF3, 0x64, 0x8C, 0x9D, 0x3D, 0x5D, 0x2E, 0x2F, 0x58, 0xCF, 0xF9, 0x92,
    0xB6, 0x53, 0xDB, 0xC8, 0x43, 0x4D, 0x17, 0x7B, 0xA2, 0xB8, 0x9A, 0x40, 0x65, 0x10, 0x97, 0x63,
    0x90, 0xA6, 0xF5, 0xDA, 0x18, 0x4F, 0x96, 0x4D, 0x20, 0x5C, 0xEC, 0xB1, 0xD8, 0x8D, 0x35, 0x80,
    0x38, 0x07, 0x90, 0x1E, 0x95, 0xCC, 0x9F, 0x43, 0x18, 0x99, 0x67, 0x44, 0x0E, 0xC7, 0x0B, 0x3F,
    0xB8, 0x27, 0xF3, 0xE7, 0x3B, 0xCE, 0x19, 0xDC, 0xDE, 0xBE, 0xF9, 0xA7, 0xED, 0x4D, 0xEB, 0xA5,
    0xEE, 0xB0, 0x8B, 0x9F, 0xC7, 0xB0, 0x94, 0xF9, 0xA0, 0xED, 0x39, 0x5D, 0x60, 0x17, 0x39, 0xCB,
    0xBC, 0xA0, 0x60, 0xE3, 0xF8, 0xFF, 0x07, 0x27, 0xEF, 0xC1, 0xA7, 0x44, 0xD6, 0x99, 0xB6, 0x7A,
    0xB9, 0xBD, 0x94, 0x71, 0xEB, 0x6F, 0x00, 0xB0, 0xE7, 0x7D, 0x87, 0x70, 0xBA, 0xE7, 0xCE, 0xFB,
    0x6F, 0xFD, 0x23, 0xCC, 0x3B, 0x7D, 0xA6, 0xFF, 0x19, 0x7C, 0xB0, 0xBF, 0xDA, 0xE9, 0xB3, 0x54,
    0x65, 0x4D, 0x5A, 0x4B, 0x13, 0x15, 0x42, 0xBB, 0xC8, 0x92, 0x55, 0x10, 0xE6, 0x42, 0xC7, 0xA5,
    0x34, 0x59, 0x33, 0x9E, 0x2D, 0x5F, 0x25, 0xF4, 0xD5, 0x83, 0xDB, 0x2F, 0xF4, 0xFB, 0x71, 0x29,
    0xF4, 0xD2, 0x13, 0xAA, 0xB7, 0xF2, 0x67, 0xBF, 0x8D, 0xFF, 0x01, 0x62, 0x5C, 0xC1, 0xC0, 0xFD,
    0xDF, 0x41, 0x7E, 0x36, 0xA0, 0x7D, 0xEA, 0x87, 0x6D, 0xE2, 0x87, 0xC2, 0x9F, 0x7D, 0x6A, 0x2D,
    0xFD, 0x2C, 0xFD, 0x2E, 0x0B, 0x12, 0x54, 0x22, 0xB7, 0x74, 0x42, 0xCA, 0x1D, 0xBB, 0x2E, 0x89,
    0x55, 0x09, 0x32, 0x64, 0xC9, 0xC0, 0x75, 0x65, 0x61, 0x61, 0x2F, 0xC8, 0x82, 0x53, 0xE3, 0x7D,
    0x66, 0xDF, 0x29, 0x43, 0x33, 0x30, 0x74, 0x41, 0xF1, 0xCE, 0xE2, 0x85, 0x15, 0x79, 0xAF, 0x10,
    0x1E, 0x82, 0x14, 0xA4, 0x04, 0xF3, 0xEE, 0x12, 0xDA, 0xF2, 0x5F, 0x6C, 0x0C, 0x7C, 0xFE, 0xF4,
    0xE4, 0xF7, 0xFC, 0x9E, 0xEF, 0xF9, 0x3B, 0xDB, 0x0D, 0xB8, 0x2F, 0x11, 0xEA, 0x86, 0x8B, 0x0D,
    0xC9, 0xED, 0xB3, 0x50, 0x24, 0x3E, 0x7D, 0x6F, 0x45, 0x04, 0x61, 0x5F, 0x77, 0xA0, 0x2F, 0x00,
    0xEC, 0x28, 0xA4, 0x16, 0x43, 0x8B, 0xB9, 0x65, 0xE7, 0x36, 0x79, 0x6D, 0xE5, 0xD8, 0x76, 0xA5,
    0x2D, 0xA5, 0x9D, 0xC7, 0x25, 0x11, 0xD2, 0x6E, 0xB8, 0x53, 0xA9, 0x2C, 0xBA, 0x6E, 0xA5, 0x6E,
    0x02, 0x3D, 0x20, 0xBF, 0x87, 0x22, 0xAA, 0x1B, 0xF7, 0x1D, 0x78, 0x00, 0x02, 0x58, 0xE8, 0x70,
    0x3F, 0x38, 0xB5, 0x45, 0x04, 0x26, 0xC0, 0x9E, 0xE1, 0xD1, 0xA5, 0x4E, 0x65, 0x40, 0x49, 0x7C,
    0x88, 0x69, 0x74, 0xD3, 0x83, 0xF0, 0xA5, 0xAB, 0x45, 0xCE, 0x42, 0x7A, 0xEE, 0x92, 0xA8, 0x00,
    0x5C, 0xAB, 0x26, 0xC3, 0x18, 0x6E, 0x9D, 0x04, 0x70, 0x87, 0xC4, 0x42, 0x1A, 0xA4, 0x40, 0xDE,
    0x56, 0xD6, 0xC0, 0x02, 0x2C, 0x20, 0x71, 0x10, 0x16, 0xEC, 0x39, 0x64, 0x34, 0xC5, 0xC8, 0xF5,
    0x99, 0xA7, 0xC3, 0x66, 0x23, 0x3A, 0x54, 0x1B, 0x11, 0xBE, 0x64, 0xA1, 0x44, 0x20, 0x5B, 0xBC,
    0xF0, 0xB2, 0xDD, 0x96, 0x64, 0x49, 0xA3, 0x19, 0x08, 0x57, 0xB3, 0xA0, 0x41, 0xA4, 0xD5, 0xC5,
    0xF0, 0x34, 0xC8, 0xF5, 0xA6, 0x61, 0x0F, 0x61, 0xF7, 0xE6, 0x2A, 0x5B, 0x83, 0xC0, 0x2C, 0x78,
    0xCB, 0xC3, 0x37, 0x88, 0x51, 0x71, 0xB7, 0x75, 0x99, 0x41, 0x55, 0x35, 0x11, 0xB4, 0xA0, 0x09,
    0xB9, 0x84, 0x93, 0x13, 0xD5, 0x04, 0x27, 0x89, 0x15, 0x26, 0x45, 0x17, 0x3D, 0x94, 0x57, 0x46,
    0x8F, 0x22, 0x29, 0xA4, 0x49, 0x2C, 0x26, 0x1D, 0xF2, 0xF3, 0xC6, 0x53, 0x82, 0xFC, 0xCB, 0x21,
    0x8C, 0x54, 0x4D, 0x65, 0x89, 0x09, 0x08, 0x8F, 0xA3, 0x99, 0x8E, 0x7C, 0x8D, 0xA0, 0x7F, 0x44,
    0x00, 0x7F, 0xF4, 0x97, 0xA9, 0xB1, 0x65, 0xB6, 0x7C, 0x75, 0x76, 0xFB, 0x0C, 0xDF, 0x0D, 0xDA,
    0x28, 0x6B, 0x75, 0x01, 0xF7, 0xC4, 0xAD, 0xB4, 0x19, 0x50, 0x83, 0x85, 0xED, 0x74, 0x18, 0xFD,
    0x34, 0x7A, 0x92, 0xBB, 0x88, 0xA6, 0x7F, 0x91, 0x29, 0x68, 0x77, 0x25, 0xA2, 0x81, 0xF0, 0x4D,
    0x2A, 0x91, 0x87, 0xE3, 0x53, 0x37, 0x8C, 0x0A, 0xF8, 0x5B, 0x6E, 0xD2, 0xBF, 0x9B, 0x44, 0x3F,
    0x68, 0xF7, 0xC0, 0x01, 0x1E, 0x08, 0xBB, 0x31, 0x64, 0x6A, 0x7B, 0x9C, 0xBE, 0x0C, 0xE9, 0x6A,
    0x86, 0x16, 0xF2, 0x13, 0xFA, 0xD2, 0x1C, 0x25, 0x76, 0xC6, 0x5D, 0x8C, 0xEE, 0x43, 0xA5, 0x68,
    0x41, 0x03, 0xF9, 0x1D, 0x43, 0x22, 0x6C, 0x73, 0x22, 0x06, 0xC2, 0x6A, 0xF8, 0x19, 0x42, 0xC0,
    0x8C, 0x48, 0x13, 0xCD, 0x7C, 0x3E, 0xB2, 0x54, 0xBE, 0x41, 0xC9, 0x7C, 0x97, 0x1A, 0x18, 0x83,
    0xBF, 0x03, 0x96, 0xC0, 0x0A, 0xC9, 0x5B, 0xC8, 0xB1, 0xA2, 0xE0, 0xE6, 0xD6, 0x4E, 0x57, 0x78,
    0x90, 0x29, 0x24, 0x8D, 0x04, 0xD5, 0x61, 0xF3, 0xAD, 0xC0, 0xED, 0x2C, 0xB1, 0xFD, 0x0C, 0xE9,
    0x0A, 0x84, 0x0E, 0xA0, 0xAF, 0xF0, 0x09, 0x3D, 0x83, 0xBB, 0x3F, 0x7D, 0x06, 0xDF, 0x24, 0x6B,
    0x61, 0x74, 0x17, 0x5A, 0xE3, 0x91, 0xC7, 0x53, 0x8B, 0xE3, 0x00, 0x5D, 0x43, 0xE7, 0xD0, 0x52,
    0xE9, 0xC4, 0x75, 0xF4, 0x57, 0xC0, 0xE6, 0x95, 0x8D, 0xD7, 0x38, 0x1E, 0x7D, 0xCC, 0x50, 0xF3,
    0x40, 0x59, 0xCC, 0x89, 0xDF, 0x98, 0xA6, 0xE8, 0x97, 0x3D, 0xB5, 0x09, 0x6A, 0x3A, 0x72, 0x6D,
    0xC2, 0x4B, 0x8D, 0xA3, 0xD6, 0xCE, 0xC8, 0xA5, 0x20, 0x2D, 0x5D, 0xED, 0x78, 0x1F, 0x84, 0x62,
    0xBD, 0xB8, 0x1E, 0x70, 0x86, 0xC2, 0xB1, 0x15, 0xBA, 0x48, 0x9F, 0xF5, 0xE6, 0x0B, 0x10, 0xFE,
    0xC3, 0xFF, 0xA4, 0x57, 0x97, 0xEC, 0xE5, 0x48, 0x95, 0x58, 0x01, 0x9F, 0x01, 0xAD, 0xD6, 0x01,
    0x84, 0x26, 0xE7, 0x19, 0xC0, 0xF1, 0xFF, 0xCC, 0xB8, 0x9D, 0xEA, 0x90, 0xB7, 0xC8, 0xF5, 0xA2,
    0x21, 0x53, 0x40, 0xB4, 0x72, 0x03, 0x68, 0x70, 0xF7, 0xCD, 0x5C, 0x82, 0x00, 0xBA, 0xB8, 0x2F,
    0x29, 0xC1, 0x41, 0x41, 0x4E, 0x6D, 0x15, 0xA4, 0xEC, 0xB7, 0xDF, 0x44, 0x54, 0x01, 0x5D, 0x34,
    0x5A, 0x8A, 0xA4, 0xA4, 0xB8, 0x0D, 0x52, 0x1C, 0x4A, 0x77, 0xF7, 0x7B, 0x73, 0x41, 0x01, 0x99,
    0x0B, 0x1A, 0x04, 0x9D, 0xB6, 0x97, 0xD0, 0x0B, 0x6E, 0x72, 0x99, 0x6D, 0x66, 0x37, 0xF3, 0x7D,
    0x4F, 0x9F, 0x67, 0xBE, 0xC9, 0xE6, 0x7A, 0xA7, 0x89, 0x6A, 0x67, 0x3D, 0xBF, 0xE7, 0x9B, 0xE7,
    0x7D, 0x3C, 0x3B, 0x3B, 0xEF, 0x98, 0x6F, 0x79, 0x61, 0x93, 0x48, 0x7A, 0xDC, 0x87, 0xD7, 0xC9,
    0x0B, 0x98, 0x00, 0xFB, 0x63, 0xF4, 0xC1, 0xDE, 0xB5, 0x3E, 0x94, 0x55, 0x1F, 0x9E, 0x5C, 0xDB,
    0x0F, 0x1B, 0x66, 0x1A, 0xB9, 0x46, 0xF6, 0x6E, 0x43, 0x22, 0xB2, 0x64, 0xA1, 0xA1, 0xE7, 0x0F,
    0x86, 0xAC, 0x86, 0xE0, 0xB5, 0xC7, 0x81, 0xE6, 0x45, 0xE3, 0x3A, 0x24, 0xD2, 0xC1, 0x5C, 0x44,
    0xD7, 0x6E, 0xAE, 0x48, 0x3E, 0x7D, 0xAB, 0xC6, 0xBD, 0x7D, 0xA3, 0x22, 0x7B, 0xE6, 0x65, 0x4F,
    0x9E, 0x3C, 0xED, 0x99, 0x24, 0x91, 0x67, 0xE6, 0xE2, 0x52, 0x49, 0x0A, 0x66, 0x8F, 0x39, 0x98,
    0x3D, 0xA1, 0x4C, 0x2E, 0x3C, 0x04, 0xF9, 0x85, 0xC7, 0x20, 0xDB, 0x7F, 0x02, 0x5C, 0x77, 0x01,
    0x12, 0x23, 0x92, 0x83, 0x1F, 0x81, 0x5D, 0x0C, 0x9F, 0xC9, 0x2D, 0x82, 0xDA, 0x7E, 0x7D, 0x65,
    0xF8, 0x1A, 0x08, 0xF6, 0x0A, 0x32, 0x5D, 0x94, 0x8F, 0x96, 0xD1, 0x92, 0x47, 0x92, 0x06, 0x9C,
    0x87, 0xB4, 0x84, 0x0C, 0xC8, 0x81, 0x49, 0xF0, 0xDB, 0x83, 0x49, 0xF0, 0xE9, 0x72, 0x12, 0xC8,
    0xAF, 0x27, 0x41, 0xAF, 0xE7, 0x9D, 0x46, 0x43, 0xAE, 0x91, 0x69, 0xA4, 0x2F, 0x35, 0xB8, 0xB7,
    0x1A, 0x92, 0x8F, 0x1B, 0xA2, 0x55, 0xF3, 0x03, 0x44, 0x7A, 0x52, 0xE9, 0xE0, 0x61, 0x82, 0xE9,
    0xF4, 0x72, 0xA4, 0xE7, 0x43, 0x34, 0xF0, 0xA5, 0x21, 0xD2, 0x0D, 0x71, 0x34, 0xBD, 0x7C, 0x6F,
    0x7D, 0x21, 0x9D, 0x46, 0xFB, 0x40, 0x3F, 0xC1, 0xB5, 0x82, 0xCC, 0x16, 0xEF, 0x74, 0xF4, 0x7C,
    0x3B, 0x68, 0x21, 0xBC, 0xAF, 0xE7, 0x8D, 0x93, 0x3D, 0x44, 0x84, 0xE7, 0x8E, 0xA6, 0xA7, 0x35,
    0x3B, 0xB7, 0x18, 0xCE, 0x6B, 0x88, 0x2B, 0x70, 0x1E, 0xE6, 0x7B, 0x7B, 0xD7, 0x64, 0x3C, 0x00,
    0x1A, 0x83, 0xA0, 0x36, 0x89, 0x2A, 0x93, 0xD8, 0xC3, 0x8B, 0xE9, 0xD2, 0x49, 0xCD, 0xF6, 0x42,
    0x5E, 0x95, 0x25, 0xF3, 0xA3, 0x2D, 0x79, 0x65, 0xC1, 0xBC, 0x8C, 0x97, 0x64, 0xC5, 0x9C, 0xA8,
    0x23, 0x2D, 0x77, 0x08, 0x5B, 0x9C, 0xA6, 0xA8, 0xD1, 0x34, 0x63, 0x4C, 0xC9, 0x3A, 0xB9, 0x75,
    0xCA, 0xD6, 0x29, 0x5F, 0xA7, 0x9D, 0x75, 0xFA, 0xE7, 0x90, 0x82, 0xBB, 0x43, 0x8A, 0xDE, 0x1D,
    0x52, 0x7C, 0xC3, 0x12, 0xAE, 0x00, 0xC0, 0x0D, 0x72, 0x7E, 0x90, 0x87, 0x07, 0x83, 0x4D, 0xFD,
    0x10, 0xB7, 0x6C, 0x13, 0x77, 0x46, 0x6F, 0x2C, 0x8D, 0x3B, 0xC6, 0x5F, 0x8C, 0x77, 0xCA, 0x6D,
    0xAE, 0xDE, 0xB9, 0x7D, 0xB8, 0xBB, 0x10, 0x91, 0xFA, 0xF9, 0xF7, 0x8E, 0x0E, 0x8A, 0xF8, 0xAD,
    0x46, 0x17, 0x7C, 0xBB, 0xCD, 0x50, 0x1B, 0x88, 0xFD, 0xC4, 0x6A, 0x99, 0xE1, 0xF6, 0x8D, 0x5E,
    0x89, 0x8D, 0xC8, 0x08, 0x8D, 0xA0, 0xE7, 0xEC, 0x26, 0xC0, 0x42, 0xAA, 0xC1, 0x4E, 0xDD, 0xDF,
    0x58, 0x9A, 0xCC, 0x07, 0xB3, 0xC1, 0xB4, 0x18, 0xBC, 0x54, 0x99, 0x4F, 0x9B, 0x79, 0x64, 0xCE,
    0x33, 0x29, 0xF7, 0x37, 0xFA, 0x85, 0x78, 0xDD, 0xD9, 0xB8, 0x62, 0x21, 0xA5, 0x7A, 0xB0, 0x89,
    0xBA, 0xCF, 0x57, 0x18, 0x35, 0x83, 0xE2, 0x55, 0xC4, 0x2B, 0x9C, 0x19, 0xAF, 0x67, 0x2E, 0xD5,
    0x60, 0xAB, 0xCE, 0xC2, 0xDE, 0x64, 0x67, 0x30, 0x5F, 0x1B, 0x2C, 0x2A, 0x35, 0x96, 0x4E, 0x75,
    0x37, 0x7F, 0xAF, 0xAB, 0x69, 0xC1, 0x8C, 0x3E, 0x85, 0x9D, 0x37, 0xDA, 0xB4, 0xB4, 0x09, 0xAE,
    0x56, 0x7D, 0xBC, 0x64, 0x96, 0xF8, 0x40, 0x74, 0x1B, 0x6A, 0xB2, 0x66, 0x16, 0x35, 0x44, 0xED,
    0x2C, 0xE8, 0xA0, 0xD3, 0x7E, 0xE8, 0x67, 0xCC, 0xC0, 0xE6, 0x3C, 0x1E, 0xB6, 0x33, 0xB2, 0x2D,
    0x69, 0x66, 0xB8, 0x57, 0xA5, 0x04, 0xB0, 0xFD, 0x38, 0xCB, 0x19, 0xB6, 0xC9, 0x71, 0x5C, 0x64,
    0x5E, 0xA4, 0x4C, 0xD4, 0x4C, 0xFD, 0x63, 0x79, 0x9E, 0x8C, 0x4F, 0xFD, 0x84, 0x94, 0x4F, 0xFC,
    0xC5, 0xC1, 0x0B, 0xB8, 0x4B, 0x77, 0xAB, 0x6D, 0xDC, 0x53, 0x7F, 0xAB, 0xB7, 0x49, 0x7F, 0xF5,
    0xE1, 0xD1, 0xC1, 0xB0, 0x27, 0x52, 0x6E, 0x7D, 0x74, 0xFB, 0x64, 0x55, 0x44, 0x6F, 0xFB, 0xB6,
    0x21, 0xFA, 0x93, 0xBF, 0xAE, 0xBE, 0x5F, 0xFE, 0xB4, 0x21, 0x7C, 0xBF, 0x30, 0xEF, 0x30, 0xA9,
    0x09, 0xD4, 0x0A, 0x84, 0x5C, 0x5D, 0x91, 0x79, 0x33, 0x55, 0x0F, 0x70, 0x9E, 0xB3, 0xD3, 0x82,
    0x33, 0xCC, 0x65, 0x89, 0x2B, 0xE6, 0x3A, 0xD1, 0x15, 0xDB, 0xB8, 0xDA, 0x8C, 0x1A, 0x33, 0x68,
    0xD5, 0x8D, 0xD2, 0x4C, 0x7C, 0xF7, 0x3F, 0xB8, 0x99, 0x9A, 0x64, 0x98, 0x3B, 0xE6, 0x46, 0xAF,
    0x8A, 0xB4, 0x83, 0x05, 0xC0, 0x45, 0x63, 0x32, 0xE2, 0x44, 0x9A, 0x35, 0xB0, 0x33, 0xD6, 0xB6,
    0x6E, 0x4D, 0x08, 0x45, 0x26, 0x24, 0xC7, 0x57, 0xEC, 0x8F, 0x08, 0x57, 0x64, 0x05, 0x2B, 0x72,
    0x38, 0x34, 0x76, 0xAC, 0x69, 0xA2, 0x69, 0x64, 0x38, 0x1D, 0x16, 0xD6, 0x2D, 0xA9, 0x67, 0x85,
    0x6B, 0xE2, 0x15, 0x91, 0x4D, 0x61, 0xD1, 0x29, 0x41, 0xC1, 0x3D, 0x47, 0x6C, 0xF7, 0xD5, 0x28,
    0xE0, 0x5B, 0xBF, 0x84, 0x40, 0x4F, 0x71, 0x22, 0x9E, 0xAC, 0xDA, 0x28, 0x99, 0x03, 0xF4, 0x40,
    0xD0, 0x29, 0x61, 0xAB, 0x44, 0xC6, 0x5C, 0xA4, 0x26, 0x17, 0xA9, 0x88, 0x6A, 0x58, 0xF3, 0xDD,
    0x93, 0xBD, 0xC2, 0x16, 0x4A, 0xCE, 0x1D, 0x4D, 0x21, 0xB0, 0x3E, 0x3A, 0x63, 0x69, 0xCC, 0x0B,
    0x25, 0xBB, 0xA5, 0x43, 0x13, 0x1B, 0xCF, 0x42, 0x8A, 0xE1, 0x62, 0x82, 0x4D, 0x35, 0x6A, 0x70,
    0x5E, 0xC9, 0x51, 0x96, 0x4A, 0xD8, 0x2A, 0x71, 0xAD, 0x38, 0xAF, 0xE4, 0x28, 0xFB, 0xCA, 0xDD,
    0x16, 0xAE, 0x7E, 0x76, 0xB2, 0x37, 0x3C, 0x11, 0x5C, 0x95, 0xD5, 0x1E, 0x51, 0xD7, 0xC3, 0xD8,
    0x92, 0x96, 0x4A, 0x52, 0x29, 0x51, 0xA3, 0x04, 0x9D, 0xC2, 0x81, 0x91, 0x1B, 0xA9, 0x57, 0x92,
    0xFA, 0xEC, 0x74, 0x3A, 0xB5, 0xED, 0x97, 0x6A, 0x60, 0xFD, 0x77, 0x05, 0xF7, 0xF0, 0xA4, 0x72,
    0xD4, 0x2B, 0x52, 0x1B, 0x40, 0xDC, 0x29, 0x59, 0xFB, 0x0D, 0x82, 0x55, 0xBB, 0x4F, 0xF4, 0xD7,
    0xCF, 0x5A, 0x82, 0x4B, 0xE2, 0x21, 0x5C, 0x02, 0x6E, 0xB8, 0x27, 0x4A, 0x74, 0xAC, 0x84, 0x37,
    0xEF, 0x9F, 0xA7, 0xF1, 0xC2, 0x2E, 0x00, 0xD9, 0xB8, 0xF7, 0xF9, 0x7A, 0xA7, 0x79, 0x84, 0xB8,
    0x67, 0x7D, 0x2C, 0x06, 0x73, 0xB2, 0xA1, 0x61, 0x82, 0xF3, 0x00, 0x33, 0x92, 0x21, 0x6F, 0x13,
    0x57, 0x00, 0xFB, 0x63, 0xEE, 0xC7, 0xDC, 0xAD, 0x73, 0xD0, 0x92, 0x54, 0xC1, 0x26, 0xA1, 0xDD,
    0xC8, 0x6C, 0x45, 0x64, 0x59, 0xA4, 0x88, 0x6A, 0xB2, 0xA7, 0x5A, 0xE7, 0x35, 0xE7, 0x51, 0x9D,
    0x78, 0x6D, 0x5E, 0xC6, 0x3E, 0xD1, 0x9F, 0xA8, 0x37, 0x9D, 0x4F, 0x1B, 0xE7, 0x5D, 0xE9, 0xFE,
    0x2C, 0xA5, 0xAB, 0xE6, 0x85, 0x93, 0x25, 0xE9, 0x10, 0xBB, 0x64, 0x8B, 0x16, 0x80, 0xFC, 0x8C,
    0x09, 0x13, 0xFE, 0x3D, 0xCF, 0xC6, 0xBC, 0x3F, 0xE6, 0x7E, 0xCC, 0xDD, 0x98, 0x5F, 0x1B, 0xDC,
    0xD8, 0x55, 0xF2, 0x5E, 0x59, 0x1D, 0x2A, 0x6D, 0x0E, 0x41, 0x93, 0x19, 0xE9, 0xE9, 0xA7, 0xF3,
    0xB6, 0x70, 0x51, 0xE9, 0x2E, 0x28, 0xFB, 0xFB, 0xCA, 0xAC, 0x55, 0xF2, 0x46, 0xC9, 0x2A, 0xC5,
    0x79, 0xD8, 0x4D, 0x95, 0x26, 0xB7, 0xFD, 0x5A, 0x34, 0x44, 0xFD, 0xC7, 0x2D, 0xC9, 0xA2, 0xEE,
    0x48, 0x53, 0xBF, 0xCF, 0x24, 0x29, 0x67, 0x6C, 0x47, 0x4C, 0x00, 0xB2, 0x53, 0xD2, 0xD3, 0x4F,
    0x39, 0x30, 0x59, 0x2A, 0x79, 0xA7, 0x9C, 0x2D, 0x08, 0xA6, 0x05, 0x44, 0x22, 0x85, 0x51, 0xA3,
    0x77, 0xA7, 0x55, 0x82, 0x7E, 0x78, 0xB4, 0xAA, 0x81, 0xA8, 0x66, 0x82, 0x61, 0x5F, 0x9A, 0x87,
    0x85, 0xD5, 0xEA, 0x73, 0x1F, 0x4C, 0x97, 0x7A, 0x5B, 0x23, 0x6D, 0x3E, 0x59, 0xD4, 0xE3, 0x80,
    0x93, 0xD7, 0xB1, 0xBE, 0xAF, 0x02, 0xC2, 0x42, 0x79, 0xF4, 0x1F, 0x10, 0x8B, 0x74, 0x64, 0x22,
    0x3D, 0xF2, 0xF3, 0x97, 0xAE, 0x47, 0x7D, 0x5C, 0x92, 0x34, 0x8A, 0xF3, 0x4A, 0x5A, 0x2A, 0x59,
    0xA1, 0xE4, 0xDC, 0x83, 0x2C, 0x3F, 0xE7, 0xB6, 0x51, 0xCE, 0xB2, 0x42, 0x49, 0x4B, 0xC5, 0x79,
    0x25, 0x69, 0x94, 0xA8, 0x57, 0x90, 0xDF, 0xFC, 0xEC, 0x80, 0x5C, 0x64, 0xC9, 0x86, 0xC8, 0x2D,
    0x48, 0x2A, 0xB0, 0x29, 0xE3, 0x15, 0x5C, 0x06, 0x82, 0xDE, 0xCE, 0x56, 0x4A, 0x24, 0x4A, 0x7C,
    0xA7, 0x80, 0xE4, 0x9D, 0x12, 0xDC, 0x2F, 0x3C, 0xA4, 0xCF, 0x54, 0xD8, 0x23, 0x33, 0xDC, 0x8D,
    0x6E, 0x80, 0x9E, 0x1E, 0x3A, 0xF6, 0x79, 0xF6, 0x78, 0x7A, 0x78, 0x79, 0xA8, 0x6D, 0x9D, 0xEC,
    0x2D, 0x6E, 0x25, 0x9E, 0xB4, 0x74, 0x1E, 0xE7, 0xD3, 0x92, 0xA4, 0xCA, 0x20, 0xAA, 0x73, 0xA5,
    0x99, 0x41, 0xD8, 0xF6, 0x40, 0xCF, 0x37, 0xAF, 0x41, 0x38, 0xBC, 0x30, 0x6C, 0x52, 0xB4, 0x1B,
    0x5A, 0x99, 0x03, 0x63, 0xE7, 0x94, 0x19, 0x36, 0xD4, 0x0F, 0xC0, 0xBC, 0x86, 0x47, 0x57, 0x80,
    0xEC, 0xC2, 0x5C, 0x6B, 0xE5, 0xB0, 0x90, 0xBE, 0x32, 0x9D, 0x92, 0x16, 0x40, 0x66, 0xA4, 0x86,
    0xF3, 0x4A, 0x72, 0x1C, 0x1C, 0xDA, 0xF8, 0x95, 0x75, 0xDF, 0x02, 0x36, 0x01, 0xBE, 0x6E, 0x5C,
    0x79, 0x1D, 0x12, 0xFB, 0xED, 0xB9, 0x12, 0xC8, 0xF7, 0x37, 0x7C, 0xD4, 0x39, 0x48, 0x1A, 0xC5,
    0x79, 0x25, 0x2D, 0x95, 0xAC, 0x50, 0x72, 0xBE, 0x0C, 0x6D, 0x19, 0x9B, 0x9D, 0x1F, 0x07, 0x10,
    0xF5, 0x4A, 0x20, 0xAF, 0x3E, 0xEB, 0x6D, 0xBC, 0xB7, 0xAD, 0x2D, 0xC1, 0x15, 0x28, 0x00, 0x1B,
    0xC0, 0x6E, 0x50, 0x42, 0x13, 0x7A, 0x82, 0x26, 0xF2, 0x84, 0x4D, 0xEC, 0xED, 0x7A, 0xA4, 0x99,
    0x1B, 0xE7, 0x8E, 0xDE, 0xFC, 0x60, 0x33, 0x6A, 0x12, 0xCF, 0x7F, 0x49, 0x5C, 0x19, 0xAD, 0x12,
    0x49, 0x1B, 0x35, 0x2C, 0x5A, 0xE0, 0x0C, 0xC0, 0xF0, 0xBA, 0x59, 0x7F, 0xD1, 0xE4, 0xC3, 0xE5,
    0xAC, 0x88, 0xC7, 0xB7, 0x38, 0x61, 0x3B, 0xD8, 0x98, 0x41, 0x6B, 0xD2, 0x0F, 0x2E, 0x4A, 0x33,
    0xEF, 0xCC, 0x58, 0x2A, 0x95, 0x79, 0x6F, 0x86, 0x62, 0x92, 0x97, 0xA6, 0xF3, 0xF9, 0x95, 0xBB,
    0xCB, 0xC4, 0x7F, 0xAF, 0x5D, 0x5C, 0x89, 0xFD, 0x4F, 0xEA, 0x0B, 0x49, 0xE2, 0x27, 0xD5, 0x85,
    0xD8, 0x95, 0xAE, 0x7A, 0x32, 0x9E, 0x6B, 0xF3, 0xC1, 0x56, 0x4F, 0xF0, 0x91, 0x48, 0x45, 0xE0,
    0x2F, 0x3E, 0x8F, 0xFA, 0x64, 0x0C, 0x14, 0x0F, 0x07, 0x60, 0xEF, 0xDE, 0xF5, 0x66, 0x0E, 0x30,
    0x1E, 0x0F, 0x2E, 0x44, 0x0D, 0xFC, 0x7F, 0xD0, 0xC9, 0xC5, 0x42, 0xA4, 0xDA, 0x92, 0xBD, 0x5D,
    0xE6, 0x05, 0x38, 0x0F, 0x89, 0xC7, 0x6A, 0x16, 0x24, 0xD5, 0xBA, 0x96, 0x97, 0x6C, 0xAD, 0x60,
    0x71, 0x0B, 0x72, 0x20, 0x1D, 0x5B, 0xE3, 0x7A, 0x1C, 0xD6, 0x03, 0x07, 0x8C, 0x8B, 0x25, 0xB8,
    0x6A, 0x7C, 0xC6, 0xBA, 0x2F, 0x08, 0x4A, 0x65, 0xCB, 0x83, 0xAC, 0x0A, 0x42, 0xA9, 0xC6, 0x77,
    0xDF, 0x4E, 0x17, 0x7B, 0x38, 0x16, 0x45, 0x3A, 0x7B, 0xAC, 0x0B, 0x98, 0x77, 0x24, 0xFE, 0x87,
    0x1D, 0xCE, 0xF3, 0x39, 0xA5, 0x92, 0x15, 0x4A, 0x8E, 0x72, 0xA0, 0x84, 0x3D, 0x1C, 0x6F, 0x35,
    0x20, 0x52, 0x2A, 0x1D, 0xEB, 0x23, 0xD8, 0x35, 0xD3, 0xA5, 0x79, 0x71, 0xCB, 0x7C, 0xD1, 0x15,
    0xEA, 0x1F, 0x92, 0x52, 0xDD, 0x4E, 0xBC, 0x9A, 0xBF, 0x79, 0x7B, 0xEF, 0x77, 0xA4, 0xA2, 0x47,
    0x15, 0xBC, 0xA9, 0x76, 0x58, 0x7D, 0x7B, 0xF0, 0xFC, 0xE0, 0x43, 0x24, 0x37, 0x7C, 0xED, 0x88,
    0xDF, 0xF9, 0xA4, 0x7B, 0x88, 0x78, 0x25, 0x87, 0x4F, 0x10, 0xB7, 0x13, 0xD7, 0x93, 0x54, 0x5F,
    0x0B, 0x5E, 0x23, 0xAB, 0x01, 0x0E, 0x1B, 0xF3, 0xC7, 0xBD, 0xC9, 0x7C, 0xF7, 0x11, 0x35, 0x93,
    0x5E, 0x0D, 0x07, 0x39, 0x33, 0x50, 0x98, 0xCE, 0x7F, 0xA5, 0xC1, 0xD6, 0x07, 0xC3, 0x00, 0xA9,
    0x09, 0x44, 0x64, 0x49, 0xD4, 0x39, 0xBF, 0x28, 0x5C, 0xE5, 0x7C, 0xEA, 0xED, 0x3D, 0x92, 0x54,
    0x59, 0x61, 0xDF, 0x58, 0x39, 0x6A, 0x63, 0x86, 0xCD, 0x64, 0x34, 0xF1, 0x61, 0x3B, 0x01, 0xFE,
    0xB3, 0xC1, 0x74, 0x93, 0xE1, 0x8D, 0x6E, 0xF4, 0x44, 0x4D, 0x20, 0x0A, 0x79, 0xA9, 0x38, 0xFF,
    0x20, 0x69, 0xA9, 0xCC, 0x79, 0xEE, 0xF8, 0xEA, 0x92, 0x85, 0x48, 0xAB, 0xAC, 0x8A, 0x7B, 0x9E,
    0xA0, 0x73, 0x47, 0x97, 0xD1, 0x5A, 0x3F, 0xA2, 0xB5, 0x07, 0x18, 0x8F, 0xE8, 0x46, 0x75, 0x6A,
    0x22, 0x35, 0xD8, 0x28, 0x88, 0xE4, 0x86, 0x78, 0xDC, 0xDF, 0x6F, 0xBC, 0xDF, 0x90, 0xBE, 0x7C,
    0xE3, 0x66, 0x47, 0xAE, 0x3D, 0x3D, 0x3B, 0xEA, 0x0E, 0x07, 0x6A, 0x4E, 0x7F, 0x9F, 0x19, 0x3D,
    0xC0, 0xE8, 0xC1, 0xE0, 0xCE, 0x60, 0x3E, 0x98, 0x96, 0x66, 0x52, 0x99, 0x61, 0x67, 0x22, 0xAF,
    0x4C, 0x2F, 0x0F, 0x9B, 0xDD, 0x8F, 0x06, 0x97, 0x0A, 0xA2, 0xB7, 0xFD, 0x10, 0xCF, 0xBD, 0xE7,
    0x11, 0x69, 0x35, 0x56, 0xF4, 0xC1, 0xA2, 0xD4, 0x1E, 0xDF, 0xE3, 0xEE, 0x0D, 0xAD, 0xCD, 0x11,
    0xE9, 0x87, 0xBE, 0xD5, 0x9E, 0xB0, 0xEE, 0x49, 0xAA, 0x9E, 0xB8, 0xFE, 0x22, 0x92, 0xDA, 0xEA,
    0xCB, 0xA9, 0x94, 0x36, 0x4B, 0xA4, 0xB6, 0xF9, 0xA7, 0x71, 0x7A, 0x64, 0x2B, 0x42, 0x91, 0x32,
    0x39, 0x7E, 0x5E, 0xBB, 0x21, 0x67, 0x1D, 0x3B, 0xC0, 0xEC, 0xBE, 0x98, 0x8C, 0x6B, 0x59, 0x09,
    0xAE, 0xDD, 0x28, 0x86, 0x6F, 0xD4, 0x85, 0x9C, 0xFE, 0xA7, 0xFA, 0x9D, 0xBD, 0xBD, 0xE1, 0x7F,
    0x75, 0xCB, 0xFF, 0x02, 0x63, 0x00, 0x82, 0xFA, 0xFF, 0xFF, 0xFF, 0x82, 0x30, 0x88, 0x0D, 0x00,
    0xBD, 0x92, 0x01, 0x66, 0x03, 0x41, 0x14, 0x86, 0xBF, 0x4D, 0x54, 0xB0, 0xD8, 0xA2, 0x02, 0xC5,
    0x1E, 0x61, 0x2E, 0xD0, 0x66, 0xF6, 0x08, 0x29, 0x2D, 0xAA, 0x68, 0x4F, 0xD0, 0x02, 0x14, 0x36,
    0xD9, 0x23, 0xF4, 0x38, 0x01, 0xDD, 0x3D, 0x42, 0xA0, 0x05, 0x10, 0x24, 0x00, 0x04, 0x1B, 0x4D,
    0x99, 0xEC, 0xEB, 0x3C, 0xAF, 0xA1, 0x04, 0x94, 0xB4, 0x24, 0xFF, 0x67, 0xE6, 0x79, 0xFE, 0xDF,
    0xFC, 0x4B, 0xDA, 0xE1, 0x96, 0x78, 0x49, 0x64, 0x4B, 0x77, 0xDB, 0xFF, 0x7C, 0x60, 0xCB, 0x60,
    0x4E, 0xD2, 0x92, 0x36, 0xF4, 0xD6, 0x64, 0x7B, 0x4D, 0xA5, 0x7D, 0x92, 0xA6, 0x96, 0x0F, 0x91,
    0x66, 0xB8, 0xB9, 0xBA, 0x7F, 0x2B, 0xEC, 0xFE, 0xB8, 0xAA, 0x79, 0xC0, 0x4B, 0x4E, 0x4C, 0xE3,
    0x0B, 0xB6, 0x38, 0xCD, 0x72, 0xA2, 0x63, 0x4C, 0x62, 0x90, 0x9C, 0x5A, 0x5A, 0xC7, 0x70, 0x33,
    0x76, 0x7A, 0x77, 0x04, 0x89, 0xBE, 0xB9, 0xFA, 0x3A, 0xF5, 0x8D, 0x62, 0xBE, 0x36, 0x35, 0x51,
    0x5F, 0x77, 0x7C, 0x5F, 0x7B, 0x7F, 0x2B, 0x60, 0x66, 0x0D, 0x04, 0xAB, 0x20, 0x58, 0x07, 0xA7,
    0xF6, 0x30, 0x18, 0xB0, 0x1A, 0x66, 0xD6, 0x43, 0xB0, 0x22, 0x82, 0xCD, 0xFE, 0x12, 0x96, 0x73,
    0x66, 0x39, 0xC3, 0x61, 0xCE, 0x83, 0x05, 0xCB, 0x19, 0xFE, 0x3D, 0x67, 0xBD, 0x84, 0x54, 0x3A,
    0xC8, 0x57, 0x75, 0x83, 0x27, 0x9D, 0x33, 0xD2, 0x94, 0xE5, 0x0F, 0x71, 0xB2, 0x2E, 0xA9, 0x55,
    0xEE, 0x56, 0x63, 0xBB, 0xFB, 0xA5, 0x2C, 0xA2, 0xF4, 0xDB, 0x28, 0x3D, 0x69, 0x4B, 0xA8, 0x5B,
    0x20, 0xD1, 0xFF, 0x6B, 0x81, 0x7D, 0xA2, 0x0A, 0xF7, 0x1E, 0x14, 0x23, 0x26, 0x8A, 0x4B, 0x46,
    0x8A, 0x0B, 0x14, 0x76, 0x4A, 0x44, 0xE2, 0xAF, 0xC8, 0x44, 0xD2, 0x08, 0xFF, 0xF2, 0x98, 0x4C,
    0x6E, 0x28, 0xD1, 0x95, 0x3D, 0x26, 0x06, 0x3F, 0x47, 0x91, 0x75, 0xD8, 0xDE, 0x5A, 0xC1, 0xF9,
    0x0E, 0x05, 0xB5, 0x21, 0x2F, 0x14, 0x64, 0xD5, 0xF7, 0xC9, 0xC3, 0x33, 0x53, 0x7C, 0xC5, 0x54,
    0x76, 0xE4, 0x52, 0x39, 0x59, 0x30, 0x90, 0x8A, 0x6B, 0xE0, 0x8C, 0x2F, 0x2C, 0x8E, 0xB1, 0x0D,
    0xC2, 0x50, 0x0C, 0x05, 0x1F, 0x06, 0x89, 0x22, 0x05, 0xA3, 0x64, 0x04, 0xC2, 0x3A, 0x2C, 0x11,
    0x96, 0x60, 0x0A, 0x86, 0xF8, 0x1E, 0x85, 0x9E, 0xC6, 0x25, 0xC5, 0x97, 0x0E, 0xD9, 0xC6, 0xCD,
    0x15, 0x27, 0xEB, 0x9D, 0xA4, 0x93, 0xFA, 0xD6, 0x3F, 0x87, 0x17, 0x8C, 0x28, 0x2E, 0xCC, 0xD6,
    0xD0, 0xFA, 0xB9, 0x7B, 0xEA, 0xD0, 0x39, 0x52, 0x87, 0x6C, 0xA6, 0x8E, 0xBB, 0x48, 0x0D, 0x1B,
    0x2E, 0x23, 0x19, 0x5A, 0x80, 0x03, 0x33, 0xBF, 0xBF, 0x47, 0xD0, 0x0E, 0xEF, 0x0B, 0x3C, 0x56,
    0xF0, 0x2B, 0xA4, 0xDF, 0x60, 0xCA, 0xE0, 0x06, 0x91, 0xFF, 0x2F, 0xF0, 0x9A, 0x83, 0x9A, 0xFF,
    0x54, 0x80, 0xA1, 0x0E, 0x1A, 0xC2, 0x3B, 0x97, 0xEE, 0xFB, 0xED, 0xFA, 0x1F, 0x84, 0x7B, 0x11,
    0xEE, 0x47, 0xF8, 0x87, 0x03, 0x44, 0x00, 0x00,
};

static const EpdGlyph notosans_15_regularGlyphs[] = {
    { 0, 0, 0, 0, 0, 0, 0 }, // U+0000
    { 0, 0, 130, 0, 0, 0, 0 }, // U+000D
    { 0, 0, 130, 0, 0, 0, 0 }, // U+0020
    { 5, 24, 135, 2, 23, 30, 0 }, // !
    { 9, 9, 204, 2, 23, 21, 30 }, // "
    { 20, 23, 323, 0, 23, 115, 51 }, // #
    { 16, 26, 286, 1, 24, 104, 166 }, // $
    { 24, 24, 416, 1, 23, 144, 270 }, // %
    { 22, 24, 366, 1, 23, 132, 414 }, // &
    { 3, 9, 113, 2, 23, 7, 546 }, // '
    { 8, 28, 150, 1, 23, 56, 553 }, // (
    { 9, 28, 150, 0, 23, 63, 609 }, // )
    { 15, 15, 276, 1, 24, 57, 672 }, // *
    { 16, 16, 286, 1, 19, 64, 729 }, // +
    { 5, 9, 134, 1, 4, 12, 793 }, // ,
    { 8, 3, 161, 1, 10, 6, 805 }, // -
    { 5, 5, 134, 2, 4, 7, 811 }, // .
    { 12, 23, 186, 0, 23, 69, 818 }, // /
    { 16, 24, 292, 1, 23, 96, 887 }, // 0
    { 10, 23, 221, 0, 23, 58, 983 }, // 1
    { 15, 23, 278, 1, 23, 87, 1041 }, // 2
    { 16, 24, 286, 1, 23, 96, 1128 }, // 3
    { 18, 23, 286, 0, 23, 104, 1224 }, // 4
    { 16, 24, 286, 1, 23, 96, 1328 }, // 5
    { 16, 24, 286, 1, 23, 96, 1424 }, // 6
    { 16, 23, 256, 0, 23, 92, 1520 }, // 7
    { 16, 24, 295, 1, 23, 96, 1612 }, // 8
    { 16, 24, 286, 1, 23, 96, 1708 }, // 9
    { 5, 19, 134, 2, 18, 24, 1804 }, // :
    { 7, 23, 134, 0, 18, 41, 1828 }, // ;
    { 16, 16, 286, 1, 19, 64, 1869 }, // <
    { 16, 10, 286, 1, 16, 40, 1933 }, // =
    { 16, 16, 286, 1, 19, 64, 1973 }, // >
    { 13, 24, 217, 0, 23, 78, 2037 }, // ?
    { 26, 26, 450, 1, 23, 169, 2115 }, // @
    { 20, 23, 320, 0, 23, 115, 2284 }, // A
    { 16, 23, 325, 3, 23, 92, 2399 }, // B
    { 18, 24, 316, 1, 23, 108, 2491 }, // C
    { 18, 23, 365, 3, 23, 104, 2599 }, // D
    { 13, 23, 278, 3, 23, 75, 2703 }, // E
    { 13, 23, 260, 3, 23, 75, 2778 }, // F
    { 20, 24, 364, 1, 23, 120, 2853 }, // G
    { 18, 23, 371, 3, 23, 104, 2973 }, // H
    { 9, 23, 170, 1, 23, 52, 3077 }, // I
    { 9, 29, 137, -3, 23, 66, 3129 }, // J
    { 17, 23, 310, 3, 23, 98, 3195 }, // K
    { 13, 23, 262, 3, 23, 75, 3293 }, // L
    { 23, 23, 454, 3, 23, 133, 3368 }, // M
    { 18, 23, 380, 3, 23, 104, 3501 }, // N
    { 22, 24, 391, 1, 23, 132, 3605 }, // O
    { 15, 23, 303, 3, 23, 87, 3737 }, // P
    { 22, 29, 391, 1, 23, 160, 3824 }, // Q
    { 16, 23, 311, 3, 23, 92, 3984 }, // R
    { 15, 24, 275, 1, 23, 90, 4076 }, // S
    { 18, 23, 278, 0, 23, 104, 4166 }, // T
    { 18, 24, 366, 2, 23, 108, 4270 }, // U
    { 19, 23, 300, 0, 23, 110, 4378 }, // V
    { 29, 23, 465, 0, 23, 167, 4488 }, // W
    { 19, 23, 293, 0, 23, 110, 4655 }, // X
    { 18, 23, 283, 0, 23, 104, 4765 }, // Y
    { 16, 23, 286, 1, 23, 92, 4869 }, // Z
    { 8, 28, 165, 2, 23, 56, 4961 }, // [
    { 12, 23, 186, 0, 23, 69, 5017 }, // <backslash>
    { 8, 28, 165, 0, 23, 56, 5086 }, // ]
    { 16, 15, 286, 1, 23, 60, 5142 }, // ^
    { 15, 3, 222, -1, -2, 12, 5202 }, // _
    { 7, 6, 141, 1, 24, 11, 5214 }, // `
    { 14, 19, 281, 1, 18, 67, 5225 }, // a
    { 16, 25, 308, 2, 24, 100, 5292 }, // b
    { 13, 19, 240, 1, 18, 62, 5392 }, // c
    { 16, 25, 308, 1, 24, 100, 5454 }, // d
    { 16, 19, 282, 1, 18, 76, 5554 }, // e
    { 13, 24, 172, 0, 24, 78, 5630 }, // f
    { 16, 26, 308, 1, 18, 104, 5708 }, // g
    { 15, 24, 309, 2, 24, 90, 5812 }, // h
    { 4, 24, 129, 2, 24, 24, 5902 }, // i
    { 8, 32, 129, -2, 24, 64, 5926 }, // j
    { 15, 24, 267, 2, 24, 90, 5990 }, // k
    { 4, 24, 129, 2, 24, 24, 6080 }, // l
    { 25, 18, 468, 2, 18, 113, 6104 }, // m
    { 15, 18, 309, 2, 18, 68, 6217 }, // n
    { 17, 19, 303, 1, 18, 81, 6285 }, // o
    { 16, 26, 308, 2, 18, 104, 6366 }, // p
    { 16, 26, 308, 1, 18, 104, 6470 }, // q
    { 11, 18, 207, 2, 18, 50, 6574 }, // r
    { 13, 19, 240, 1, 18, 62, 6624 }, // s
    { 11, 22, 181, 0, 21, 61, 6686 }, // t
    { 15, 18, 309, 2, 17, 68, 6747 }, // u
    { 16, 17, 254, 0, 17, 68, 6815 }, // v
    { 25, 17, 393, 0, 17, 107, 6883 }, // w
    { 16, 17, 265, 0, 17, 68, 6990 }, // x
    { 16, 25, 255, 0, 17, 100, 7058 }, // y
    { 13, 17, 235, 1, 17, 56, 7158 }, // z
    { 11, 28, 190, 0, 23, 77, 7214 }, // {
    { 3, 32, 276, 7, 24, 24, 7291 }, // |
    { 10, 28, 190, 1, 23, 70, 7315 }, // }
    { 16, 6, 286, 1, 14, 24, 7385 }, // ~
    { 0, 0, 130, 0, 0, 0, 0 }, // U+00A0
    { 5, 24, 135, 2, 18, 30, 0 }, // U+00A1
    { 14, 24, 286, 2, 23, 84, 30 }, // U+00A2
    { 16, 23, 286, 1, 23, 92, 114 }, // U+00A3
    { 15, 15, 286, 1, 19, 57, 206 }, // U+00A4
    { 18, 23, 286, 0, 23, 104, 263 }, // U+00A5
    { 3, 32, 276, 7, 24, 24, 367 }, // U+00A6
    { 13, 25, 257, 1, 24, 82, 391 }, // U+00A7
    { 10, 4, 290, 4, 23, 10, 473 }, // U+00A8
    { 24, 24, 416, 1, 23, 144, 483 }, // U+00A9
    { 9, 12, 179, 1, 23, 27, 627 }, // U+00AA
    { 14, 14, 255, 1, 15, 49, 654 }, // U+00AB
    { 16, 9, 286, 1, 13, 36, 703 }, // U+00AC
    { 8, 3, 161, 1, 10, 6, 739 }, // U+00AD
    { 24, 24, 416, 1, 23, 144, 745 }, // U+00AE
    { 17, 3, 250, -1, 26, 13, 889 }, // U+00AF
    { 11, 10, 214, 1, 23, 28, 902 }, // U+00B0
    { 16, 19, 286, 1, 19, 76, 930 }, // U+00B1
    { 10, 14, 175, 0, 27, 35, 1006 }, // U+00B2
    { 11, 15, 175, 0, 27, 42, 1041 }, // U+00B3
    { 7, 6, 141, 1, 24, 11, 1083 }, // U+00B4
    { 15, 25, 312, 2, 17, 94, 1094 }, // U+00B5
    { 17, 28, 328, 1, 24, 119, 1188 }, // U+00B6
    { 5, 5, 134, 2, 13, 7, 1307 }, // U+00B7
    { 7, 8, 113, 0, 0, 14, 1314 }, // U+00B8
    { 7, 14, 175, 1, 27, 25, 1328 }, // U+00B9
    { 10, 12, 188, 1, 23, 30, 1353 }, // U+00BA
    { 14, 14, 255, 1, 15, 49, 1383 }, // U+00BB
    { 22, 23, 373, 1, 23, 127, 1432 }, // U+00BC
    { 23, 23, 386, 0, 23, 133, 1559 }, // U+00BD
    { 25, 23, 391, 0, 23, 144, 1692 }, // U+00BE
    { 14, 24, 217, 0, 18, 84, 1836 }, // U+00BF
    { 20, 30, 320, 0, 30, 150, 1920 }, // U+00C0
    { 20, 30, 320, 0, 30, 150, 2070 }, // U+00C1
    { 20, 30, 320, 0, 30, 150, 2220 }, // U+00C2
    { 20, 29, 320, 0, 29, 145, 2370 }, // U+00C3
    { 20, 29, 320, 0, 29, 145, 2515 }, // U+00C4
    { 20, 28, 320, 0, 28, 140, 2660 }, // U+00C5
    { 27, 23, 441, -1, 23, 156, 2800 }, // U+00C6
    { 18, 31, 316, 1, 23, 140, 2956 }, // U+00C7
    { 13, 30, 278, 3, 30, 98, 3096 }, // U+00C8
    { 13, 30, 278, 3, 30, 98, 3194 }, // U+00C9
    { 13, 30, 278, 3, 30, 98, 3292 }, // U+00CA
    { 13, 29, 278, 3, 29, 95, 3390 }, // U+00CB
    { 9, 30, 170, 1, 30, 68, 3485 }, // U+00CC
    { 9, 30, 170, 1, 30, 68, 3553 }, // U+00CD
    { 11, 30, 170, 0, 30, 83, 3621 }, // U+00CE
    { 10, 29, 170, 0, 29, 73, 3704 }, // U+00CF
    { 21, 23, 365, 0, 23, 121, 3777 }, // U+00D0
    { 18, 29, 380, 3, 29, 131, 3898 }, // U+00D1
    { 22, 31, 391, 1, 30, 171, 4029 }, // U+00D2
    { 22, 31, 391, 1, 30, 171, 4200 }, // U+00D3
    { 22, 31, 391, 1, 30, 171, 4371 }, // U+00D4
    { 22, 30, 391, 1, 29, 165, 4542 }, // U+00D5
    { 22, 30, 391, 1, 29, 165, 4707 }, // U+00D6
    { 14, 14, 286, 2, 18, 49, 4872 }, // U+00D7
    { 22, 25, 391, 1, 24, 138, 4921 }, // U+00D8
    { 18, 31, 366, 2, 30, 140, 5059 }, // U+00D9
    { 18, 31, 366, 2, 30, 140, 5199 }, // U+00DA
    { 18, 31, 366, 2, 30, 140, 5339 }, // U+00DB
    { 18, 30, 366, 2, 29, 135, 5479 }, // U+00DC
    { 18, 30, 283, 0, 30, 135, 5614 }, // U+00DD
    { 15, 23, 303, 3, 23, 87, 5749 }, // U+00DE
    { 17, 25, 316, 2, 24, 107, 5836 }, // U+00DF
    { 14, 25, 281, 1, 24, 88, 5943 }, // U+00E0
    { 14, 25, 281, 1, 24, 88, 6031 }, // U+00E1
    { 14, 25, 281, 1, 24, 88, 6119 }, // U+00E2
    { 14, 24, 281, 1, 23, 84, 6207 }, // U+00E3
    { 14, 24, 281, 1, 23, 84, 6291 }, // U+00E4
    { 14, 27, 281, 1, 26, 95, 6375 }, // U+00E5
    { 25, 19, 432, 1, 18, 119, 6470 }, // U+00E6
    { 13, 26, 240, 1, 18, 85, 6589 }, // U+00E7
    { 16, 25, 282, 1, 24, 100, 6674 }, // U+00E8
    { 16, 25, 282, 1, 24, 100, 6774 }, // U+00E9
    { 16, 25, 282, 1, 24, 100, 6874 }, // U+00EA
    { 16, 24, 282, 1, 23, 96, 6974 }, // U+00EB
    { 8, 24, 129, -1, 24, 48, 7070 }, // U+00EC
    { 7, 24, 129, 2, 24, 42, 7118 }, // U+00ED
    { 12, 24, 129, -2, 24, 72, 7160 }, // U+00EE
    { 10, 23, 129, -1, 23, 58, 7232 }, // U+00EF
    { 17, 25, 303, 1, 24, 107, 7290 }, // U+00F0
    { 15, 23, 309, 2, 23, 87, 7397 }, // U+00F1
    { 17, 25, 303, 1, 24, 107, 7484 }, // U+00F2
    { 17, 25, 303, 1, 24, 107, 7591 }, // U+00F3
    { 17, 25, 303, 1, 24, 107, 7698 }, // U+00F4
    { 17, 24, 303, 1, 23, 102, 7805 }, // U+00F5
    { 17, 24, 303, 1, 23, 102, 7907 }, // U+00F6
    { 16, 16, 286, 1, 19, 64, 8009 }, // U+00F7
    { 17, 20, 303, 1, 18, 85, 8073 }, // U+00F8
    { 15, 25, 309, 2, 24, 94, 8158 }, // U+00F9
    { 15, 25, 309, 2, 24, 94, 8252 }, // U+00FA
    { 15, 25, 309, 2, 24, 94, 8346 }, // U+00FB
    { 15, 24, 309, 2, 23, 90, 8440 }, // U+00FC
    { 16, 32, 255, 0, 24, 128, 8530 }, // U+00FD
    { 16, 32, 308, 2, 24, 128, 8658 }, // U+00FE
    { 16, 31, 255, 0, 23, 124, 8786 }, // U+00FF
    { 20, 28, 320, 0, 28, 140, 0 }, // U+0100
    { 14, 23, 281, 1, 22, 81, 140 }, // U+0101
    { 20, 30, 320, 0, 30, 150, 221 }, // U+0102
    { 14, 25, 281, 1, 24, 88, 371 }, // U+0103
    { 20, 30, 320, 0, 23, 150, 459 }, // U+0104
    { 15, 25, 281, 1, 18, 94, 609 }, // U+0105
    { 18, 31, 316, 1, 30, 140, 703 }, // U+0106
    { 13, 25, 240, 1, 24, 82, 843 }, // U+0107
    { 18, 31, 316, 1, 30, 140, 925 }, // U+0108
    { 14, 25, 240, 1, 24, 88, 1065 }, // U+0109
    { 18, 31, 316, 1, 30, 140, 1153 }, // U+010A
    { 13, 25, 240, 1, 24, 82, 1293 }, // U+010B
    { 18, 31, 316, 1, 30, 140, 1375 }, // U+010C
    { 14, 25, 240, 1, 24, 88, 1515 }, // U+010D
    { 18, 30, 365, 3, 30, 135, 1603 }, // U+010E
    { 21, 25, 308, 1, 24, 132, 1738 }, // U+010F
    { 21, 23, 365, 0, 23, 121, 1870 }, // U+0110
    { 18, 25, 309, 1, 24, 113, 1991 }, // U+0111
    { 13, 28, 278, 3, 28, 91, 2104 }, // U+0112
    { 16, 23, 282, 1, 22, 92, 2195 }, // U+0113
    { 13, 30, 278, 3, 30, 98, 2287 }, // U+0114
    { 16, 25, 282, 1, 24, 100, 2385 }, // U+0115
    { 13, 30, 278, 3, 30, 98, 2485 }, // U+0116
    { 16, 25, 282, 1, 24, 100, 2583 }, // U+0117
    { 13, 30, 278, 3, 23, 98, 2683 }, // U+0118
    { 16, 25, 282, 1, 18, 100, 2781 }, // U+0119
    { 13, 30, 278, 3, 30, 98, 2881 }, // U+011A
    { 16, 25, 282, 1, 24, 100, 2979 }, // U+011B
    { 20, 31, 364, 1, 30, 155, 3079 }, // U+011C
    { 16, 32, 308, 1, 24, 128, 3234 }, // U+011D
    { 20, 31, 364, 1, 30, 155, 3362 }, // U+011E
    { 16, 32, 308, 1, 24, 128, 3517 }, // U+011F
    { 20, 31, 364, 1, 30, 155, 3645 }, // U+0120
    { 16, 32, 308, 1, 24, 128, 3800 }, // U+0121
    { 20, 30, 364, 1, 23, 150, 3928 }, // U+0122
    { 16, 32, 308, 1, 24, 128, 4078 }, // U+0123
    { 18, 30, 371, 3, 30, 135, 4206 }, // U+0124
    { 19, 31, 309, -2, 31, 148, 4341 }, // U+0125
    { 24, 23, 371, 0, 23, 138, 4489 }, // U+0126
    { 17, 24, 309, 0, 24, 102, 4627 }, // U+0127
    { 13, 29, 170, -1, 29, 95, 4729 }, // U+0128
    { 12, 23, 129, -2, 23, 69, 4824 }, // U+0129
    { 10, 28, 170, 0, 28, 70, 4893 }, // U+012A
    { 10, 22, 129, -1, 22, 55, 4963 }, // U+012B
    { 11, 30, 170, 0, 30, 83, 5018 }, // U+012C
    { 10, 24, 129, -1, 24, 60, 5101 }, // U+012D
    { 9, 30, 170, 1, 23, 68, 5161 }, // U+012E
    { 6, 31, 129, 0, 24, 47, 5229 }, // U+012F
    { 9, 30, 170, 1, 30, 68, 5276 }, // U+0130
    { 4, 17, 129, 2, 17, 17, 5344 }, // U+0131
    { 16, 29, 306, 1, 23, 116, 5361 }, // U+0132
    { 12, 32, 258, 2, 24, 96, 5477 }, // U+0133
    { 13, 36, 137, -3, 30, 117, 5573 }, // U+0134
    { 12, 32, 129, -2, 24, 96, 5690 }, // U+0135
    { 17, 30, 310, 3, 23, 128, 5786 }, // U+0136
    { 15, 31, 267, 2, 24, 117, 5914 }, // U+0137
    { 15, 17, 267, 2, 17, 64, 6031 }, // U+0138
    { 14, 30, 262, 2, 30, 105, 6095 }, // U+0139
    { 7, 31, 129, 2, 31, 55, 6200 }, // U+013A
    { 13, 30, 262, 3, 23, 98, 6255 }, // U+013B
    { 5, 31, 129, 2, 24, 39, 6353 }, // U+013C
    { 13, 23, 262, 3, 23, 75, 6392 }, // U+013D
    { 9, 24, 129, 2, 24, 54, 6467 }, // U+013E
    { 13, 23, 262, 3, 23, 75, 6521 }, // U+013F
    { 8, 24, 134, 2, 24, 48, 6596 }, // U+0140
    { 16, 23, 262, 0, 23, 92, 6644 }, // U+0141
    { 10, 24, 129, -1, 24, 60, 6736 }, // U+0142
    { 18, 30, 380, 3, 30, 135, 6796 }, // U+0143
    { 15, 24, 309, 2, 24, 90, 6931 }, // U+0144
    { 18, 30, 380, 3, 23, 135, 7021 }, // U+0145
    { 15, 25, 309, 2, 18, 94, 7156 }, // U+0146
    { 18, 30, 380, 3, 30, 135, 7250 }, // U+0147
    { 15, 24, 309, 2, 24, 90, 7385 }, // U+0148
    { 19, 23, 344, 0, 23, 110, 7475 }, // U+0149
    { 18, 29, 380, 3, 23, 131, 7585 }, // U+014A
    { 15, 26, 309, 2, 18, 98, 7716 }, // U+014B
    { 22, 29, 391, 1, 28, 160, 7814 }, // U+014C
    { 17, 23, 303, 1, 22, 98, 7974 }, // U+014D
    { 22, 31, 391, 1, 30, 171, 8072 }, // U+014E
    { 17, 25, 303, 1, 24, 107, 8243 }, // U+014F
    { 22, 31, 391, 1, 30, 171, 8350 }, // U+0150
    { 17, 25, 303, 1, 24, 107, 8521 }, // U+0151
    { 27, 24, 464, 1, 23, 162, 8628 }, // U+0152
    { 27, 19, 473, 1, 18, 129, 8790 }, // U+0153
    { 16, 30, 311, 3, 30, 120, 8919 }, // U+0154
    { 11, 24, 207, 2, 24, 66, 9039 }, // U+0155
    { 16, 30, 311, 3, 23, 120, 9105 }, // U+0156
    { 12, 25, 207, 1, 18, 75, 9225 }, // U+0157
    { 16, 30, 311, 3, 30, 120, 9300 }, // U+0158
    { 11, 24, 207, 2, 24, 66, 9420 }, // U+0159
    { 15, 31, 275, 1, 30, 117, 9486 }, // U+015A
    { 13, 25, 240, 1, 24, 82, 9603 }, // U+015B
    { 15, 31, 275, 1, 30, 117, 9685 }, // U+015C
    { 13, 25, 240, 1, 24, 82, 9802 }, // U+015D
    { 15, 31, 275, 1, 23, 117, 9884 }, // U+015E
    { 13, 26, 240, 1, 18, 85, 10001 }, // U+015F
    { 15, 31, 275, 1, 30, 117, 10086 }, // U+0160
    { 13, 25, 240, 1, 24, 82, 10203 }, // U+0161
    { 18, 31, 278, 0, 23, 140, 10285 }, // U+0162
    { 11, 29, 181, 0, 21, 80, 10425 }, // U+0163
    { 18, 30, 278, 0, 30, 135, 10505 }, // U+0164
    { 15, 25, 181, 0, 24, 94, 10640 }, // U+0165
    { 18, 23, 278, 0, 23, 104, 10734 }, // U+0166
    { 11, 22, 181, 0, 21, 61, 10838 }, // U+0167
    { 18, 30, 366, 2, 29, 135, 10899 }, // U+0168
    { 15, 24, 309, 2, 23, 90, 11034 }, // U+0169
    { 18, 29, 366, 2, 28, 131, 11124 }, // U+016A
    { 15, 23, 309, 2, 22, 87, 11255 }, // U+016B
    { 18, 31, 366, 2, 30, 140, 11342 }, // U+016C
    { 15, 25, 309, 2, 24, 94, 11482 }, // U+016D
    { 18, 33, 366, 2, 32, 149, 11576 }, // U+016E
    { 15, 27, 309, 2, 26, 102, 11725 }, // U+016F
    { 18, 31, 366, 2, 30, 140, 11827 }, // U+0170
    { 15, 25, 309, 2, 24, 94, 11967 }, // U+0171
    { 18, 30, 366, 2, 23, 135, 12061 }, // U+0172
    { 15, 24, 309, 2, 17, 90, 12196 }, // U+0173
    { 29, 30, 465, 0, 30, 218, 12286 }, // U+0174
    { 25, 24, 393, 0, 24, 150, 12504 }, // U+0175
    { 18, 30, 283, 0, 30, 135, 12654 }, // U+0176
    { 16, 32, 255, 0, 24, 128, 12789 }, // U+0177
    { 18, 29, 283, 0, 29, 131, 12917 }, // U+0178
    { 16, 30, 286, 1, 30, 120, 13048 }, // U+0179
    { 13, 24, 235, 1, 24, 78, 13168 }, // U+017A
    { 16, 30, 286, 1, 30, 120, 13246 }, // U+017B
    { 13, 24, 235, 1, 24, 78, 13366 }, // U+017C
    { 16, 30, 286, 1, 30, 120, 13444 }, // U+017D
    { 13, 24, 235, 1, 24, 78, 13564 }, // U+017E
    { 10, 24, 163, 2, 24, 60, 13642 }, // U+017F
    { 25, 25, 392, 1, 24, 157, 0 }, // U+01A0
    { 20, 21, 308, 1, 20, 105, 157 }, // U+01A1
    { 24, 25, 390, 2, 24, 150, 262 }, // U+01AF
    { 21, 21, 337, 2, 20, 111, 412 }, // U+01B0
    { 37, 30, 646, 3, 30, 278, 523 }, // U+01C4
    { 34, 24, 600, 3, 24, 204, 801 }, // U+01C5
    { 32, 25, 543, 1, 24, 200, 1005 }, // U+01C6
    { 20, 29, 399, 3, 23, 145, 1205 }, // U+01C7
    { 20, 32, 391, 3, 24, 160, 1350 }, // U+01C8
    { 12, 32, 258, 2, 24, 96, 1510 }, // U+01C9
    { 27, 29, 517, 3, 23, 196, 1606 }, // U+01CA
    { 27, 32, 509, 3, 24, 216, 1802 }, // U+01CB
    { 23, 32, 438, 2, 24, 184, 2018 }, // U+01CC
    { 20, 30, 320, 0, 30, 150, 2202 }, // U+01CD
    { 14, 25, 281, 1, 24, 88, 2352 }, // U+01CE
    { 11, 30, 170, 0, 30, 83, 2440 }, // U+01CF
    { 12, 24, 129, -2, 24, 72, 2523 }, // U+01D0
    { 22, 31, 391, 1, 30, 171, 2595 }, // U+01D1
    { 17, 25, 303, 1, 24, 107, 2766 }, // U+01D2
    { 18, 31, 366, 2, 30, 140, 2873 }, // U+01D3
    { 15, 25, 309, 2, 24, 94, 3013 }, // U+01D4
    { 18, 33, 366, 2, 32, 149, 3107 }, // U+01D5
    { 15, 28, 309, 2, 27, 105, 3256 }, // U+01D6
    { 18, 34, 366, 2, 33, 153, 3361 }, // U+01D7
    { 15, 29, 309, 2, 28, 109, 3514 }, // U+01D8
    { 18, 35, 366, 2, 34, 158, 3623 }, // U+01D9
    { 15, 29, 309, 2, 28, 109, 3781 }, // U+01DA
    { 18, 34, 366, 2, 33, 153, 3890 }, // U+01DB
    { 15, 29, 309, 2, 28, 109, 4043 }, // U+01DC
    { 15, 19, 282, 1, 18, 72, 4152 }, // U+01DD
    { 20, 32, 320, 0, 32, 160, 4224 }, // U+01DE
    { 14, 28, 281, 1, 27, 98, 4384 }, // U+01DF
    { 20, 32, 320, 0, 32, 160, 4482 }, // U+01E0
    { 14, 28, 281, 1, 27, 98, 4642 }, // U+01E1
    { 27, 28, 441, -1, 28, 189, 4740 }, // U+01E2
    { 25, 23, 432, 1, 22, 144, 4929 }, // U+01E3
    { 22, 24, 364, 1, 23, 132, 5073 }, // U+01E4
    { 18, 26, 308, 1, 18, 117, 5205 }, // U+01E5
    { 20, 31, 364, 1, 30, 155, 5322 }, // U+01E6
    { 16, 32, 308, 1, 24, 128, 5477 }, // U+01E7
    { 17, 30, 310, 3, 30, 128, 5605 }, // U+01E8
    { 19, 31, 267, -2, 31, 148, 5733 }, // U+01E9
    { 22, 30, 391, 1, 23, 165, 5881 }, // U+01EA
    { 17, 25, 303, 1, 18, 107, 6046 }, // U+01EB
    { 22, 35, 391, 1, 28, 193, 6153 }, // U+01EC
    { 17, 29, 303, 1, 22, 124, 6346 }, // U+01ED
    { 16, 31, 292, 1, 30, 124, 6470 }, // U+01EE
    { 15, 32, 249, 0, 24, 120, 6594 }, // U+01EF
    { 12, 32, 129, -2, 24, 96, 6714 }, // U+01F0
    { 37, 23, 646, 3, 23, 213, 6810 }, // U+01F1
    { 34, 23, 600, 3, 23, 196, 7023 }, // U+01F2
    { 32, 25, 543, 1, 24, 200, 7219 }, // U+01F3
    { 20, 31, 364, 1, 30, 155, 7419 }, // U+01F4
    { 16, 32, 308, 1, 24, 128, 7574 }, // U+01F5
    { 24, 24, 469, 3, 23, 144, 7702 }, // U+01F6
    { 16, 31, 331, 3, 23, 124, 7846 }, // U+01F7
    { 18, 30, 380, 3, 30, 135, 7970 }, // U+01F8
    { 15, 24, 309, 2, 24, 90, 8105 }, // U+01F9
    { 20, 30, 320, 0, 30, 150, 8195 }, // U+01FA
    { 14, 31, 281, 1, 30, 109, 8345 }, // U+01FB
    { 27, 30, 441, -1, 30, 203, 8454 }, // U+01FC
    { 25, 25, 432, 1, 24, 157, 8657 }, // U+01FD
    { 22, 31, 391, 1, 30, 171, 8814 }, // U+01FE
    { 17, 26, 303, 1, 24, 111, 8985 }, // U+01FF
    { 20, 30, 320, 0, 30, 150, 9096 }, // U+0200
    { 14, 25, 281, 1, 24, 88, 9246 }, // U+0201
    { 20, 30, 320, 0, 30, 150, 9334 }, // U+0202
    { 14, 25, 281, 1, 24, 88, 9484 }, // U+0203
    { 14, 30, 278, 2, 30, 105, 9572 }, // U+0204
    { 16, 25, 282, 1, 24, 100, 9677 }, // U+0205
    { 13, 30, 278, 3, 30, 98, 9777 }, // U+0206
    { 16, 25, 282, 1, 24, 100, 9875 }, // U+0207
    { 12, 30, 170, -2, 30, 90, 9975 }, // U+0208
    { 12, 24, 129, -3, 24, 72, 10065 }, // U+0209
    { 11, 30, 170, 0, 30, 83, 10137 }, // U+020A
    { 10, 24, 129, -1, 24, 60, 10220 }, // U+020B
    { 22, 31, 391, 1, 30, 171, 10280 }, // U+020C
    { 17, 25, 303, 1, 24, 107, 10451 }, // U+020D
    { 22, 31, 391, 1, 30, 171, 10558 }, // U+020E
    { 17, 25, 303, 1, 24, 107, 10729 }, // U+020F
    { 17, 30, 311, 2, 30, 128, 10836 }, // U+0210
    { 13, 24, 207, 0, 24, 78, 10964 }, // U+0211
    { 16, 30, 311, 3, 30, 120, 11042 }, // U+0212
    { 11, 24, 207, 2, 24, 66, 11162 }, // U+0213
    { 18, 31, 366, 2, 30, 140, 11228 }, // U+0214
    { 15, 25, 309, 2, 24, 94, 11368 }, // U+0215
    { 18, 31, 366, 2, 30, 140, 11462 }, // U+0216
    { 15, 25, 309, 2, 24, 94, 11602 }, // U+0217
    { 15, 30, 275, 1, 23, 113, 11696 }, // U+0218
    { 13, 25, 240, 1, 18, 82, 11809 }, // U+0219
    { 18, 30, 278, 0, 23, 135, 11891 }, // U+021A
    { 11, 28, 181, 0, 21, 77, 12026 }, // U+021B
    { 16, 29, 288, 1, 23, 116, 12103 }, // U+021C
    { 14, 26, 248, 0, 18, 91, 12219 }, // U+021D
    { 18, 30, 371, 3, 30, 135, 12310 }, // U+021E
    { 19, 31, 309, -2, 31, 148, 12445 }, // U+021F
    { 7, 6, 0, -16, 24, 11, 0 }, // U+0300
    { 8, 6, 0, -11, 24, 12, 11 }, // U+0301
    { 12, 6, 0, -6, 24, 18, 23 }, // U+0302
    { 13, 5, 0, -16, 23, 17, 41 }, // U+0303
    { 10, 4, 0, -5, 22, 10, 58 }, // U+0304
    { 14, 3, 0, -7, 27, 11, 68 }, // U+0305
    { 10, 6, 0, -5, 24, 15, 79 }, // U+0306
    { 4, 5, 0, -2, 24, 5, 94 }, // U+0307
    { 10, 4, 0, -5, 23, 10, 99 }, // U+0308
    { 6, 8, 0, -12, 26, 12, 109 }, // U+0309
    { 8, 8, 0, -4, 26, 16, 121 }, // U+030A
    { 12, 6, 0, -4, 24, 18, 137 }, // U+030B
    { 12, 6, 0, -6, 24, 18, 155 }, // U+030C
    { 4, 6, 0, -2, 24, 6, 173 }, // U+030D
    { 8, 6, 0, -4, 24, 12, 179 }, // U+030E
    { 13, 6, 0, -17, 24, 20, 191 }, // U+030F
    { 10, 9, 0, -5, 27, 23, 211 }, // U+0310
    { 10, 6, 0, -5, 24, 15, 234 }, // U+0311
    { 6, 9, 0, -3, 23, 14, 249 }, // U+0312
    { 6, 9, 0, -3, 23, 14, 263 }, // U+0313
    { 6, 9, 0, -3, 23, 14, 277 }, // U+0314
    { 6, 9, 0, -3, 23, 14, 291 }, // U+0315
    { 8, 6, 0, -4, -1, 12, 305 }, // U+0316
    { 8, 6, 0, -4, -1, 12, 317 }, // U+0317
    { 6, 7, 0, -3, 0, 11, 329 }, // U+0318
    { 6, 7, 0, -3, 0, 11, 340 }, // U+0319
    { 9, 8, 157, 0, 24, 18, 351 }, // U+031A
    { 8, 7, 0, -4, 24, 14, 369 }, // U+031B
    { 4, 8, 0, -2, 0, 8, 383 }, // U+031C
    { 8, 6, 0, -4, -1, 12, 391 }, // U+031D
    { 8, 6, 0, -4, -1, 12, 403 }, // U+031E
    { 8, 8, 0, -4, 0, 16, 415 }, // U+031F
    { 8, 3, 0, -4, -2, 6, 431 }, // U+0320
    { 6, 10, 0, -6, 2, 15, 437 }, // U+0321
    { 6, 10, 0, 0, 2, 15, 452 }, // U+0322
    { 4, 4, 0, -11, -2, 4, 467 }, // U+0323
    { 10, 4, 0, -5, -2, 10, 471 }, // U+0324
    { 8, 8, 0, -4, 0, 16, 481 }, // U+0325
    { 4, 6, 0, -2, -1, 6, 497 }, // U+0326
    { 8, 8, 0, -4, 0, 16, 503 }, // U+0327
    { 6, 8, 0, -3, 1, 12, 519 }, // U+0328
    { 4, 6, 0, -2, -1, 6, 531 }, // U+0329
    { 12, 6, 0, -6, -1, 18, 537 }, // U+032A
    { 12, 5, 0, -6, -1, 15, 555 }, // U+032B
    { 12, 6, 0, -6, -1, 18, 570 }, // U+032C
    { 12, 6, 0, -6, -1, 18, 588 }, // U+032D
    { 10, 6, 0, -5, -1, 15, 606 }, // U+032E
    { 10, 6, 0, -5, -1, 15, 621 }, // U+032F
    { 12, 5, 0, -6, -2, 15, 636 }, // U+0330
    { 10, 4, 0, -5, -2, 10, 651 }, // U+0331
    { 14, 3, 0, -7, -2, 11, 661 }, // U+0332
    { 14, 7, 0, -7, 0, 25, 672 }, // U+0333
    { 12, 5, 0, -6, 11, 15, 697 }, // U+0334
    { 14, 3, 0, -7, 11, 11, 712 }, // U+0335
    { 24, 3, 0, -12, 10, 18, 723 }, // U+0336
    { 10, 8, 0, -5, 13, 20, 741 }, // U+0337
    { 14, 26, 0, -7, 24, 91, 761 }, // U+0338
    { 4, 8, 0, -2, 0, 8, 852 }, // U+0339
    { 12, 6, 0, -6, -1, 18, 860 }, // U+033A
    { 12, 8, 0, -6, 0, 24, 878 }, // U+033B
    { 12, 5, 0, -6, -1, 15, 902 }, // U+033C
    { 8, 8, 0, -4, 25, 16, 917 }, // U+033D
    { 4, 10, 0, -2, 28, 10, 933 }, // U+033E
    { 14, 7, 0, -7, 31, 25, 943 }, // U+033F
    { 7, 6, 0, -5, 24, 11, 968 }, // U+0340
    { 8, 6, 0, -2, 24, 12, 979 }, // U+0341
    { 12, 5, 0, -6, 23, 15, 991 }, // U+0342
    { 6, 7, 0, -3, 25, 11, 1006 }, // U+0343
    { 12, 7, 0, -5, 25, 21, 1017 }, // U+0344
    { 6, 6, 0, -2, -2, 9, 1038 }, // U+0345
    { 14, 6, 0, -7, 24, 21, 1047 }, // U+0346
    { 14, 7, 0, -7, 0, 25, 1068 }, // U+0347
    { 8, 6, 0, -4, -1, 12, 1093 }, // U+0348
    { 6, 7, 0, -3, -1, 11, 1105 }, // U+0349
    { 12, 8, 0, -6, 25, 24, 1116 }, // U+034A
    { 12, 11, 0, -6, 29, 33, 1140 }, // U+034B
    { 12, 9, 0, -6, 27, 27, 1173 }, // U+034C
    { 12, 6, 0, -6, -1, 18, 1200 }, // U+034D
    { 6, 8, 0, -3, 0, 12, 1218 }, // U+034E
    { 24, 23, 0, -12, 23, 138, 1230 }, // U+034F
    { 6, 7, 0, -3, 25, 11, 1368 }, // U+0350
    { 4, 8, 0, -2, 26, 8, 1379 }, // U+0351
    { 10, 9, 0, -5, 27, 23, 1387 }, // U+0352
    { 6, 6, 0, -3, -1, 9, 1410 }, // U+0353
    { 6, 7, 0, -3, -1, 11, 1419 }, // U+0354
    { 6, 7, 0, -3, -1, 11, 1430 }, // U+0355
    { 13, 7, 0, -6, -1, 23, 1441 }, // U+0356
    { 4, 8, 0, -2, 26, 8, 1464 }, // U+0357
    { 4, 5, 0, 4, 24, 5, 1472 }, // U+0358
    { 8, 7, 0, -4, -1, 14, 1477 }, // U+0359
    { 12, 8, 0, -6, 0, 24, 1491 }, // U+035A
    { 6, 7, 0, -3, 25, 11, 1515 }, // U+035B
    { 26, 7, 0, -13, -1, 46, 1526 }, // U+035C
    { 26, 7, 0, -13, 25, 46, 1572 }, // U+035D
    { 20, 3, 0, -10, 22, 15, 1618 }, // U+035E
    { 20, 3, 0, -10, -1, 15, 1633 }, // U+035F
    { 26, 5, 0, -13, 23, 33, 1648 }, // U+0360
    { 26, 7, 0, -13, 27, 46, 1681 }, // U+0361
    { 25, 6, 0, -12, -1, 38, 1727 }, // U+0362
    { 7, 8, 0, -3, 27, 14, 1765 }, // U+0363
    { 7, 8, 0, -3, 27, 14, 1779 }, // U+0364
    { 3, 10, 0, -1, 29, 8, 1793 }, // U+0365
    { 8, 8, 0, -4, 27, 16, 1801 }, // U+0366
    { 7, 8, 0, -3, 27, 14, 1817 }, // U+0367
    { 7, 8, 0, -3, 27, 14, 1831 }, // U+0368
    { 8, 10, 0, -4, 29, 20, 1845 }, // U+0369
    { 7, 10, 0, -3, 29, 18, 1865 }, // U+036A
    { 12, 8, 0, -6, 27, 24, 1883 }, // U+036B
    { 5, 8, 0, -2, 27, 10, 1907 }, // U+036C
    { 5, 9, 0, -2, 28, 12, 1917 }, // U+036D
    { 8, 8, 0, -4, 27, 16, 1929 }, // U+036E
    { 8, 8, 0, -4, 27, 16, 1945 }, // U+036F
    { 13, 30, 278, 3, 30, 98, 0 }, // U+0400
    { 13, 29, 278, 3, 29, 95, 98 }, // U+0401
    { 21, 24, 358, 0, 23, 126, 193 }, // U+0402
    { 13, 30, 255, 3, 30, 98, 319 }, // U+0403
    { 18, 24, 320, 1, 23, 108, 417 }, // U+0404
    { 15, 24, 275, 1, 23, 90, 525 }, // U+0405
    { 3, 23, 142, 3, 23, 18, 615 }, // U+0406
    { 8, 29, 142, 0, 29, 58, 633 }, // U+0407
    { 9, 29, 137, -3, 23, 66, 691 }, // U+0408
    { 30, 24, 505, 0, 23, 180, 757 }, // U+0409
    { 28, 23, 514, 3, 23, 161, 937 }, // U+040A
    { 21, 23, 358, 0, 23, 121, 1098 }, // U+040B
    { 17, 30, 313, 3, 30, 128, 1219 }, // U+040C
    { 18, 30, 378, 3, 30, 135, 1347 }, // U+040D
    { 20, 30, 308, 0, 29, 150, 1482 }, // U+040E
    { 17, 28, 366, 3, 23, 119, 1632 }, // U+040F
    { 20, 23, 319, 0, 23, 115, 1751 }, // U+0410
    { 15, 23, 307, 3, 23, 87, 1866 }, // U+0411
    { 16, 23, 325, 3, 23, 92, 1953 }, // U+0412
    { 13, 23, 255, 3, 23, 75, 2045 }, // U+0413
    { 23, 28, 365, 0, 23, 161, 2120 }, // U+0414
    { 13, 23, 278, 3, 23, 75, 2281 }, // U+0415
    { 29, 23, 453, 0, 23, 167, 2356 }, // U+0416
    { 16, 24, 289, 1, 23, 96, 2523 }, // U+0417
    { 18, 23, 378, 3, 23, 104, 2619 }, // U+0418
    { 18, 29, 378, 3, 29, 131, 2723 }, // U+0419
    { 17, 23, 313, 3, 23, 98, 2854 }, // U+041A
    { 19, 24, 349, 0, 23, 114, 2952 }, // U+041B
    { 23, 23, 454, 3, 23, 133, 3066 }, // U+041C
    { 18, 23, 372, 3, 23, 104, 3199 }, // U+041D
    { 21, 24, 381, 1, 23, 126, 3303 }, // U+041E
    { 17, 23, 367, 3, 23, 98, 3429 }, // U+041F
    { 15, 23, 303, 3, 23, 87, 3527 }, // U+0420
    { 18, 24, 320, 1, 23, 108, 3614 }, // U+0421
    { 18, 23, 278, 0, 23, 104, 3722 }, // U+0422
    { 20, 24, 308, 0, 23, 120, 3826 }, // U+0423
    { 23, 24, 409, 1, 23, 138, 3946 }, // U+0424
    { 19, 23, 294, 0, 23, 110, 4084 }, // U+0425
    { 20, 28, 370, 3, 23, 140, 4194 }, // U+0426
    { 16, 23, 337, 2, 23, 92, 4334 }, // U+0427
    { 27, 23, 518, 3, 23, 156, 4426 }, // U+0428
    { 29, 28, 513, 3, 23, 203, 4582 }, // U+0429
    { 20, 23, 343, 0, 23, 115, 4785 }, // U+042A
    { 21, 23, 425, 3, 23, 121, 4900 }, // U+042B
    { 15, 23, 304, 3, 23, 87, 5021 }, // U+042C
    { 18, 24, 324, 1, 23, 108, 5108 }, // U+042D
    { 27, 24, 500, 3, 23, 162, 5216 }, // U+042E
    { 17, 23, 319, 0, 23, 98, 5378 }, // U+042F
    { 14, 19, 278, 1, 18, 67, 5476 }, // U+0430
    { 17, 26, 299, 1, 25, 111, 5543 }, // U+0431
    { 15, 17, 282, 2, 17, 64, 5654 }, // U+0432
    { 12, 17, 219, 2, 17, 51, 5718 }, // U+0433
    { 19, 22, 304, 0, 17, 105, 5769 }, // U+0434
    { 15, 19, 276, 1, 18, 72, 5874 }, // U+0435
    { 24, 17, 380, 0, 17, 102, 5946 }, // U+0436
    { 13, 19, 244, 1, 18, 62, 6048 }, // U+0437
    { 15, 17, 311, 2, 17, 64, 6110 }, // U+0438
    { 15, 24, 311, 2, 24, 90, 6174 }, // U+0439
    { 15, 17, 266, 2, 17, 64, 6264 }, // U+043A
    { 16, 18, 294, 0, 17, 72, 6328 }, // U+043B
    { 20, 17, 384, 2, 17, 85, 6400 }, // U+043C
    { 15, 17, 307, 2, 17, 64, 6485 }, // U+043D
    { 17, 19, 297, 1, 18, 81, 6549 }, // U+043E
    { 15, 17, 303, 2, 17, 64, 6630 }, // U+043F
    { 16, 26, 304, 2, 18, 104, 6694 }, // U+0440
    { 14, 19, 247, 1, 18, 67, 6798 }, // U+0441
    { 15, 17, 233, 0, 17, 64, 6865 }, // U+0442
    { 16, 25, 255, 0, 17, 100, 6929 }, // U+0443
    { 21, 32, 369, 1, 24, 168, 7029 }, // U+0444
    { 16, 17, 256, 0, 17, 68, 7197 }, // U+0445
    { 17, 22, 306, 2, 17, 94, 7265 }, // U+0446
    { 15, 17, 295, 1, 17, 64, 7359 }, // U+0447
    { 24, 17, 447, 2, 17, 102, 7423 }, // U+0448
    { 26, 22, 449, 2, 17, 143, 7525 }, // U+0449
    { 19, 17, 312, 0, 17, 81, 7668 }, // U+044A
    { 20, 17, 380, 2, 17, 85, 7749 }, // U+044B
    { 14, 17, 273, 2, 17, 60, 7834 }, // U+044C
    { 13, 19, 247, 1, 18, 62, 7894 }, // U+044D
    { 22, 19, 400, 2, 18, 105, 7956 }, // U+044E
    { 15, 17, 289, 1, 17, 64, 8061 }, // U+044F
    { 15, 25, 276, 1, 24, 94, 8125 }, // U+0450
    { 15, 24, 276, 1, 23, 90, 8219 }, // U+0451
    { 17, 32, 310, 0, 24, 136, 8309 }, // U+0452
    { 12, 24, 219, 2, 24, 72, 8445 }, // U+0453
    { 14, 19, 247, 1, 18, 67, 8517 }, // U+0454
    { 13, 19, 234, 1, 18, 62, 8584 }, // U+0455
    { 4, 24, 129, 2, 24, 24, 8646 }, // U+0456
    { 8, 24, 129, 0, 24, 48, 8670 }, // U+0457
    { 8, 32, 129, -2, 24, 64, 8718 }, // U+0458
    { 26, 18, 430, 0, 17, 117, 8782 }, // U+0459
    { 25, 17, 445, 2, 17, 107, 8899 }, // U+045A
    { 17, 24, 311, 0, 24, 102, 9006 }, // U+045B
    { 15, 24, 266, 2, 24, 90, 9108 }, // U+045C
    { 15, 24, 311, 2, 24, 90, 9198 }, // U+045D
    { 16, 32, 255, 0, 24, 128, 9288 }, // U+045E
    { 15, 22, 303, 2, 17, 83, 9416 }, // U+045F
    { 28, 24, 460, 0, 23, 168, 9499 }, // U+0460
    { 24, 17, 395, 0, 17, 102, 9667 }, // U+0461
    { 20, 23, 338, 0, 23, 115, 9769 }, // U+0462
    { 19, 21, 317, 0, 21, 100, 9884 }, // U+0463
    { 25, 24, 461, 3, 23, 150, 9984 }, // U+0464
    { 21, 19, 371, 2, 18, 100, 10134 }, // U+0465
    { 22, 23, 342, 0, 23, 127, 10234 }, // U+0466
    { 18, 17, 286, 0, 17, 77, 10361 }, // U+0467
    { 27, 23, 465, 3, 23, 156, 10438 }, // U+0468
    { 23, 17, 390, 2, 17, 98, 10594 }, // U+0469
    { 23, 23, 365, 0, 23, 133, 10692 }, // U+046A
    { 20, 17, 320, 0, 17, 85, 10825 }, // U+046B
    { 28, 23, 492, 3, 23, 161, 10910 }, // U+046C
    { 25, 17, 425, 2, 17, 107, 11071 }, // U+046D
    { 17, 34, 294, 0, 27, 145, 11178 }, // U+046E
    { 14, 28, 245, 0, 21, 98, 11323 }, // U+046F
    { 21, 23, 402, 2, 23, 121, 11421 }, // U+0470
    { 20, 32, 381, 2, 24, 160, 11542 }, // U+0471
    { 22, 24, 391, 1, 23, 132, 11702 }, // U+0472
    { 17, 19, 303, 1, 18, 81, 11834 }, // U+0473
    { 21, 23, 318, 0, 23, 121, 11915 }, // U+0474
    { 17, 17, 258, 0, 17, 73, 12036 }, // U+0475
    { 21, 30, 318, 0, 30, 158, 12109 }, // U+0476
    { 17, 24, 258, 0, 24, 102, 12267 }, // U+0477
    { 37, 31, 610, 1, 23, 287, 12369 }, // U+0478
    { 34, 26, 548, 1, 18, 221, 12656 }, // U+0479
    { 23, 27, 411, 1, 25, 156, 12877 }, // U+047A
    { 18, 21, 330, 1, 19, 95, 13033 }, // U+047B
    { 30, 34, 513, 1, 33, 255, 13128 }, // U+047C
    { 26, 29, 452, 1, 28, 189, 13383 }, // U+047D
    { 28, 29, 460, 0, 28, 203, 13572 }, // U+047E
    { 24, 23, 395, 0, 23, 138, 13775 }, // U+047F
    { 19, 31, 322, 1, 23, 148, 13913 }, // U+0480
    { 14, 26, 246, 1, 18, 91, 14061 }, // U+0481
    { 17, 21, 305, 1, 20, 90, 14152 }, // U+0482
    { 12, 6, 0, -15, 23, 18, 14242 }, // U+0483
    { 13, 4, 0, -15, 23, 13, 14260 }, // U+0484
    { 4, 7, 0, -11, 25, 7, 14273 }, // U+0485
    { 4, 7, 0, -11, 25, 7, 14280 }, // U+0486
    { 12, 5, 0, -6, 28, 15, 14287 }, // U+0487
    { 36, 33, 0, -18, 25, 297, 14302 }, // U+0488
    { 36, 35, 0, -18, 26, 315, 14599 }, // U+0489
    { 21, 35, 393, 3, 29, 184, 14914 }, // U+048A
    { 19, 30, 330, 2, 24, 143, 15098 }, // U+048B
    { 18, 23, 308, 0, 23, 104, 15241 }, // U+048C
    { 17, 24, 297, 0, 24, 102, 15345 }, // U+048D
    { 15, 23, 307, 3, 23, 87, 15447 }, // U+048E
    { 16, 26, 308, 2, 18, 104, 15534 }, // U+048F
    { 13, 27, 266, 3, 27, 88, 15638 }, // U+0490
    { 11, 22, 218, 2, 22, 61, 15726 }, // U+0491
    { 16, 23, 265, 0, 23, 92, 15787 }, // U+0492
    { 13, 17, 217, 0, 17, 56, 15879 }, // U+0493
    { 17, 31, 326, 3, 23, 132, 15935 }, // U+0494
    { 14, 25, 267, 2, 17, 88, 16067 }, // U+0495
    { 28, 29, 452, 0, 23, 203, 16155 }, // U+0496
    { 25, 23, 398, 0, 17, 144, 16358 }, // U+0497
    { 16, 30, 289, 1, 23, 120, 16502 }, // U+0498
    { 13, 25, 244, 1, 18, 82, 16622 }, // U+0499
    { 18, 29, 335, 3, 23, 131, 16704 }, // U+049A
    { 15, 23, 279, 2, 17, 87, 16835 }, // U+049B
    { 17, 23, 313, 3, 23, 98, 16922 }, // U+049C
    { 15, 17, 265, 2, 17, 64, 17020 }, // U+049D
    { 20, 23, 313, 0, 23, 115, 17084 }, // U+049E
    { 17, 24, 267, 0, 24, 102, 17199 }, // U+049F
    { 22, 23, 347, 0, 23, 127, 17301 }, // U+04A0
    { 20, 17, 312, 0, 17, 85, 17428 }, // U+04A1
    { 20, 29, 378, 3, 23, 145, 17513 }, // U+04A2
    { 18, 23, 329, 2, 17, 104, 17658 }, // U+04A3
    { 23, 23, 408, 3, 23, 133, 17762 }, // U+04A4
    { 21, 17, 369, 2, 17, 90, 17895 }, // U+04A5
    { 29, 31, 528, 3, 23, 225, 17985 }, // U+04A6
    { 25, 25, 432, 2, 17, 157, 18210 }, // U+04A7
    { 22, 25, 390, 1, 23, 138, 18367 }, // U+04A8
    { 18, 19, 321, 1, 18, 86, 18505 }, // U+04A9
    { 18, 30, 316, 1, 23, 135, 18591 }, // U+04AA
    { 13, 25, 240, 1, 18, 82, 18726 }, // U+04AB
    { 18, 29, 278, 0, 23, 131, 18808 }, // U+04AC
    { 15, 23, 238, 0, 17, 87, 18939 }, // U+04AD
    { 18, 23, 283, 0, 23, 104, 19026 }, // U+04AE
    { 16, 25, 254, 0, 17, 100, 19130 }, // U+04AF
    { 18, 23, 283, 0, 23, 104, 19230 }, // U+04B0
    { 16, 25, 254, 0, 17, 100, 19334 }, // U+04B1
    { 20, 29, 316, 0, 23, 145, 19434 }, // U+04B2
    { 17, 23, 276, 0, 17, 98, 19579 }, // U+04B3
    { 27, 29, 431, 0, 23, 196, 19677 }, // U+04B4
    { 23, 23, 362, 0, 17, 133, 19873 }, // U+04B5
    { 20, 29, 352, 2, 23, 145, 20006 }, // U+04B6
    { 17, 23, 311, 2, 17, 98, 20151 }, // U+04B7
    { 17, 23, 349, 2, 23, 98, 20249 }, // U+04B8
    { 15, 17, 303, 2, 17, 64, 20347 }, // U+04B9
    { 17, 23, 349, 3, 23, 98, 20411 }, // U+04BA
    { 15, 24, 309, 2, 24, 90, 20509 }, // U+04BB
    { 25, 24, 425, 0, 23, 150, 20599 }, // U+04BC
    { 20, 19, 333, 0, 18, 95, 20749 }, // U+04BD
    { 25, 29, 425, 0, 23, 182, 20844 }, // U+04BE
    { 20, 24, 333, 0, 18, 120, 21026 }, // U+04BF
    { 9, 23, 170, 1, 23, 52, 21146 }, // U+04C0
    { 29, 29, 453, 0, 29, 211, 21198 }, // U+04C1
    { 24, 24, 380, 0, 24, 144, 21409 }, // U+04C2
    { 18, 31, 348, 3, 23, 140, 21553 }, // U+04C3
    { 15, 25, 280, 2, 17, 94, 21693 }, // U+04C4
    { 23, 29, 360, 0, 23, 167, 21787 }, // U+04C5
    { 19, 23, 294, 0, 17, 110, 21954 }, // U+04C6
    { 18, 31, 366, 3, 23, 140, 22064 }, // U+04C7
    { 16, 25, 311, 2, 17, 100, 22204 }, // U+04C8
    { 21, 29, 378, 3, 23, 153, 22304 }, // U+04C9
    { 19, 23, 331, 2, 17, 110, 22457 }, // U+04CA
    { 17, 29, 349, 2, 23, 124, 22567 }, // U+04CB
    { 15, 23, 307, 2, 17, 87, 22691 }, // U+04CC
    { 26, 29, 459, 3, 23, 189, 22778 }, // U+04CD
    { 22, 23, 378, 2, 17, 127, 22967 }, // U+04CE
    { 9, 23, 170, 1, 23, 52, 23094 }, // U+04CF
    { 20, 29, 320, 0, 29, 145, 23146 }, // U+04D0
    { 14, 25, 281, 1, 24, 88, 23291 }, // U+04D1
    { 20, 29, 320, 0, 29, 145, 23379 }, // U+04D2
    { 14, 24, 281, 1, 23, 84, 23524 }, // U+04D3
    { 27, 23, 441, -1, 23, 156, 23608 }, // U+04D4
    { 25, 19, 432, 1, 18, 119, 23764 }, // U+04D5
    { 13, 29, 278, 3, 29, 95, 23883 }, // U+04D6
    { 16, 25, 282, 1, 24, 100, 23978 }, // U+04D7
    { 21, 24, 370, 1, 23, 126, 24078 }, // U+04D8
    { 15, 19, 282, 1, 18, 72, 24204 }, // U+04D9
    { 21, 30, 370, 1, 29, 158, 24276 }, // U+04DA
    { 15, 24, 282, 1, 23, 90, 24434 }, // U+04DB
    { 29, 29, 453, 0, 29, 211, 24524 }, // U+04DC
    { 24, 23, 380, 0, 23, 138, 24735 }, // U+04DD
    { 16, 30, 289, 1, 29, 120, 24873 }, // U+04DE
    { 13, 24, 244, 1, 23, 78, 24993 }, // U+04DF
    { 16, 24, 292, 1, 23, 96, 25071 }, // U+04E0
    { 15, 25, 249, 0, 17, 94, 25167 }, // U+04E1
    { 18, 28, 378, 3, 28, 126, 25261 }, // U+04E2
    { 15, 22, 311, 2, 22, 83, 25387 }, // U+04E3
    { 18, 29, 378, 3, 29, 131, 25470 }, // U+04E4
    { 15, 23, 311, 2, 23, 87, 25601 }, // U+04E5
    { 22, 30, 391, 1, 29, 165, 25688 }, // U+04E6
    { 17, 24, 303, 1, 23, 102, 25853 }, // U+04E7
    { 22, 24, 391, 1, 23, 132, 25955 }, // U+04E8
    { 17, 19, 303, 1, 18, 81, 26087 }, // U+04E9
    { 22, 29, 391, 1, 28, 160, 26168 }, // U+04EA
    { 17, 24, 303, 1, 23, 102, 26328 }, // U+04EB
    { 18, 30, 324, 1, 29, 135, 26430 }, // U+04EC
    { 13, 24, 247, 1, 23, 78, 26565 }, // U+04ED
    { 20, 29, 308, 0, 28, 145, 26643 }, // U+04EE
    { 16, 30, 255, 0, 22, 120, 26788 }, // U+04EF
    { 20, 30, 308, 0, 29, 150, 26908 }, // U+04F0
    { 16, 31, 255, 0, 23, 124, 27058 }, // U+04F1
    { 20, 31, 308, 0, 30, 155, 27182 }, // U+04F2
    { 16, 32, 255, 0, 24, 128, 27337 }, // U+04F3
    { 16, 29, 337, 2, 29, 116, 27465 }, // U+04F4
    { 15, 23, 295, 1, 23, 87, 27581 }, // U+04F5
    { 13, 29, 265, 3, 23, 95, 27668 }, // U+04F6
    { 11, 23, 217, 2, 17, 64, 27763 }, // U+04F7
    { 21, 29, 425, 3, 29, 153, 27827 }, // U+04F8
    { 20, 23, 380, 2, 23, 115, 27980 }, // U+04F9
    { 16, 30, 265, 0, 23, 120, 28095 }, // U+04FA
    { 13, 24, 217, 0, 17, 78, 28215 }, // U+04FB
    { 20, 30, 316, 0, 23, 150, 28293 }, // U+04FC
    { 17, 24, 275, 0, 17, 102, 28443 }, // U+04FD
    { 19, 23, 293, 0, 23, 110, 28545 }, // U+04FE
    { 16, 17, 265, 0, 17, 68, 28655 }, // U+04FF
    { 20, 29, 320, 0, 23, 145, 0 }, // U+1EA0
    { 14, 24, 281, 1, 18, 84, 145 }, // U+1EA1
    { 20, 32, 320, 0, 32, 160, 229 }, // U+1EA2
    { 14, 27, 281, 1, 26, 95, 389 }, // U+1EA3
    { 20, 31, 320, 0, 31, 155, 484 }, // U+1EA4
    { 16, 27, 281, 1, 26, 108, 639 }, // U+1EA5
    { 20, 31, 320, 0, 31, 155, 747 }, // U+1EA6
    { 15, 27, 281, 0, 26, 102, 902 }, // U+1EA7
    { 20, 33, 320, 0, 33, 165, 1004 }, // U+1EA8
    { 16, 29, 281, 1, 28, 116, 1169 }, // U+1EA9
    { 20, 33, 320, 0, 33, 165, 1285 }, // U+1EAA
    { 14, 29, 281, 1, 28, 102, 1450 }, // U+1EAB
    { 20, 36, 320, 0, 30, 180, 1552 }, // U+1EAC
    { 14, 30, 281, 1, 24, 105, 1732 }, // U+1EAD
    { 20, 32, 320, 0, 32, 160, 1837 }, // U+1EAE
    { 14, 28, 281, 1, 27, 98, 1997 }, // U+1EAF
    { 20, 32, 320, 0, 32, 160, 2095 }, // U+1EB0
    { 14, 28, 281, 1, 27, 98, 2255 }, // U+1EB1
    { 20, 33, 320, 0, 33, 165, 2353 }, // U+1EB2
    { 14, 29, 281, 1, 28, 102, 2518 }, // U+1EB3
    { 20, 33, 320, 0, 33, 165, 2620 }, // U+1EB4
    { 14, 29, 281, 1, 28, 102, 2785 }, // U+1EB5
    { 20, 36, 320, 0, 30, 180, 2887 }, // U+1EB6
    { 14, 30, 281, 1, 24, 105, 3067 }, // U+1EB7
    { 13, 29, 278, 3, 23, 95, 3172 }, // U+1EB8
    { 16, 24, 282, 1, 18, 96, 3267 }, // U+1EB9
    { 13, 32, 278, 3, 32, 104, 3363 }, // U+1EBA
    { 16, 27, 282, 1, 26, 108, 3467 }, // U+1EBB
    { 13, 29, 278, 3, 29, 95, 3575 }, // U+1EBC
    { 16, 24, 282, 1, 23, 96, 3670 }, // U+1EBD
    { 15, 31, 278, 3, 31, 117, 3766 }, // U+1EBE
    { 17, 27, 282, 1, 26, 115, 3883 }, // U+1EBF
    { 15, 31, 278, 1, 31, 117, 3998 }, // U+1EC0
    { 17, 27, 282, 0, 26, 115, 4115 }, // U+1EC1
    { 14, 33, 278, 3, 33, 116, 4230 }, // U+1EC2
    { 16, 29, 282, 1, 28, 116, 4346 }, // U+1EC3
    { 13, 33, 278, 3, 33, 108, 4462 }, // U+1EC4
    { 16, 29, 282, 1, 28, 116, 4570 }, // U+1EC5
    { 13, 36, 278, 3, 30, 117, 4686 }, // U+1EC6
    { 16, 30, 282, 1, 24, 120, 4803 }, // U+1EC7
    { 9, 31, 170, 1, 31, 70, 4923 }, // U+1EC8
    { 7, 26, 129, 1, 26, 46, 4993 }, // U+1EC9
    { 9, 29, 170, 1, 23, 66, 5039 }, // U+1ECA
    { 4, 30, 129, 2, 24, 30, 5105 }, // U+1ECB
    { 22, 29, 391, 1, 23, 160, 5135 }, // U+1ECC
    { 17, 24, 303, 1, 18, 102, 5295 }, // U+1ECD
    { 22, 32, 391, 1, 31, 176, 5397 }, // U+1ECE
    { 17, 27, 303, 1, 26, 115, 5573 }, // U+1ECF
    { 22, 32, 391, 1, 31, 176, 5688 }, // U+1ED0
    { 17, 27, 303, 1, 26, 115, 5864 }, // U+1ED1
    { 22, 32, 391, 1, 31, 176, 5979 }, // U+1ED2
    { 17, 27, 303, 1, 26, 115, 6155 }, // U+1ED3
    { 22, 34, 391, 1, 33, 187, 6270 }, // U+1ED4
    { 17, 29, 303, 1, 28, 124, 6457 }, // U+1ED5
    { 22, 34, 391, 1, 33, 187, 6581 }, // U+1ED6
    { 17, 29, 303, 1, 28, 124, 6768 }, // U+1ED7
    { 22, 36, 391, 1, 30, 198, 6892 }, // U+1ED8
    { 17, 30, 303, 1, 24, 128, 7090 }, // U+1ED9
    { 25, 31, 392, 1, 30, 194, 7218 }, // U+1EDA
    { 20, 25, 308, 1, 24, 125, 7412 }, // U+1EDB
    { 25, 31, 392, 1, 30, 194, 7537 }, // U+1EDC
    { 20, 25, 308, 1, 24, 125, 7731 }, // U+1EDD
    { 25, 33, 392, 1, 32, 207, 7856 }, // U+1EDE
    { 20, 27, 308, 1, 26, 135, 8063 }, // U+1EDF
    { 25, 30, 392, 1, 29, 188, 8198 }, // U+1EE0
    { 20, 24, 308, 1, 23, 120, 8386 }, // U+1EE1
    { 25, 30, 392, 1, 24, 188, 8506 }, // U+1EE2
    { 20, 26, 308, 1, 20, 130, 8694 }, // U+1EE3
    { 18, 29, 366, 2, 23, 131, 8824 }, // U+1EE4
    { 15, 23, 309, 2, 17, 87, 8955 }, // U+1EE5
    { 18, 32, 366, 2, 31, 144, 9042 }, // U+1EE6
    { 15, 27, 309, 2, 26, 102, 9186 }, // U+1EE7
    { 24, 31, 390, 2, 30, 186, 9288 }, // U+1EE8
    { 21, 25, 337, 2, 24, 132, 9474 }, // U+1EE9
    { 24, 31, 390, 2, 30, 186, 9606 }, // U+1EEA
    { 21, 25, 337, 2, 24, 132, 9792 }, // U+1EEB
    { 24, 32, 390, 2, 31, 192, 9924 }, // U+1EEC
    { 21, 27, 337, 2, 26, 142, 10116 }, // U+1EED
    { 24, 30, 390, 2, 29, 180, 10258 }, // U+1EEE
    { 21, 24, 337, 2, 23, 126, 10438 }, // U+1EEF
    { 24, 30, 390, 2, 24, 180, 10564 }, // U+1EF0
    { 21, 26, 337, 2, 20, 137, 10744 }, // U+1EF1
    { 18, 30, 283, 0, 30, 135, 10881 }, // U+1EF2
    { 16, 32, 255, 0, 24, 128, 11016 }, // U+1EF3
    { 18, 29, 283, 0, 23, 131, 11144 }, // U+1EF4
    { 16, 25, 255, 0, 17, 100, 11275 }, // U+1EF5
    { 18, 31, 283, 0, 31, 140, 11375 }, // U+1EF6
    { 16, 34, 255, 0, 26, 136, 11515 }, // U+1EF7
    { 18, 29, 283, 0, 29, 131, 11651 }, // U+1EF8
    { 16, 31, 255, 0, 23, 124, 11782 }, // U+1EF9
    { 0, 0, 250, 0, 0, 0, 0 }, // U+2000
    { 0, 0, 500, 0, 0, 0, 0 }, // U+2001
    { 0, 0, 250, 0, 0, 0, 0 }, // U+2002
    { 0, 0, 500, 0, 0, 0, 0 }, // U+2003
    { 0, 0, 167, 0, 0, 0, 0 }, // U+2004
    { 0, 0, 125, 0, 0, 0, 0 }, // U+2005
    { 0, 0, 84, 0, 0, 0, 0 }, // U+2006
    { 0, 0, 286, 0, 0, 0, 0 }, // U+2007
    { 0, 0, 134, 0, 0, 0, 0 }, // U+2008
    { 0, 0, 83, 0, 0, 0, 0 }, // U+2009
    { 0, 0, 50, 0, 0, 0, 0 }, // U+200A
    { 0, 0, 0, 0, 0, 0, 0 }, // U+200B
    { 0, 0, 0, 0, 0, 0, 0 }, // U+200C
    { 0, 0, 0, 0, 0, 0, 0 }, // U+200D
    { 8, 27, 0, -1, 22, 54, 0 }, // U+200E
    { 8, 27, 0, -7, 22, 54, 54 }, // U+200F
    { 8, 3, 161, 1, 10, 6, 108 }, // U+2010
    { 8, 3, 161, 1, 10, 6, 114 }, // U+2011
    { 16, 3, 286, 1, 13, 12, 120 }, // U+2012
    { 14, 3, 250, 1, 10, 11, 132 }, // U+2013
    { 29, 3, 500, 1, 10, 22, 143 }, // U+2014
    { 29, 3, 500, 1, 10, 22, 165 }, // U+2015
    { 10, 32, 276, 4, 24, 80, 187 }, // U+2016
    { 14, 7, 206, -1, 0, 25, 267 }, // U+2017
    { 6, 9, 88, 0, 23, 14, 292 }, // U+2018
    { 6, 9, 88, 0, 23, 14, 306 }, // U+2019
    { 6, 9, 125, 0, 4, 14, 320 }, // U+201A
    { 6, 9, 88, 0, 23, 14, 334 }, // U+201B
    { 11, 9, 180, 0, 23, 25, 348 }, // U+201C
    { 11, 9, 180, 0, 23, 25, 373 }, // U+201D
    { 12, 9, 208, 0, 4, 27, 398 }, // U+201E
    { 11, 9, 180, 0, 23, 25, 425 }, // U+201F
    { 12, 24, 256, 2, 24, 72, 450 }, // U+2020
    { 14, 24, 256, 1, 24, 84, 522 }, // U+2021
    { 8, 9, 188, 2, 16, 18, 606 }, // U+2022
    { 9, 10, 184, 2, 17, 23, 624 }, // U+2023
    { 5, 5, 250, 5, 4, 7, 647 }, // U+2024
    { 13, 5, 268, 2, 4, 17, 654 }, // U+2025
    { 21, 5, 396, 2, 4, 27, 671 }, // U+2026
    { 5, 5, 134, 2, 10, 7, 698 }, // U+2027
    { 0, 0, 300, 0, 0, 0, 705 }, // U+2028
    { 0, 0, 300, 0, 0, 0, 705 }, // U+2029
    { 8, 24, 0, -1, 19, 48, 705 }, // U+202A
    { 8, 24, 0, -7, 19, 48, 753 }, // U+202B
    { 8, 27, 0, -4, 22, 54, 801 }, // U+202C
    { 8, 27, 0, -4, 22, 54, 855 }, // U+202D
    { 8, 27, 0, -4, 22, 54, 909 }, // U+202E
    { 0, 0, 83, 0, 0, 0, 963 }, // U+202F
    { 35, 24, 589, 1, 23, 210, 963 }, // U+2030
    { 46, 24, 772, 1, 23, 276, 1173 }, // U+2031
    { 8, 9, 116, 1, 23, 18, 1449 }, // U+2032
    { 13, 9, 204, 1, 23, 30, 1467 }, // U+2033
    { 19, 9, 292, 1, 23, 43, 1497 }, // U+2034
    { 8, 9, 116, -1, 23, 18, 1540 }, // U+2035
    { 13, 9, 220, -1, 23, 30, 1558 }, // U+2036
    { 18, 9, 301, -1, 23, 41, 1588 }, // U+2037
    { 12, 11, 200, 0, 3, 33, 1629 }, // U+2038
    { 8, 14, 155, 1, 15, 28, 1662 }, // U+2039
    { 8, 14, 155, 1, 15, 28, 1690 }, // U+203A
    { 24, 24, 419, 1, 23, 144, 1718 }, // U+203B
    { 12, 24, 250, 2, 23, 72, 1862 }, // U+203C
    { 13, 24, 222, 0, 23, 78, 1934 }, // U+203D
    { 17, 3, 250, -1, 26, 13, 2012 }, // U+203E
    { 19, 8, 305, 0, 0, 38, 2025 }, // U+203F
    { 19, 7, 305, 0, 25, 34, 2063 }, // U+2040
    { 12, 21, 187, 0, 13, 63, 2097 }, // U+2041
    { 35, 29, 559, 0, 24, 254, 2160 }, // U+2042
    { 8, 3, 161, 1, 10, 6, 2414 }, // U+2043
    { 16, 23, 65, -6, 23, 92, 2420 }, // U+2044
    { 8, 28, 162, 2, 23, 56, 2512 }, // U+2045
    { 8, 28, 162, 0, 23, 56, 2568 }, // U+2046
    { 26, 24, 428, 0, 23, 156, 2624 }, // U+2047
    { 19, 24, 340, 0, 23, 114, 2780 }, // U+2048
    { 19, 24, 341, 2, 23, 114, 2894 }, // U+2049
    { 16, 17, 286, 1, 17, 68, 3008 }, // U+204A
    { 17, 28, 328, 2, 24, 119, 3076 }, // U+204B
    { 17, 16, 320, 1, 17, 68, 3195 }, // U+204C
    { 17, 16, 320, 2, 17, 68, 3263 }, // U+204D
    { 15, 15, 276, 1, 8, 57, 3331 }, // U+204E
    { 6, 23, 119, 1, 18, 35, 3388 }, // U+204F
    { 19, 33, 303, 0, 25, 157, 3423 }, // U+2050
    { 15, 31, 276, 1, 24, 117, 3580 }, // U+2051
    { 12, 24, 186, 0, 23, 72, 3697 }, // U+2052
    { 27, 6, 500, 2, 12, 41, 3769 }, // U+2053
    { 19, 8, 303, 0, 0, 38, 3810 }, // U+2054
    { 17, 17, 286, 0, 16, 73, 3848 }, // U+2055
    { 14, 24, 259, 1, 23, 84, 3921 }, // U+2056
    { 23, 9, 371, 1, 23, 52, 4005 }, // U+2057
    { 24, 24, 411, 1, 23, 144, 4057 }, // U+2058
    { 24, 24, 415, 1, 23, 144, 4201 }, // U+2059
    { 5, 24, 111, 1, 23, 30, 4345 }, // U+205A
    { 18, 25, 327, 1, 24, 113, 4375 }, // U+205B
    { 23, 24, 398, 1, 23, 138, 4488 }, // U+205C
    { 5, 23, 134, 2, 22, 29, 4626 }, // U+205D
    { 5, 24, 134, 2, 23, 30, 4655 }, // U+205E
    { 0, 0, 111, 0, 0, 0, 4685 }, // U+205F
    { 0, 0, 300, 0, 0, 0, 4685 }, // U+2060
    { 0, 0, 300, 0, 0, 0, 4685 }, // U+2061
    { 0, 0, 300, 0, 0, 0, 4685 }, // U+2062
    { 0, 0, 300, 0, 0, 0, 4685 }, // U+2063
    { 0, 0, 300, 0, 0, 0, 4685 }, // U+2064
    { 0, 0, 0, 0, 0, 0, 4685 }, // U+2066
    { 0, 0, 0, 0, 0, 0, 4685 }, // U+2067
    { 0, 0, 0, 0, 0, 0, 4685 }, // U+2068
    { 0, 0, 0, 0, 0, 0, 4685 }, // U+2069
    { 8, 27, 0, -4, 22, 54, 4685 }, // U+206A
    { 8, 27, 0, -4, 22, 54, 4739 }, // U+206B
    { 8, 27, 0, -4, 22, 54, 4793 }, // U+206C
    { 8, 27, 0, -4, 22, 54, 4847 }, // U+206D
    { 8, 27, 0, -4, 22, 54, 4901 }, // U+206E
    { 8, 27, 0, -4, 22, 54, 4955 }, // U+206F
    { 11, 15, 175, 0, 27, 42, 0 }, // U+2070
    { 3, 15, 84, 1, 23, 12, 42 }, // U+2071
    { 11, 14, 175, 0, 27, 39, 54 }, // U+2074
    { 10, 15, 175, 0, 27, 38, 93 }, // U+2075
    { 11, 15, 175, 0, 27, 42, 131 }, // U+2076
    { 11, 14, 175, 0, 27, 39, 173 }, // U+2077
    { 11, 15, 175, 0, 27, 42, 212 }, // U+2078
    { 11, 15, 175, 0, 27, 42, 254 }, // U+2079
    { 9, 9, 169, 1, 23, 21, 296 }, // U+207A
    { 9, 3, 169, 1, 20, 7, 317 }, // U+207B
    { 9, 6, 169, 1, 22, 14, 324 }, // U+207C
    { 6, 18, 113, 1, 29, 27, 338 }, // U+207D
    { 6, 18, 113, 0, 29, 27, 365 }, // U+207E
    { 10, 12, 201, 1, 20, 30, 392 }, // U+207F
    { 11, 15, 175, 0, 10, 42, 422 }, // U+2080
    { 7, 14, 175, 1, 10, 25, 464 }, // U+2081
    { 10, 14, 175, 0, 10, 35, 489 }, // U+2082
    { 11, 15, 175, 0, 10, 42, 524 }, // U+2083
    { 11, 14, 175, 0, 10, 39, 566 }, // U+2084
    { 10, 15, 175, 0, 10, 38, 605 }, // U+2085
    { 11, 15, 175, 0, 10, 42, 643 }, // U+2086
    { 11, 14, 175, 0, 10, 39, 685 }, // U+2087
    { 11, 15, 175, 0, 10, 42, 724 }, // U+2088
    { 11, 15, 175, 0, 10, 42, 766 }, // U+2089
    { 9, 9, 169, 1, 6, 21, 808 }, // U+208A
    { 9, 3, 169, 1, 3, 7, 829 }, // U+208B
    { 9, 6, 169, 1, 5, 14, 836 }, // U+208C
    { 6, 18, 113, 1, 12, 27, 850 }, // U+208D
    { 6, 18, 113, 0, 12, 27, 877 }, // U+208E
    { 10, 12, 183, 0, 8, 30, 904 }, // U+2090
    { 10, 12, 184, 1, 8, 30, 934 }, // U+2091
    { 11, 12, 197, 1, 8, 33, 964 }, // U+2092
    { 11, 11, 172, 0, 8, 31, 997 }, // U+2093
    { 10, 12, 184, 1, 8, 30, 1028 }, // U+2094
    { 10, 15, 201, 1, 12, 38, 1058 }, // U+2095
    { 10, 15, 174, 1, 12, 38, 1096 }, // U+2096
    { 3, 15, 84, 1, 12, 12, 1134 }, // U+2097
    { 17, 11, 304, 1, 8, 47, 1146 }, // U+2098
    { 10, 11, 201, 1, 8, 28, 1193 }, // U+2099
    { 11, 16, 200, 1, 8, 44, 1221 }, // U+209A
    { 8, 12, 156, 1, 8, 24, 1265 }, // U+209B
    { 7, 14, 118, 0, 10, 25, 1289 }, // U+209C
    { 16, 23, 286, 1, 23, 92, 0 }, // U+20A0
    { 17, 26, 286, 1, 24, 111, 92 }, // U+20A1
    { 16, 24, 286, 1, 23, 96, 203 }, // U+20A2
    { 16, 23, 286, 1, 23, 92, 299 }, // U+20A3
    { 16, 23, 286, 1, 23, 92, 391 }, // U+20A4
    { 25, 25, 468, 2, 21, 157, 483 }, // U+20A5
    { 18, 23, 286, 0, 23, 104, 640 }, // U+20A6
    { 22, 24, 388, 2, 23, 132, 744 }, // U+20A7
    { 23, 24, 417, 2, 23, 138, 876 }, // U+20A8
    { 21, 23, 335, 0, 23, 121, 1014 }, // U+20A9
    { 21, 23, 400, 2, 23, 121, 1135 }, // U+20AA
    { 18, 29, 309, 1, 24, 131, 1256 }, // U+20AB
    { 18, 24, 286, 0, 23, 108, 1387 }, // U+20AC
    { 18, 23, 286, 0, 23, 104, 1495 }, // U+20AD
    { 18, 23, 286, 0, 23, 104, 1599 }, // U+20AE
    { 30, 31, 485, 0, 23, 233, 1703 }, // U+20AF
    { 17, 31, 286, 0, 23, 132, 1936 }, // U+20B0
    { 18, 23, 286, 0, 23, 104, 2068 }, // U+20B1
    { 20, 27, 364, 1, 24, 135, 2172 }, // U+20B2
    { 19, 23, 304, 0, 23, 110, 2307 }, // U+20B3
    { 17, 24, 275, 0, 23, 102, 2417 }, // U+20B4
    { 18, 27, 316, 1, 24, 122, 2519 }, // U+20B5
    { 19, 22, 311, 0, 21, 105, 2641 }, // U+20B6
    { 22, 26, 363, 0, 23, 143, 2746 }, // U+20B7
    { 17, 23, 273, 0, 23, 98, 2889 }, // U+20B8
    { 14, 23, 286, 2, 23, 81, 2987 }, // U+20B9
    { 17, 24, 286, 0, 23, 102, 3068 }, // U+20BA
    { 24, 24, 391, 0, 23, 144, 3170 }, // U+20BB
    { 23, 23, 405, 1, 23, 133, 3314 }, // U+20BC
    { 17, 23, 291, 0, 23, 98, 3447 }, // U+20BD
    { 21, 25, 386, 2, 25, 132, 3545 }, // U+20BE
    { 14, 30, 286, 3, 26, 105, 3677 }, // U+20BF
    { 13, 23, 247, 1, 18, 75, 3782 }, // U+20C0
    { 16, 4, 286, 1, 13, 16, 0 }, // U+2212
    { 23, 24, 344, 0, 24, 138, 0 }, // U+FB00
    { 17, 24, 301, 0, 24, 102, 138 }, // U+FB01
    { 17, 24, 301, 0, 24, 102, 240 }, // U+FB02
    { 28, 24, 473, 0, 24, 168, 342 }, // U+FB03
    { 27, 24, 473, 0, 24, 162, 510 }, // U+FB04
    { 19, 25, 337, 2, 24, 119, 672 }, // U+FB05
    { 25, 25, 420, 1, 24, 157, 791 }, // U+FB06
    { 29, 29, 500, 1, 24, 211, 0 }, // U+FFFD
};

static const EpdUnicodeInterval notosans_15_regularIntervals[] = {
    { 0x0, 0x0, 0x0 },
    { 0xD, 0xD, 0x1 },
    { 0x20, 0x7E, 0x2 },
    { 0xA0, 0x17F, 0x61 },
    { 0x1A0, 0x1A1, 0x141 },
    { 0x1AF, 0x1B0, 0x143 },
    { 0x1C4, 0x21F, 0x145 },
    { 0x300, 0x36F, 0x1A1 },
    { 0x400, 0x4FF, 0x211 },
    { 0x1EA0, 0x1EF9, 0x311 },
    { 0x2000, 0x2064, 0x36B },
    { 0x2066, 0x2071, 0x3D0 },
    { 0x2074, 0x208E, 0x3DC },
    { 0x2090, 0x209C, 0x3F7 },
    { 0x20A0, 0x20C0, 0x404 },
    { 0x2212, 0x2212, 0x425 },
    { 0xFB00, 0xFB06, 0x426 },
    { 0xFFFD, 0xFFFD, 0x42D },
};

static const EpdFontGroup notosans_15_regularGroups[] = {
    { 0, 3275, 7976, 97, 0 },
    { 3275, 2835, 9776, 96, 97 },
    { 6110, 3443, 15004, 128, 193 },
    { 9553, 3424, 13479, 96, 321 },
    { 12977, 1232, 2148, 112, 417 },
    { 14209, 9030, 31018, 256, 529 },
    { 23239, 2122, 12836, 90, 785 },
    { 25361, 2106, 5350, 111, 875 },
    { 27467, 610, 1506, 42, 986 },
    { 28077, 1975, 4226, 33, 1028 },
    { 30052, 12, 16, 1, 1061 },
    { 30064, 300, 1020, 7, 1062 },
    { 30364, 124, 232, 1, 1069 },
};

static const uint16_t notosans_15_regularKernLeftCodepoints[] = {
    0x0022, 0x0026, 0x0027, 0x0028, 0x002C, 0x002D, 0x002E, 0x003A, 0x0041, 0x0042, 0x0043, 0x0044,
    0x0045, 0x0046, 0x004B, 0x004C, 0x004F, 0x0050, 0x0051, 0x0052, 0x0054, 0x0055, 0x0056, 0x0057,
    0x0058, 0x0059, 0x005A, 0x005B, 0x005F, 0x0061, 0x0062, 0x0063, 0x0065, 0x0066, 0x0068, 0x006D,
    0x006E, 0x006F, 0x0070, 0x0072, 0x0074, 0x0076, 0x0077, 0x0078, 0x0079, 0x007B, 0x00A1, 0x00AB,
    0x00BB, 0x00BF, 0x00C0, 0x00C1, 0x00C2, 0x00C3, 0x00C4, 0x00C5, 0x00C6, 0x00C7, 0x00C8, 0x00C9,
    0x00CA, 0x00CB, 0x00D0, 0x00D2, 0x00D3, 0x00D4, 0x00D5, 0x00D6, 0x00D8, 0x00D9, 0x00DA, 0x00DB,
    0x00DC, 0x00DD, 0x00DE, 0x00E0, 0x00E1, 0x00E2, 0x00E3, 0x00E4, 0x00E5, 0x00E6, 0x00E8, 0x00E9,
    0x00EA, 0x00EB, 0x00EE, 0x00EF, 0x00F0, 0x00F2, 0x00F3, 0x00F4, 0x00F5, 0x00F6, 0x00F8, 0x00FD,
    0x00FE, 0x00FF, 0x0100, 0x0101, 0x0102, 0x0103, 0x0104, 0x0105, 0x0106, 0x0108, 0x010A, 0x010C,
    0x010E, 0x010F, 0x0110, 0x0112, 0x0113, 0x0114, 0x0115, 0x0116, 0x0117, 0x0118, 0x0119, 0x011A,
    0x011B, 0x0125, 0x0129, 0x012B, 0x012E, 0x0136, 0x0138, 0x0139, 0x013B, 0x013D, 0x013E, 0x013F,
    0x0141, 0x0144, 0x0146, 0x0149, 0x014B, 0x014C, 0x014D, 0x014E, 0x014F, 0x0150, 0x0151, 0x0152,
    0x0153, 0x0155, 0x0157, 0x0159, 0x0162, 0x0163, 0x0164, 0x0165, 0x0166, 0x0167, 0x0168, 0x016A,
    0x016C, 0x016E, 0x0170, 0x0172, 0x0174, 0x0175, 0x0176, 0x0177, 0x0178, 0x0179, 0x017B, 0x017D,
    0x01A0, 0x01A1, 0x01AF, 0x01B0, 0x01FA, 0x01FB, 0x01FC, 0x01FD, 0x01FE, 0x020B, 0x021A, 0x021B,
    0x0400, 0x0401, 0x0402, 0x0403, 0x0404, 0x0405, 0x0409, 0x040A, 0x040B, 0x040C, 0x040E, 0x0410,
    0x0411, 0x0412, 0x0413, 0x0414, 0x0415, 0x0416, 0x0417, 0x041A, 0x041E, 0x0420, 0x0421, 0x0422,
    0x0423, 0x0424, 0x0425, 0x0426, 0x0429, 0x042A, 0x042C, 0x042D, 0x042E, 0x0430, 0x0431, 0x0432,
    0x0433, 0x0434, 0x0435, 0x0436, 0x0437, 0x0438, 0x0439, 0x043A, 0x043B, 0x043C, 0x043D, 0x043E,
    0x043F, 0x0440, 0x0441, 0x0442, 0x0443, 0x0444, 0x0445, 0x0446, 0x0447, 0x0448, 0x0449, 0x044A,
    0x044B, 0x044C, 0x044D, 0x044E, 0x044F, 0x0450, 0x0451, 0x0452, 0x0453, 0x0454, 0x0455, 0x0457,
    0x0458, 0x0459, 0x045A, 0x045B, 0x045C, 0x045D, 0x045E, 0x045F, 0x0460, 0x0461, 0x0462, 0x0463,
    0x0464, 0x0465, 0x0466, 0x0467, 0x0468, 0x0469, 0x046E, 0x0471, 0x0472, 0x0473, 0x0474, 0x0475,
    0x0476, 0x0477, 0x0478, 0x0479, 0x047A, 0x047B, 0x047C, 0x047D, 0x047E, 0x047F, 0x0480, 0x048A,
    0x048B, 0x048C, 0x048D, 0x048E, 0x048F, 0x0490, 0x0491, 0x0492, 0x0493, 0x0496, 0x0497, 0x0498,
    0x0499, 0x049A, 0x049B, 0x049C, 0x049D, 0x049E, 0x049F, 0x04A0, 0x04A1, 0x04A2, 0x04A3, 0x04A4,
    0x04A5, 0x04A9, 0x04AA, 0x04AB, 0x04AC, 0x04AD, 0x04AE, 0x04AF, 0x04B0, 0x04B1, 0x04B2, 0x04B3,
    0x04B4, 0x04B5, 0x04B6, 0x04B7, 0x04BC, 0x04BD, 0x04BE, 0x04BF, 0x04C1, 0x04C2, 0x04C5, 0x04C6,
    0x04C9, 0x04CA, 0x04CD, 0x04CE, 0x04D0, 0x04D1, 0x04D2, 0x04D3, 0x04D4, 0x04D5, 0x04D6, 0x04D7,
    0x04D8, 0x04D9, 0x04DA, 0x04DB, 0x04DC, 0x04DD, 0x04DE, 0x04DF, 0x04E3, 0x04E5, 0x04E6, 0x04E7,
    0x04E8, 0x04E9, 0x04EA, 0x04EB, 0x04EC, 0x04ED, 0x04EE, 0x04EF, 0x04F0, 0x04F1, 0x04F2, 0x04F3,
    0x04F5, 0x04F6, 0x04F7, 0x04F9, 0x04FA, 0x04FB, 0x04FC, 0x04FD, 0x04FE, 0x04FF, 0x1EA0, 0x1EA1,
    0x1EA2, 0x1EA3, 0x1EA4, 0x1EA5, 0x1EA6, 0x1EA7, 0x1EA8, 0x1EA9, 0x1EAA, 0x1EAB, 0x1EAC, 0x1EAD,
    0x1EAE, 0x1EAF, 0x1EB0, 0x1EB1, 0x1EB2, 0x1EB3, 0x1EB4, 0x1EB5, 0x1EB6, 0x1EB7, 0x1EB8, 0x1EB9,
    0x1EBA, 0x1EBB, 0x1EBC, 0x1EBD, 0x1EBE, 0x1EBF, 0x1EC0, 0x1EC1, 0x1EC2, 0x1EC3, 0x1EC4, 0x1EC5,
    0x1EC6, 0x1EC7, 0x1ECC, 0x1ECD, 0x1ECE, 0x1ECF, 0x1ED0, 0x1ED1, 0x1ED2, 0x1ED3, 0x1ED4, 0x1ED5,
    0x1ED6, 0x1ED7, 0x1ED8, 0x1ED9, 0x1EDA, 0x1EDB, 0x1EDC, 0x1EDD, 0x1EDE, 0x1EDF, 0x1EE0, 0x1EE1,
    0x1EE2, 0x1EE3, 0x1EE4, 0x1EE6, 0x1EE8, 0x1EE9, 0x1EEA, 0x1EEB, 0x1EEC, 0x1EED, 0x1EEE, 0x1EEF,
    0x1EF0, 0x1EF1, 0x1EF2, 0x1EF3, 0x1EF4, 0x1EF5, 0x1EF6, 0x1EF7, 0x1EF8, 0x1EF9, 0x2013, 0x2014,
    0x2015, 0x2018, 0x2019, 0x201A, 0x201C, 0x201D, 0x201E, 0x2039, 0x203A, 0xFB00,
};

static const uint8_t notosans_15_regularKernLeftClassIds[] = {
      1,   2,   1,   3,   4,   5,   4,   6,   7,   8,   9,  10,  11,  12,   9,  13,
     10,  14,  10,  15,  16,  17,  18,  18,   9,  19,  20,   3,  21,  22,  23,  24,
     23,  25,  22,  22,  22,  23,  23,  26,  24,  27,  27,  28,  27,   3,  29,  30,
     31,  32,   7,   7,   7,   7,   7,   7,  11,   9,  11,  11,  11,  11,  10,  10,
     10,  10,  10,  10,  10,  17,  17,  17,  17,  19,  14,  22,  22,  22,  22,  22,
     22,  23,  23,  23,  23,  23,  33,  33,  23,  23,  23,  23,  23,  23,  23,  27,
     23,  27,   7,  22,   7,  22,  34,  22,   9,   9,   9,   9,  10,  35,  10,  11,
     23,  11,  23,  11,  23,  11,  23,  11,  23,  22,  36,  33,  37,   9,  28,  13,
     13,  13,  35,  13,  13,  22,  22,  22,  22,  10,  23,  10,  23,  10,  23,  11,
     23,  26,  26,  26,  16,  24,  16,  38,  16,  24,  17,  17,  17,  17,  17,  17,
     18,  27,  19,  27,  19,  20,  20,  20,  39,  40,  41,  42,   7,  22,  11,  23,
     10,  33,  16,  24,  43,  43,  44,  45,  46,  47,  48,  48,  44,  49,  50,  51,
     52,  53,  45,  54,  43,  49,  53,  49,  55,  56,  46,  45,  50,  57,  49,  54,
     54,  48,  48,  55,  55,  58,  59,  60,  61,  62,  63,  64,  60,  65,  65,  64,
     65,  65,  65,  63,  65,  63,  66,  61,  67,  63,  64,  62,  65,  65,  62,  68,
     65,  68,  63,  63,  65,  63,  63,  69,  61,  66,  70,  71,  72,  68,  68,  73,
     64,  65,  67,  65,  55,  74,  75,  68,  46,  66,  51,  76,  51,  76,  77,  63,
     55,  63,  50,  74,  50,  74,  67,  67,  55,  63,  55,  63,  55,  74,  46,  54,
     62,  75,  68,  56,  63,  78,  79,  80,  81,  82,  83,  77,  60,  82,  83,  49,
     64,  49,  64,  49,  64,  54,  62,  80,  79,  63,  46,  66,  78,  79,  84,  85,
     84,  85,  82,  83,  54,  62,  54,  62,  86,  87,  86,  87,  49,  64,  54,  62,
     54,  62,  54,  62,  51,  58,  51,  58,  43,  87,  43,  87,  55,  63,  55,  63,
     49,  64,  77,  60,  65,  65,  55,  63,  55,  63,  55,  63,  55,  63,  50,  67,
     50,  67,  50,  67,  65,  78,  79,  65,  80,  81,  82,  83,  49,  83,   7,  22,
      7,  22,   7,  22,   7,  22,   7,  22,   7,  22,   7,  22,   7,  22,   7,  22,
      7,  22,   7,  22,   7,  22,  11,  23,  11,  23,  11,  23,  11,  23,  11,  23,
     11,  23,  11,  23,  11,  23,  10,  23,  10,  23,  10,  23,  10,  23,  10,  23,
     10,  23,  10,  23,  39,  40,  39,  40,  39,  40,  39,  40,  39,  40,  17,  17,
     41,  42,  41,  42,  41,  42,  41,  42,  41,  42,  19,  27,  19,  27,  19,  27,
     19,  27,   5,   5,   5,   1,   1,   4,   1,   1,   4,  30,  31,  25,
};

static const uint16_t notosans_15_regularKernRightCodepoints[] = {
    0x0021, 0x0022, 0x0026, 0x0027, 0x0029, 0x002C, 0x002D, 0x002E, 0x003A, 0x003B, 0x003F, 0x0041,
    0x0043, 0x0047, 0x0049, 0x004A, 0x004F, 0x0051, 0x0054, 0x0055, 0x0056, 0x0057, 0x0058, 0x0059,
    0x005A, 0x005D, 0x0061, 0x0062, 0x0063, 0x0064, 0x0065, 0x0066, 0x0067, 0x0068, 0x006A, 0x006B,
    0x006C, 0x006D, 0x006E, 0x006F, 0x0070, 0x0071, 0x0072, 0x0073, 0x0074, 0x0075, 0x0076, 0x0077,
    0x0078, 0x0079, 0x007A, 0x007D, 0x00AB, 0x00BB, 0x00C0, 0x00C1, 0x00C2, 0x00C3, 0x00C4, 0x00C5,
    0x00C6, 0x00C7, 0x00D2, 0x00D3, 0x00D4, 0x00D5, 0x00D6, 0x00D8, 0x00D9, 0x00DA, 0x00DB, 0x00DC,
    0x00DD, 0x00E0, 0x00E1, 0x00E2, 0x00E3, 0x00E4, 0x00E5, 0x00E6, 0x00E7, 0x00E8, 0x00E9, 0x00EA,
    0x00EB, 0x00F2, 0x00F3, 0x00F4, 0x00F5, 0x00F6, 0x00F8, 0x00F9, 0x00FA, 0x00FB, 0x00FC, 0x00FD,
    0x00FE, 0x00FF, 0x0100, 0x0101, 0x0102, 0x0103, 0x0104, 0x0105, 0x0106, 0x0107, 0x0108, 0x0109,
    0x010A, 0x010B, 0x010C, 0x010D, 0x010F, 0x0111, 0x0113, 0x0115, 0x0117, 0x0119, 0x011B, 0x011C,
    0x011D, 0x011E, 0x011F, 0x0120, 0x0121, 0x0122, 0x0123, 0x0125, 0x0127, 0x0129, 0x0137, 0x0138,
    0x013A, 0x013C, 0x013E, 0x0140, 0x0144, 0x0146, 0x014B, 0x014C, 0x014D, 0x014E, 0x014F, 0x0150,
    0x0151, 0x0152, 0x0153, 0x0155, 0x0157, 0x015B, 0x015F, 0x0162, 0x0163, 0x0164, 0x0165, 0x0166,
    0x0167, 0x0168, 0x0169, 0x016A, 0x016B, 0x016C, 0x016D, 0x016E, 0x016F, 0x0170, 0x0171, 0x0172,
    0x0173, 0x0174, 0x0175, 0x0176, 0x0177, 0x0178, 0x0179, 0x017A, 0x017B, 0x017C, 0x017D, 0x017E,
    0x01A0, 0x01A1, 0x01AF, 0x01B0, 0x01FA, 0x01FB, 0x01FC, 0x01FD, 0x01FE, 0x01FF, 0x0219, 0x021A,
    0x021B, 0x0402, 0x0404, 0x0405, 0x0408, 0x0409, 0x040B, 0x040E, 0x0410, 0x0414, 0x0416, 0x0417,
    0x041B, 0x041E, 0x0421, 0x0422, 0x0423, 0x0424, 0x0425, 0x0427, 0x042A, 0x042D, 0x042F, 0x0430,
    0x0431, 0x0432, 0x0433, 0x0434, 0x0435, 0x0436, 0x0437, 0x0438, 0x0439, 0x043A, 0x043B, 0x043C,
    0x043D, 0x043E, 0x043F, 0x0440, 0x0441, 0x0442, 0x0443, 0x0444, 0x0445, 0x0446, 0x0447, 0x0448,
    0x0449, 0x044A, 0x044B, 0x044C, 0x044D, 0x044E, 0x044F, 0x0450, 0x0451, 0x0452, 0x0453, 0x0454,
    0x0455, 0x0457, 0x0458, 0x0459, 0x045A, 0x045B, 0x045C, 0x045D, 0x045E, 0x045F, 0x0460, 0x0461,
    0x0462, 0x0465, 0x0466, 0x0467, 0x0469, 0x046D, 0x046E, 0x0470, 0x0472, 0x0473, 0x0474, 0x0475,
    0x0476, 0x0477, 0x0478, 0x0479, 0x047A, 0x047B, 0x047C, 0x047D, 0x047E, 0x047F, 0x0480, 0x0481,
    0x048B, 0x048C, 0x048D, 0x048F, 0x0491, 0x0492, 0x0495, 0x0496, 0x0497, 0x0498, 0x0499, 0x049B,
    0x049D, 0x049F, 0x04A0, 0x04A1, 0x04A3, 0x04A5, 0x04A7, 0x04A8, 0x04A9, 0x04AA, 0x04AB, 0x04AC,
    0x04AD, 0x04AE, 0x04AF, 0x04B0, 0x04B1, 0x04B2, 0x04B3, 0x04B4, 0x04B5, 0x04B6, 0x04B7, 0x04B8,
    0x04B9, 0x04BB, 0x04BC, 0x04BD, 0x04BE, 0x04BF, 0x04C1, 0x04C2, 0x04C4, 0x04C5, 0x04C6, 0x04C8,
    0x04CA, 0x04CB, 0x04CC, 0x04CE, 0x04D0, 0x04D1, 0x04D2, 0x04D3, 0x04D4, 0x04D5, 0x04D7, 0x04D8,
    0x04D9, 0x04DA, 0x04DB, 0x04DC, 0x04DD, 0x04DE, 0x04DF, 0x04E3, 0x04E5, 0x04E6, 0x04E7, 0x04E8,
    0x04E9, 0x04EA, 0x04EB, 0x04EC, 0x04ED, 0x04EE, 0x04EF, 0x04F0, 0x04F1, 0x04F2, 0x04F3, 0x04F4,
    0x04F5, 0x04F7, 0x04F9, 0x04FA, 0x04FC, 0x04FD, 0x04FE, 0x04FF, 0x1EA0, 0x1EA1, 0x1EA2, 0x1EA3,
    0x1EA4, 0x1EA5, 0x1EA6, 0x1EA7, 0x1EA8, 0x1EA9, 0x1EAA, 0x1EAB, 0x1EAC, 0x1EAD, 0x1EAE, 0x1EAF,
    0x1EB0, 0x1EB1, 0x1EB2, 0x1EB3, 0x1EB4, 0x1EB5, 0x1EB6, 0x1EB7, 0x1EB9, 0x1EBB, 0x1EBD, 0x1EBF,
    0x1EC1, 0x1EC3, 0x1EC5, 0x1EC7, 0x1ECC, 0x1ECD, 0x1ECE, 0x1ECF, 0x1ED0, 0x1ED1, 0x1ED2, 0x1ED3,
    0x1ED4, 0x1ED5, 0x1ED6, 0x1ED7, 0x1ED8, 0x1ED9, 0x1EDA, 0x1EDB, 0x1EDC, 0x1EDD, 0x1EDE, 0x1EDF,
    0x1EE0, 0x1EE1, 0x1EE2, 0x1EE3, 0x1EE4, 0x1EE5, 0x1EE6, 0x1EE7, 0x1EE8, 0x1EE9, 0x1EEA, 0x1EEB,
    0x1EEC, 0x1EED, 0x1EEE, 0x1EEF, 0x1EF0, 0x1EF1, 0x1EF2, 0x1EF4, 0x1EF5, 0x1EF6, 0x1EF7, 0x1EF8,
    0x1EF9, 0x2013, 0x2014, 0x2015, 0x2018, 0x2019, 0x201A, 0x201C, 0x201D, 0x201E, 0x2026, 0x2039,
    0x203A, 0xFB00, 0xFB01, 0xFB02, 0xFB03, 0xFB04,
};

static const uint8_t notosans_15_regularKernRightClassIds[] = {
      1,   2,   3,   2,   4,   5,   6,   5,   7,   7,   8,   9,  10,  10,  11,  12,
     10,  10,  13,  14,  15,  15,  16,  17,  18,   4,  19,  20,  21,  21,  21,  22,
     23,  20,  24,  20,  20,  25,  25,  21,  25,  21,  25,  26,  22,  25,  27,  27,
     27,  27,  28,   4,  29,  30,   9,   9,   9,   9,   9,   9,  31,  10,  10,  10,
     10,  10,  10,  10,  14,  14,  14,  14,  17,  21,  19,  19,  19,  19,  19,  19,
     21,  21,  21,  21,  21,  21,  21,  21,  21,  21,  21,  25,  25,  25,  25,  27,
     20,  27,   9,  19,   9,  19,   9,  19,  10,  21,  10,  21,  10,  21,  10,  21,
     21,  21,  21,  21,  21,  21,  21,  10,  23,  10,  23,  10,  23,  10,  23,  20,
     32,  33,  20,  25,  20,  20,  20,  20,  25,  25,  25,  10,  21,  10,  21,  10,
     21,  10,  21,  25,  25,  26,  26,  13,  22,  13,  22,  13,  22,  14,  25,  14,
     25,  14,  25,  14,  25,  14,  25,  14,  25,  15,  27,  17,  27,  17,  18,  28,
     18,  28,  18,  28,  10,  21,  14,  25,   9,  19,  31,  19,  10,  21,  26,  13,
     22,  34,  35,  36,  37,  38,  34,  39,  40,  41,  42,  43,  38,  35,  35,  34,
     39,  44,  42,  45,  34,  43,  46,  47,  48,  49,  49,  50,  51,  52,  53,  49,
     49,  49,  54,  49,  49,  51,  49,  49,  51,  55,  56,  51,  52,  49,  57,  49,
     49,  55,  49,  49,  53,  49,  58,  51,  51,  59,  49,  51,  60,  61,  62,  54,
     49,  59,  49,  49,  56,  49,  63,  64,  65,  66,  40,  50,  66,  66,  43,  45,
     63,  47,  67,  64,  67,  64,  63,  47,  63,  47,  63,  47,  63,  64,  63,  47,
     66,  65,  59,  66,  66,  65,  66,  42,  52,  43,  53,  66,  66,  59,  68,  55,
     66,  66,  66,  63,  47,  63,  47,  34,  55,  69,  70,  69,  70,  42,  52,  68,
     55,  45,  57,  45,  57,  66,  71,  72,  71,  72,  42,  52,  66,  73,  50,  66,
     66,  45,  57,  66,  40,  74,  40,  74,  40,  74,  47,  75,  74,  75,  74,  42,
     52,  43,  53,  49,  49,  63,  47,  63,  47,  63,  47,  43,  53,  39,  56,  39,
     56,  39,  56,  45,  57,  66,  49,  65,  42,  52,  42,  52,   9,  19,   9,  19,
      9,  19,   9,  19,   9,  19,   9,  19,   9,  19,   9,  19,   9,  19,   9,  19,
      9,  19,   9,  19,  21,  21,  21,  21,  21,  21,  21,  21,  10,  21,  10,  21,
     10,  21,  10,  21,  10,  21,  10,  21,  10,  21,  10,  21,  10,  21,  10,  21,
     10,  21,  10,  21,  14,  25,  14,  25,  14,  25,  14,  25,  14,  25,  14,  25,
     14,  25,  17,  17,  27,  17,  27,  17,  27,   6,   6,   6,  76,   2,   5,  76,
      2,   5,   5,  29,  30,  22,  22,  22,  22,  22,
};

static const uint16_t notosans_15_regularKernRowOffsets[] = {
        0,    29,    32,    37,    54,    61,    66,    72,    73,    75,    82,    83,    87,    93,   100,   101,
      117,   119,   130,   143,   145,   146,   147,   150,   151,   154,   159,   162,   163,   167,   173,   182,
      186,   187,   193,   200,   202,   203,   208,   214,   217,   227,   230,   231,   244,   269,   275,   277,
      288,   303,   332,   351,   353,   357,   369,   385,   402,   420,   426,   437,   445,   456,   468,   479,
      491,   493,   497,   509,   527,   533,   537,   541,   543,   548,   550,   557,   565,   568,   593,   600,
      616,   619,   624,   626,   638,   640,   643,   646,
};

static const uint8_t notosans_15_regularKernSparseCols[] = {
      8,  12,  14,  16,  18,  20,  22,  24,  25,  30,  32,  33,  37,  38,  39,  40,
     41,  43,  46,  49,  52,  53,  54,  55,  58,  60,  67,  72,  73,  12,  14,  16,
     11,  23,  36,  43,  61,   9,  12,  13,  14,  16,  33,  36,  38,  43,  44,  54,
     56,  62,  66,  67,  68,  70,  12,  33,  38,  41,  51,  54,  67,  33,  41,  43,
     44,  56,   1,   9,  11,  12,  14,  16,   4,   9,  28,   4,   8,  12,  14,  15,
     16,  17,  11,   3,   4,   7,   8,   1,   9,  12,  13,  14,  16,   2,   4,   8,
     15,  17,  28,  30,  28,   2,   4,   5,   7,   8,   9,  12,  18,  20,  22,  24,
     25,  26,  27,  28,  29,   4,   8,   4,   7,   8,   9,  18,  20,  22,  24,  25,
     28,  29,   2,   4,   7,   8,   9,  18,  20,  22,  24,  25,  27,  28,  29,   9,
     28,  11,   1,   1,  26,  27,   1,   1,   3,   4,   1,   4,  18,  20,  22,   1,
      4,   7,  20,  11,  12,  14,  16,  12,  14,  16,  33,  39,  67,  12,  14,  15,
     16,  33,  38,  41,  44,  67,  11,  12,  14,  16,   3,   1,   9,  11,  12,  14,
     16,   0,   1,   3,   7,  19,  31,  75,   3,  32,  11,   0,   1,   3,   7,  75,
      8,  10,  12,  14,  15,  16,  19,  21,  26,   8,   9,  10,  12,  14,  15,  16,
     18,  20,  22,  19,  21,  26,  36,   1,  33,  38,  44,  54,  55,  56,  64,  66,
     67,  68,  69,  75,   1,   4,   5,   6,  29,  33,  34,  37,  39,  40,  43,  46,
     47,  48,  49,  50,  51,  52,  53,  54,  55,  56,  57,  59,  67,  28,  34,  43,
     56,  62,  70,   4,  43,   1,   4,  33,  38,  44,  51,  54,  55,  57,  67,  75,
      1,   5,   6,  28,  34,  43,  44,  46,  47,  50,  54,  55,  56,  62,  70,   1,
      4,   5,   6,  28,  29,  34,  35,  37,  39,  40,  43,  45,  46,  47,  48,  49,
     50,  51,  52,  53,  56,  57,  58,  59,  62,  70,  71,  72,   1,  29,  33,  34,
     36,  38,  43,  44,  50,  54,  55,  56,  64,  66,  67,  68,  70,  74,  75,  51,
     55,   3,  51,  56,  57,   4,  36,  37,  40,  43,  44,  49,  53,  54,  55,  56,
     61,   4,  33,  37,  38,  39,  40,  41,  42,  49,  51,  53,  57,  66,  67,  68,
     72,   4,   5,   6,  28,  29,  37,  38,  39,  40,  41,  43,  46,  49,  50,  53,
     57,  72,   1,   3,   4,   6,  33,  35,  37,  38,  39,  40,  41,  42,  45,  49,
     51,  53,  57,  67,   1,  33,  38,  51,  54,  55,  33,  38,  39,  41,  45,  49,
     51,  54,  55,  56,  57,   3,  33,  38,  41,  45,  51,  54,  55,   1,   4,   5,
     37,  39,  40,  41,  49,  50,  53,  75,   1,   4,  33,  36,  37,  40,  44,  49,
     53,  54,  56,  61,  33,  38,  39,  41,  45,  49,  51,  54,  55,  56,  57,   5,
     33,  34,  38,  43,  44,  46,  50,  56,  57,  71,  75,  33,  58,   1,  33,  50,
     57,   1,   4,  37,  39,  40,  41,  46,  49,  50,  53,  57,  75,   1,   6,  33,
     38,  39,  41,  43,  44,  45,  51,  54,  55,  56,  57,  63,  69,  71,  75,   1,
     33,  36,  54,  55,  61,  33,  38,  45,  57,   1,  33,  58,  60,  36,  61,   1,
     33,  36,  54,  55,   4,  49,   1,  33,  44,  54,  66,  67,  68,   1,  46,  54,
     55,  56,  63,  69,  71,   4,  66,  68,   4,   5,  28,  29,  33,  34,  37,  39,
     40,  43,  46,  49,  51,  52,  54,  55,  56,  62,  63,  65,  69,  70,  71,  72,
     73,   4,   5,  39,  46,  49,  50,  53,   4,   5,  33,  39,  46,  49,  51,  52,
     56,  58,  62,  65,  67,  70,  71,  72,   4,  46,  49,  54,  56,  62,  70,  71,
     46,  56,   4,  39,  46,  49,  56,  58,  62,  65,  71,  72,  73,  74,   4,  49,
     33,  66,  68,   1,  51,  55,
};

static const int8_t notosans_15_regularKernSparseValues[] = {
     -35,   10,   10,    5,  -20,  -30,  -15,  -15,  -15,  -40,   35,   10,  -15,   10,  -35,  -30,
      10,   -5,  -20,  -35,   10,  -25,   15,   10,   15,   15,   10,  -30,  -10,  -30,  -10,  -15,
      45,   20,   50,  -15,   30,  -25,  -35,  -10,  -30,  -30,  -25,   30,  -10,  -20,  -40,  -20,
     -30,  -25,  -30,  -35,  -30,  -30,  -20,  -20,  -10,   -5,   -5,  -10,  -20,  -15,   -5,   -5,
      -5,   -5,  -35,  -10,   25,  -35,  -20,  -30,   -5,  -10,  -10,  -20,  -10,  -15,   -5,  -10,
      -5,   -5,   30,   10,  -30,   10,  -10,  -40,  -10,  -10,   -5,  -10,  -15,   -5,  -65,  -25,
     -10,   -5,  -10,  -15,   -5,  -10,  -30,  -20,   10,  -35,  -10,   10,  -40,  -35,  -35,  -25,
     -30,  -10,  -20,  -30,  -15,  -10,   -5,  -25,   10,  -20,   -5,  -10,  -10,   -5,   -5,   -5,
     -15,   -5,  -15,  -30,   10,  -30,  -10,  -25,  -25,  -25,  -15,  -20,  -10,  -40,  -15,   -5,
     -10,   48,   -5,   -5,  -10,   -5,   10,   30,   20,  -10,   20,  -80,  -10,  -10,   -5,   20,
     -20,   10,  -10,   25,  -10,   -5,  -15,  -15,   -5,  -15,  -15,   -5,   -5,  -30,  -15,  -10,
     -40,  -30,  -10,  -10,  -10,  -20,   50,  -20,  -15,  -20,   25,  -35,  -10,   55,  -35,  -20,
     -30,   25,   25,   45,   45,   15,   35,   35,   25,   65,   25,   35,   55,   60,   55,   35,
     -10,   10,   30,   35,   25,   30,   10,   20,   25,  -15,   -5,   10,   35,   35,   25,   30,
     -15,  -10,  -10,   10,   25,   25,   25,  -35,  -25,  -10,  -15,  -10,  -10,  -10,  -10,  -20,
     -30,  -25,  -10,  -15,   10,  -25,  -20,  -15,  -15,   10,  -10,  -12,  -35,  -12,  -18,  -20,
     -10,  -15,  -20,  -20,   -5,   -5,  -15,   -5,  -10,  -15,  -20,  -10,    5,  -10,  -10,  -15,
     -10,  -10,  -10,  -10,   -5,  -45,   -5,  -30,  -10,  -15,  -10,  -10,  -10,  -10,  -15,  -30,
      10,   -5,   -5,  -10,  -10,  -20,   -5,   -5,  -10,  -10,   -5,   -5,  -10,  -10,  -25,   10,
     -35,  -10,   -5,  -25,  -10,  -20,  -10,  -45,  -60,  -50,  -15,  -15,  -25,  -20,   -5,  -50,
     -30,  -15,  -10,  -25,  -10,  -25,   25,  -15,   -5,  -10,  -15,  -25,  -35,   -5,  -35,  -10,
      25,  -15,  -18,  -30,   -5,  -15,  -10,  -15,  -10,  -20,  -25,  -30,  -25,   -5,  -20,   -5,
      -5,  -12,   -5,   -8,   -5,   15,   45,   15,   20,   -5,  -12,   15,   15,   -5,   15,  -10,
      35,  -20,  -10,   -5,  -20,  -10,   -5,  -10,   -5,   -5,   -8,   -5,   -5,   -5,   -5,   -5,
     -10,  -65,   -5,   -5,  -10,   -5,  -30,  -10,  -25,  -30,  -10,   -5,  -12,  -25,   -5,  -20,
      -5,  -30,   -5,  -15,  -20,   -5,  -18,   -5,  -12,  -15,  -18,  -15,  -20,  -15,   -5,  -12,
      -8,   -8,   -5,  -10,   -5,  -20,  -20,  -10,   -5,   -5,  -30,  -20,   -5,  -15,  -10,   -5,
     -10,   -5,  -15,   -5,   -5,   -5,  -15,   -5,   -5,   -5,  -10,   -5,   -5,   15,  -20,  -10,
     -10,  -15,  -15,   -5,  -20,   -5,  -15,   20,   -5,   10,  -15,   50,   10,   15,   -8,   10,
      12,   -8,  -15,   30,  -20,  -20,   -5,  -10,  -10,   -5,  -10,   -5,  -15,   -5,   -5,   -5,
      -5,   -8,   -5,   -8,   -5,  -10,  -10,  -10,   -5,  -10,   15,  -15,   -2,   10,  -10,   -5,
      -5,   10,  -20,  -10,  -10,  -15,   -5,   -5,  -25,  -15,  -25,  -15,   20,  -40,   -5,  -30,
     -10,   -5,   -5,   -5,  -35,  -10,  -10,  -30,  -22,  -20,  -10,  -10,  -15,  -10,  -15,   -5,
     -20,   40,  -15,  -25,   10,  -10,  -15,   -5,  -10,   15,   10,   15,    5,   15,   10,   -5,
     -20,   20,  -15,  -25,  -20,  -10,  -20,  -20,  -20,  -10,  -15,  -10,  -15,  -35,  -10,  -25,
     -15,  -15,  -10,  -10,  -10,  -20,   -5,   -5,  -30,  -20,  -30,  -15,   10,  -10,  -20,  -35,
     -25,  -18,  -35,  -30,  -10,  -10,  -20,  -20,  -25,  -10,  -10,  -25,  -20,  -25,  -35,  -25,
     -40,  -25,  -10,  -15,   -5,  -20,   -5,  -15,  -25,  -10,   10,  -30,  -20,  -25,  -10,  -10,
     -25,   10,  -10,  -15,   10,  -10,  -15,  -20,  -15,  -10,  -15,  -10,  -25,  -10,  -25,  -10,
      -5,   -5,  -30,  -30,  -25,  -25,  -20,   10,  -10,  -15,  -20,  -20,  -20,   -5,  -20,   -5,
     -10,   -5,   -5,   -5,  -10,   -5,
};

static const EpdLigaturePair notosans_15_regularLigaturePairs[] = {
    { 0x00660066, 0xFB00 }, // f f -> U+FB00
    { 0x00660069, 0xFB01 }, // f i -> U+FB01
    { 0x0066006C, 0xFB02 }, // f l -> U+FB02
    { 0xFB000069, 0xFB03 }, // U+FB00 i -> U+FB03
    { 0xFB00006C, 0xFB04 }, // U+FB00 l -> U+FB04
};

static const EpdFontData notosans_15_regular = {
    notosans_15_regularBitmaps,
    notosans_15_regularGlyphs,
    notosans_15_regularIntervals,
    18,
    43,
    34,
    -10,
    true,
    notosans_15_regularGroups,
    13,
    nullptr,
    nullptr,  // kernLeftClasses: built-in fonts use the split arrays below
    nullptr,  // kernRightClasses
    notosans_15_regularKernLeftCodepoints,
    notosans_15_regularKernLeftClassIds,
    notosans_15_regularKernRightCodepoints,
    notosans_15_regularKernRightClassIds,
    nullptr,  // kernMatrix: built-in fonts use the sparse form below
    notosans_15_regularKernRowOffsets,
    notosans_15_regularKernSparseCols,
    notosans_15_regularKernSparseValues,
    478,
    474,
    87,
    76,
    notosans_15_regularLigaturePairs,
    5,
};
