/**
 * generated by fontconvert.py
 * name: notoserif_19_regular
 * size: 19
 * mode: 2-bit  compressed: true
 * Command used: fontconvert.py notoserif_19_regular 19 ../builtinFonts/source/NotoSerif/NotoSerif-Regular.ttf --2bit --compress --pnum --zopfli
 */
#pragma once
#include "EpdFontData.h"

static const uint8_t notoserif_19_regularBitmaps[45811] = {
    0xDD, 0x5A, 0x01, 0xA4, 0x27, 0xC9, 0x99, 0xFF, 0x75, 0xF7, 0xCE, 0xF4, 0xD9, 0x26, 0x15, 0xEC,
    0xEC, 0xB9, 0x3C, 0x97, 0x86, 0x43, 0x24, 0xD9, 0x69, 0x80, 0xC3, 0xCC, 0xAB, 0x8A, 0xE5, 0x0E,
    0x87, 0x3C, 0xEC, 0xCB, 0x61, 0xB1, 0x00, 0x6E, 0x0F, 0x0F, 0x0E, 0xC1, 0x9B, 0xED, 0xCE, 0x1D,
    0x0E, 0x41, 0x1E, 0xB2, 0x81, 0x83, 0xC5, 0x86, 0xEC, 0x5B, 0x0C, 0x04, 0x93, 0x33, 0x3B, 0x5D,
    0x77, 0xC1, 0x21, 0xB8, 0x76, 0x49, 0xEE, 0x10, 0x6C, 0x47, 0x76, 0x2F, 0xE7, 0x16, 0x29, 0x49,
    0x27, 0xE9, 0x99, 0xE9, 0xEE, 0xEF, 0xFA, 0xF7, 0xD5, 0xFF, 0xF5, 0xBC, 0x67, 0x66, 0x27, 0x73,
    0xBB, 0xB3, 0x39, 0xAE, 0xFE, 0xFF, 0xFA, 0xFD, 0xBE, 0xF7, 0xEF, 0xAA, 0xAA, 0xAF, 0xBE, 0xAF,
    0xBE, 0xAA, 0xEA, 0xEE, 0x77, 0x05, 0xAD, 0x5F, 0x3F, 0x4D, 0x1D, 0x3F, 0xAE, 0x76, 0x96, 0x1F,
    0x3C, 0xF8, 0x54, 0xA8, 0x70, 0x75, 0xFD, 0xC4, 0x64, 0x9D, 0x78, 0x7E, 0x6A, 0xF7, 0x0C, 0xAE,
    0xE0, 0xA5, 0xD6, 0x49, 0x8B, 0xA5, 0xE6, 0x77, 0xB6, 0x78, 0x67, 0x1F, 0xB7, 0xF7, 0x71, 0x7C,
    0x1D, 0xC7, 0x2F, 0xE0, 0x1A, 0x98, 0x3E, 0xBD, 0x7E, 0x80, 0x5B, 0x18, 0x81, 0x35, 0x0F, 0xC0,
    0x9A, 0x03, 0x90, 0x84, 0x44, 0x31, 0x5D, 0x31, 0x0D, 0x69, 0x0F, 0x64, 0x7D, 0xD6, 0xE1, 0xD2,
    0x5F, 0xBE, 0xFF, 0xF2, 0xFB, 0xCE, 0xC8, 0x9A, 0x7C, 0xA1, 0x88, 0xC2, 0x17, 0x0D, 0x60, 0x1A,
    0x43, 0x74, 0xC6, 0x29, 0x02, 0x28, 0x51, 0x02, 0xAA, 0x1B, 0x70, 0x15, 0xFB, 0xC0, 0x95, 0xD7,
    0x0E, 0x5F, 0x3B, 0x84, 0x65, 0xAD, 0x1D, 0xE2, 0x18, 0xB7, 0x1F, 0xD5, 0x39, 0x1E, 0xDD, 0xF9,
    0x59, 0x0A, 0x17, 0x60, 0x4F, 0x7A, 0x24, 0x22, 0x33, 0xF2, 0x21, 0x08, 0x4C, 0x1F, 0x6A, 0x57,
    0xFA, 0x60, 0x9B, 0xCA, 0x87, 0xCA, 0xAD, 0xF0, 0x02, 0x56, 0x00, 0xCA, 0x7E, 0x05, 0x33, 0xAE,
    0x90, 0x0B, 0x1B, 0x97, 0x99, 0xDA, 0x89, 0x07, 0x52, 0x61, 0xF7, 0xB2, 0x00, 0xF8, 0xA5, 0x34,
    0x40, 0xA8, 0xFD, 0x1F, 0x20, 0x54, 0xDD, 0x0D, 0x84, 0xB2, 0xBB, 0x43, 0x90, 0x15, 0x7C, 0xEB,
    0x82, 0xF5, 0xD6, 0x87, 0x16, 0xE5, 0xDD, 0xFB, 0x33, 0x52, 0x91, 0x0E, 0xB8, 0x34, 0xA8, 0x1A,
    0x0F, 0x83, 0xA6, 0xCF, 0x9C, 0x00, 0x89, 0x63, 0x0F, 0x13, 0x40, 0xFB, 0x14, 0xA1, 0x86, 0x9A,
    0xC5, 0xF8, 0xAA, 0xA1, 0x4D, 0x50, 0xF9, 0xD2, 0xE3, 0x18, 0x80, 0x6D, 0x4C, 0x87, 0x91, 0x82,
    0x33, 0x3D, 0x87, 0xAF, 0x42, 0xD6, 0x47, 0x21, 0xE4, 0x7E, 0x27, 0xB0, 0x19, 0xBD, 0x54, 0x62,
    0x27, 0xB0, 0x19, 0xAD, 0x7E, 0x9C, 0x4A, 0x87, 0xCA, 0x1B, 0x3F, 0x9A, 0x0F, 0x06, 0x76, 0xF1,
    0xB5, 0x60, 0xDD, 0x8C, 0xA2, 0xB7, 0x59, 0x5F, 0xA3, 0x46, 0xB6, 0xCC, 0xB9, 0x5F, 0x60, 0x81,
    0xA3, 0xDE, 0x34, 0x33, 0xAC, 0x53, 0x37, 0xAD, 0x02, 0xDB, 0xDC, 0x4F, 0x76, 0xC2, 0xF1, 0x99,
    0x30, 0xEE, 0x84, 0x24, 0x20, 0x0A, 0x59, 0x8F, 0x58, 0x2B, 0xF7, 0xD0, 0x76, 0x38, 0x28, 0xB6,
    0xAC, 0x83, 0xB2, 0x98, 0xD9, 0x0C, 0x50, 0xFE, 0xFB, 0xC8, 0x66, 0x68, 0xE9, 0x0E, 0x31, 0x5D,
    0x21, 0xBC, 0x7A, 0x42, 0x44, 0x21, 0x8B, 0xB2, 0x7D, 0xBF, 0xF6, 0xE4, 0x16, 0xA6, 0x27, 0x2F,
    0x28, 0x38, 0xEC, 0x64, 0x46, 0x7E, 0x9E, 0xB1, 0xEC, 0x58, 0x76, 0xE5, 0x5A, 0x57, 0x79, 0xAD,
    0xEF, 0x5B, 0x12, 0xCA, 0xFB, 0xE3, 0xAE, 0xDD, 0x06, 0xA7, 0x6F, 0x02, 0xA5, 0x20, 0xA1, 0xC1,
    0x45, 0x7C, 0xB2, 0x00, 0xF9, 0x64, 0xFB, 0x64, 0x02, 0xCA, 0x60, 0xC6, 0x64, 0x60, 0xB5, 0x6C,
    0x49, 0x03, 0x38, 0x20, 0xF9, 0xDB, 0x1E, 0xA8, 0x1D, 0xEC, 0xCF, 0x3A, 0x36, 0xBB, 0xB6, 0xE4,
    0x95, 0x73, 0x69, 0xF4, 0xF7, 0x44, 0xDC, 0xCA, 0x94, 0x3B, 0xC0, 0xF2, 0xDA, 0xC0, 0x76, 0x76,
    0xFE, 0x9C, 0x51, 0xFE, 0x9B, 0xD0, 0xB9, 0x22, 0xAE, 0xBD, 0x07, 0x1C, 0xC9, 0x00, 0x2B, 0x00,
    0x0E, 0x77, 0x43, 0x6E, 0x5D, 0xAB, 0xD6, 0xB1, 0xD8, 0x5F, 0x3F, 0xD7, 0xF1, 0x02, 0x76, 0xE9,
    0x4F, 0x90, 0x0E, 0x28, 0x3B, 0x1A, 0x6E, 0x46, 0x36, 0x72, 0xDC, 0xA6, 0xE7, 0x0F, 0xD6, 0xEB,
    0xB7, 0x61, 0xA7, 0x6D, 0x43, 0x55, 0xE2, 0x57, 0x14, 0x77, 0x5F, 0x5E, 0x65, 0x99, 0x58, 0xB8,
    0xEC, 0x58, 0xB7, 0x08, 0x6C, 0x07, 0xB3, 0xAA, 0x6D, 0x3A, 0xA4, 0x03, 0x7B, 0xD1, 0xF4, 0x06,
    0xF0, 0x0E, 0xE7, 0x19, 0xAD, 0x98, 0x4E, 0x34, 0x27, 0x6A, 0x1D, 0x7D, 0x75, 0x56, 0xD9, 0x84,
    0xB3, 0xEF, 0x80, 0xE2, 0xE2, 0xD7, 0x0C, 0xE7, 0xAE, 0xAA, 0x8A, 0x55, 0xD4, 0x8F, 0xED, 0xA4,
    0x13, 0xFB, 0xAD, 0x1A, 0xBC, 0xA3, 0xBD, 0x6C, 0x29, 0x1B, 0x00, 0xD0, 0xC4, 0xCF, 0xA4, 0x21,
    0xC1, 0x67, 0x93, 0x50, 0xC2, 0x76, 0x7D, 0xEB, 0xEC, 0xF4, 0x73, 0x69, 0x92, 0x56, 0xDE, 0x03,
    0x8A, 0x19, 0x50, 0xC9, 0x8E, 0xEB, 0x6F, 0x7A, 0x75, 0x2D, 0x67, 0x58, 0x23, 0xD6, 0x8D, 0xAD,
    0xC4, 0x14, 0x1B, 0x0F, 0x8F, 0x81, 0x2B, 0x87, 0xBF, 0x3E, 0x74, 0xB5, 0x88, 0xF4, 0x0A, 0xF1,
    0xC2, 0xEF, 0x80, 0x03, 0x82, 0xE9, 0xEC, 0x60, 0xC7, 0x6A, 0xCC, 0xB9, 0xFA, 0x84, 0xB4, 0x2B,
    0x9A, 0x3B, 0xE8, 0xC1, 0x06, 0x5F, 0xB2, 0x32, 0xAF, 0xDF, 0xCF, 0x9F, 0x7E, 0x07, 0xA8, 0x9A,
    0xBA, 0x6B, 0xBB, 0xBA, 0xB3, 0x1E, 0x31, 0x5D, 0xD7, 0xE9, 0x7D, 0x0B, 0x18, 0x80, 0xC0, 0xF8,
    0x48, 0x7B, 0x64, 0x1D, 0x32, 0xCF, 0xC8, 0x28, 0x1A, 0x18, 0x07, 0xA3, 0x31, 0x71, 0x55, 0xCB,
    0x5E, 0xDB, 0x8A, 0x6B, 0xD9, 0x80, 0x4C, 0x8B, 0x3F, 0xBE, 0xEC, 0x77, 0x01, 0x24, 0x6F, 0x01,
    0xB0, 0xBA, 0xC0, 0xFD, 0xC3, 0x84, 0x6C, 0x82, 0xA0, 0x08, 0x8C, 0xF5, 0x1E, 0x95, 0xA7, 0xFF,
    0xA8, 0x92, 0x09, 0xB6, 0x59, 0xA1, 0x6E, 0x50, 0x0C, 0xAD, 0x8B, 0x90, 0x8F, 0xF2, 0x61, 0xD0,
    0xEE, 0xA0, 0x18, 0x5B, 0xD6, 0x60, 0xB5, 0xC0, 0x56, 0x14, 0xFA, 0xAA, 0x43, 0xD9, 0x99, 0x1E,
    0xD6, 0x17, 0x01, 0xB5, 0xCB, 0x66, 0x86, 0x90, 0xFC, 0x62, 0x04, 0x4A, 0x0D, 0xE6, 0x97, 0xB6,
    0x68, 0x16, 0x00, 0x39, 0xA1, 0x12, 0x06, 0xEB, 0x0A, 0xD5, 0xB0, 0x82, 0xED, 0x56, 0xF8, 0xAC,
    0x5E, 0xFD, 0xE4, 0x20, 0x95, 0x06, 0xCF, 0xDE, 0x94, 0x7B, 0x8D, 0xD1, 0x2D, 0xE8, 0x33, 0x6F,
    0x22, 0xAE, 0xC7, 0xE6, 0xEE, 0x2B, 0x23, 0x6C, 0x97, 0xE9, 0x72, 0x25, 0xA8, 0x19, 0x39, 0xB5,
    0xAE, 0x18, 0x04, 0x44, 0x88, 0xCD, 0x2C, 0x00, 0xB8, 0x2C, 0x68, 0xDC, 0xC4, 0x15, 0xC6, 0xC4,
    0x35, 0x16, 0x1A, 0x30, 0x48, 0xF4, 0xF7, 0x7E, 0xFB, 0x1D, 0x00, 0xA6, 0x38, 0x39, 0x93, 0xAE,
    0xE8, 0x90, 0x76, 0xA5, 0x43, 0xD6, 0xBD, 0x06, 0x94, 0x9D, 0xAC, 0x49, 0xC1, 0x4B, 0x54, 0xE8,
    0x2D, 0x55, 0xA8, 0x5F, 0x15, 0x7A, 0x79, 0x42, 0xD5, 0x25, 0xC2, 0x50, 0x6D, 0x9D, 0x75, 0xA8,
    0xBD, 0x42, 0x09, 0xFE, 0x12, 0x57, 0x17, 0xB4, 0x3B, 0x85, 0xE8, 0x61, 0xEE, 0x54, 0xC0, 0x67,
    0x16, 0x35, 0xEC, 0x09, 0x70, 0xA5, 0x9D, 0x75, 0xC0, 0xAA, 0xBD, 0x2A, 0xD2, 0x69, 0x19, 0x42,
    0x50, 0x78, 0x86, 0x7F, 0x1E, 0x03, 0x55, 0x7F, 0x7B, 0xB7, 0x28, 0xB6, 0x4D, 0xED, 0xF3, 0x05,
    0xD5, 0x22, 0x23, 0x72, 0x91, 0x06, 0xB8, 0x74, 0x80, 0xCD, 0x71, 0xD0, 0xB6, 0x12, 0xC5, 0x4C,
    0xB1, 0x68, 0x89, 0xA5, 0x25, 0x5E, 0x57, 0xBC, 0x55, 0xAF, 0x98, 0x04, 0x62, 0xD6, 0x11, 0x0B,
    0x4F, 0x2C, 0x41, 0xDC, 0x57, 0xBC, 0xAD, 0x18, 0x88, 0x59, 0x4F, 0x2C, 0x3C, 0xD1, 0x38, 0xE2,
    0x3E, 0x88, 0xB5, 0xDA, 0xA5, 0x55, 0xBC, 0x72, 0x78, 0xD8, 0xBE, 0xCE, 0xA6, 0x6B, 0xC2, 0x45,
    0x6C, 0x88, 0xE2, 0xC1, 0x35, 0x94, 0x03, 0x6F, 0x45, 0x90, 0x1C, 0x1E, 0x1E, 0x22, 0x13, 0x91,
    0x08, 0xF9, 0x0A, 0x2E, 0x6F, 0x60, 0x08, 0xB9, 0x2B, 0x1A, 0xA4, 0xAE, 0x60, 0x6D, 0x05, 0xA3,
    0x80, 0x0D, 0x6E, 0x2E, 0x0E, 0x46, 0x64, 0x80, 0x39, 0x78, 0x65, 0xDE, 0x06, 0x5B, 0x6F, 0xE6,
    0xAB, 0x14, 0xD4, 0x86, 0x84, 0x4A, 0xA1, 0xFB, 0x22, 0xCD, 0x77, 0x83, 0xE5, 0x6A, 0x1A, 0xC9,
    0x76, 0xF9, 0x82, 0x92, 0xAD, 0x5C, 0xDE, 0x6C, 0x18, 0x37, 0x31, 0x23, 0x5C, 0x68, 0x5F, 0x17,
    0xC7, 0x0D, 0xD2, 0x67, 0x03, 0x4A, 0x46, 0x8B, 0xF1, 0xA6, 0xC3, 0xA7, 0x50, 0x69, 0x2F, 0x0A,
    0xCD, 0xE6, 0x60, 0x47, 0xF8, 0x73, 0xE9, 0x20, 0xAD, 0x4C, 0x90, 0x21, 0x11, 0x8E, 0xB7, 0xF6,
    0x1A, 0x30, 0xDC, 0x79, 0x7A, 0x42, 0x58, 0x81, 0x81, 0xBC, 0x82, 0x55, 0xF0, 0xEB, 0x85, 0xD2,
    0x9F, 0x45, 0x64, 0x3E, 0xA0, 0x6E, 0xD6, 0x88, 0x14, 0x40, 0x64, 0x3A, 0x17, 0x91, 0xAB, 0x6D,
    0x0F, 0x0F, 0xAC, 0x88, 0x0C, 0xF5, 0x19, 0x84, 0x63, 0xA0, 0xE8, 0xFF, 0x86, 0x93, 0x77, 0x85,
    0x92, 0x60, 0xDD, 0xD9, 0x34, 0xBE, 0x43, 0x50, 0xBB, 0xE8, 0x84, 0x1E, 0x75, 0xB5, 0xDD, 0xA2,
    0x60, 0x9B, 0xF2, 0xD5, 0x83, 0x41, 0x80, 0xFA, 0xFF, 0xEE, 0x5A, 0xDD, 0x59, 0xAD, 0xE4, 0xD4,
    0x01, 0x95, 0x8C, 0x48, 0xE4, 0x4B, 0xE2, 0xB2, 0x11, 0x95, 0x5A, 0xA8, 0xD7, 0xAD, 0xCA, 0x74,
    0x2B, 0x94, 0x84, 0xF8, 0x27, 0x2F, 0x14, 0x13, 0x4A, 0x9F, 0x09, 0x23, 0x44, 0x7E, 0x3A, 0x01,
    0x96, 0x63, 0x2B, 0x24, 0xB0, 0x95, 0x05, 0xC9, 0x9C, 0x0B, 0x87, 0xDF, 0x86, 0xB2, 0x47, 0x39,
    0x58, 0x8F, 0x7C, 0x5A, 0x21, 0x9D, 0x6C, 0x83, 0xE4, 0x3C, 0x78, 0x64, 0x63, 0xD9, 0x23, 0x0F,
    0x05, 0x37, 0xD8, 0x54, 0xBE, 0x25, 0x4E, 0xD5, 0x00, 0x0E, 0x2F, 0x2E, 0xA7, 0x6F, 0xEF, 0x96,
    0x53, 0xC3, 0xE5, 0xB4, 0xD4, 0xE5, 0xB4, 0x43, 0xD9, 0x6F, 0x0B, 0x21, 0xA1, 0x18, 0xCE, 0x20,
    0x1F, 0x6D, 0x87, 0x62, 0xAC, 0x7A, 0x98, 0xD1, 0x0C, 0xB0, 0x63, 0xBE, 0xFC, 0x99, 0x8C, 0x89,
    0xC8, 0x4F, 0x06, 0x54, 0x4B, 0x41, 0x2B, 0x14, 0x6A, 0x85, 0x07, 0xD0, 0x3D, 0x30, 0xE0, 0x25,
    0x1A, 0xD0, 0x00, 0x0B, 0x4C, 0x97, 0x6B, 0x44, 0x52, 0x03, 0x71, 0x71, 0x4A, 0x5D, 0x42, 0xDD,
    0xB4, 0x5E, 0x7C, 0xEB, 0x2B, 0x87, 0x47, 0x26, 0xEB, 0xE2, 0x75, 0xDB, 0x3C, 0x03, 0x1C, 0xE4,
    0x63, 0x31, 0x99, 0xA9, 0x98, 0xD2, 0x01, 0x8F, 0x4C, 0x79, 0x30, 0x93, 0x99, 0xCD, 0x9C, 0xCE,
    0x38, 0xC6, 0x57, 0x11, 0xB2, 0xCE, 0xBA, 0x3F, 0x45, 0x4C, 0x07, 0x71, 0x49, 0x8B, 0x07, 0x9A,
    0x54, 0xA8, 0xE2, 0x40, 0x81, 0xA1, 0x3D, 0x30, 0x4C, 0x1A, 0xA0, 0x1C, 0x35, 0x54, 0x62, 0xA1,
    0xB8, 0x53, 0x03, 0xAD, 0x8A, 0x13, 0x62, 0x19, 0x2D, 0xB4, 0x89, 0x6C, 0x2F, 0x25, 0xE0, 0xD3,
    0x04, 0x9C, 0xDF, 0x87, 0x1F, 0x9D, 0x38, 0x61, 0xCF, 0xEF, 0xD7, 0x1A, 0x58, 0x37, 0x70, 0xA1,
    0xCB, 0x87, 0xFA, 0xA1, 0xA6, 0x54, 0x95, 0xE2, 0xD9, 0x10, 0xF2, 0x05, 0x80, 0xED, 0xE3, 0xEF,
    0x17, 0xC7, 0x12, 0x03, 0xEF, 0xAB, 0xD8, 0xD2, 0xAB, 0x6F, 0x02, 0x05, 0x03, 0xD9, 0xDE, 0x7D,
    0x25, 0xA0, 0xF6, 0xE9, 0x84, 0x16, 0x58, 0x08, 0x2D, 0xF6, 0x09, 0xCF, 0x10, 0xCE, 0x6F, 0x33,
    0xC9, 0xB6, 0x26, 0x17, 0xE3, 0xF9, 0x8E, 0xF4, 0xAF, 0xC2, 0x13, 0x9A, 0x87, 0x01, 0x17, 0x53,
    0xA9, 0x93, 0x20, 0x5C, 0x80, 0xB2, 0x63, 0xEB, 0x88, 0xE9, 0xD2, 0x8E, 0x4B, 0x59, 0x1C, 0x39,
    0x67, 0x0C, 0x23, 0x8E, 0x38, 0x95, 0xB8, 0x7A, 0xC5, 0x66, 0x72, 0x8D, 0xB9, 0xB0, 0xAB, 0x8F,
    0xF1, 0x6C, 0x01, 0xBD, 0x0D, 0xCC, 0x48, 0xE5, 0x6B, 0x6E, 0x9F, 0x61, 0x59, 0xDD, 0x97, 0xA6,
    0x62, 0x31, 0x6E, 0x80, 0x25, 0x8A, 0x3E, 0x9B, 0x74, 0xFE, 0x19, 0xDD, 0xD2, 0x61, 0x5C, 0xE9,
    0x4D, 0x8F, 0x3B, 0xAB, 0xC0, 0xFB, 0x23, 0x2C, 0xAB, 0x60, 0x19, 0xE6, 0x33, 0x05, 0xB6, 0x38,
    0x71, 0x9D, 0x5F, 0x85, 0x24, 0x0A, 0x2D, 0x1B, 0xBD, 0x8A, 0xD7, 0xD0, 0x72, 0xAF, 0xBC, 0x1E,
    0x85, 0x01, 0xC7, 0xAB, 0x50, 0xBB, 0x62, 0xC0, 0x80, 0x1A, 0xB6, 0xF9, 0xD4, 0x98, 0x06, 0x58,
    0xEE, 0x44, 0x77, 0x4A, 0x0F, 0xCB, 0xD8, 0xB5, 0x02, 0x54, 0x3C, 0xB0, 0x52, 0x6F, 0xEA, 0xAF,
    0xC9, 0x74, 0xDB, 0x44, 0x8D, 0x1C, 0x2D, 0xAC, 0x93, 0x87, 0x03, 0x8D, 0xF7, 0x3E, 0xC3, 0x6E,
    0x91, 0xCE, 0xE5, 0xDB, 0x7F, 0xBD, 0x9C, 0x4D, 0xAB, 0x58, 0x33, 0x79, 0xF5, 0x9B, 0x88, 0xE9,
    0xB9, 0x48, 0x2D, 0x41, 0x2B, 0x6F, 0x93, 0x05, 0x99, 0x78, 0xA5, 0x77, 0xB5, 0x4E, 0xF1, 0x8D,
    0x9E, 0x64, 0xBE, 0x1C, 0x48, 0x65, 0x3E, 0x90, 0xAE, 0xC6, 0x7E, 0xAF, 0x47, 0x3A, 0x56, 0x67,
    0x63, 0x84, 0x90, 0x06, 0x6D, 0x2D, 0x0D, 0xA8, 0xE3, 0x6D, 0x8F, 0xA5, 0xF5, 0xBD, 0xAA, 0x54,
    0xFC, 0xF8, 0xF0, 0x28, 0x00, 0x46, 0x44, 0xE8, 0x89, 0xD3, 0xD3, 0x9B, 0x03, 0x38, 0x7F, 0xF2,
    0x09, 0xB8, 0xAE, 0x83, 0xA1, 0x3F, 0xD2, 0x45, 0xFD, 0x03, 0x41, 0x32, 0x90, 0x1C, 0xDD, 0x46,
    0x53, 0xE8, 0x5F, 0xDD, 0x4D, 0x39, 0xC1, 0x17, 0x64, 0x61, 0x8C, 0x58, 0x91, 0x35, 0x1C, 0xE2,
    0xAE, 0x27, 0x0D, 0xF6, 0xE4, 0xBF, 0x65, 0x64, 0x85, 0x54, 0x88, 0xBB, 0xDB, 0x80, 0xDA, 0x13,
    0x6D, 0xC4, 0x6E, 0x93, 0x89, 0xDB, 0x55, 0xC1, 0x8A, 0xF9, 0xAC, 0x0D, 0xF5, 0x1B, 0xBA, 0xE7,
    0x17, 0x3C, 0x28, 0x53, 0xF5, 0x44, 0x13, 0x14, 0x87, 0x0F, 0xC1, 0x40, 0x2C, 0x03, 0x84, 0x7D,
    0x25, 0xE2, 0x12, 0x69, 0x8E, 0x44, 0x64, 0x56, 0x0D, 0x4F, 0x00, 0x3C, 0xFF, 0x16, 0x8D, 0x23,
    0x42, 0xB7, 0xDE, 0x7B, 0x59, 0x40, 0x25, 0xA5, 0x49, 0xB9, 0x29, 0x7A, 0xFA, 0xDA, 0x7A, 0x13,
    0xE8, 0xFA, 0xB2, 0xA7, 0x8F, 0xB8, 0xE3, 0xF2, 0x37, 0x62, 0xAD, 0xD8, 0x46, 0x6C, 0x1E, 0x8B,
    0xB1, 0xFC, 0x39, 0xDC, 0xB5, 0xD3, 0x13, 0xCB, 0x40, 0x34, 0x23, 0x91, 0x43, 0xCE, 0x1A, 0x06,
    0x66, 0xD9, 0xA0, 0xBD, 0x7B, 0x99, 0x02, 0xB5, 0xD5, 0x13, 0x18, 0xE3, 0x2B, 0xEE, 0x90, 0x6E,
    0x67, 0xE2, 0x1E, 0x6A, 0xE3, 0x05, 0x00, 0x87, 0xE6, 0x49, 0xA8, 0x82, 0x1A, 0xA9, 0x98, 0x94,
    0xB2, 0x45, 0x09, 0xB2, 0xA3, 0x46, 0xA9, 0xF5, 0x4A, 0x75, 0x24, 0xDB, 0x3D, 0x8A, 0xFA, 0x8D,
    0x1E, 0xBE, 0x76, 0xA1, 0x7A, 0x74, 0x2B, 0xC4, 0x91, 0x12, 0x89, 0xDD, 0xCE, 0x4A, 0x66, 0x82,
    0x9A, 0x3E, 0x30, 0xF0, 0x2F, 0x8B, 0x47, 0x34, 0x7E, 0xB4, 0x3E, 0x87, 0xB2, 0x26, 0xFD, 0x43,
    0xDC, 0x3A, 0x90, 0xB7, 0xA5, 0xD1, 0x01, 0x28, 0x1A, 0x6D, 0xB5, 0x38, 0x87, 0x97, 0x1D, 0x11,
    0xF8, 0x50, 0xDC, 0x26, 0x4B, 0xB4, 0x00, 0x9E, 0x1C, 0x03, 0x31, 0x51, 0x4C, 0x75, 0xB2, 0x64,
    0x21, 0xA1, 0xED, 0x03, 0xF5, 0x95, 0xD0, 0x12, 0xFB, 0xA7, 0xAD, 0xED, 0xC7, 0xD3, 0x79, 0x43,
    0x21, 0x26, 0xBB, 0x23, 0xE7, 0xBD, 0x46, 0x1B, 0xF3, 0xBA, 0x18, 0x9F, 0x9E, 0xE8, 0x15, 0x61,
    0x09, 0xB3, 0x7C, 0x4B, 0x82, 0xEE, 0x34, 0xD5, 0xA8, 0x4E, 0x2A, 0xF4, 0xD4, 0xC0, 0x65, 0xD0,
    0x0C, 0x2B, 0x05, 0x9D, 0x87, 0x89, 0xD3, 0x75, 0x61, 0x9B, 0xE3, 0xA8, 0x2F, 0x50, 0xBB, 0xA3,
    0xE6, 0xD1, 0x94, 0x89, 0xF4, 0xAD, 0x47, 0xD2, 0xCA, 0x09, 0x2B, 0x98, 0x09, 0xA4, 0x9C, 0xB7,
    0x31, 0x4A, 0x55, 0xAF, 0x54, 0x06, 0xA5, 0x62, 0x54, 0xCA, 0x66, 0xA5, 0x44, 0x1C, 0x09, 0xF5,
    0xA0, 0x17, 0x8A, 0xDD, 0xC6, 0xD1, 0xCA, 0xA2, 0xC3, 0xE3, 0x94, 0xE7, 0xD2, 0x72, 0x29, 0x7A,
    0x00, 0x95, 0x88, 0xDF, 0x93, 0x5F, 0xE3, 0x79, 0xB9, 0xEB, 0xA0, 0x8F, 0x38, 0x7A, 0xB5, 0x84,
    0xEA, 0xDD, 0x7E, 0x5C, 0x96, 0x35, 0x9D, 0x67, 0xFE, 0xFE, 0x14, 0x59, 0x22, 0x27, 0xDA, 0x76,
    0x4F, 0xAF, 0x61, 0x4F, 0x96, 0xE6, 0x6C, 0x5C, 0x1C, 0x27, 0x65, 0x8E, 0x0F, 0xD2, 0xC4, 0xF2,
    0xED, 0x53, 0xCE, 0xE2, 0xD8, 0xBF, 0xF6, 0xBD, 0xBB, 0x45, 0x39, 0x28, 0x44, 0x42, 0xD2, 0xCA,
    0x01, 0xD7, 0x22, 0x9D, 0x14, 0xC5, 0xEF, 0x21, 0x9B, 0xF0, 0x20, 0x97, 0xFD, 0xCE, 0x4E, 0x0D,
    0xF6, 0x16, 0x9D, 0x0A, 0xB8, 0x02, 0xF5, 0xFB, 0x9A, 0x1D, 0xD5, 0xAC, 0xA5, 0xA3, 0x55, 0x4A,
    0xE1, 0x22, 0xAD, 0xF3, 0x85, 0xB1, 0xD7, 0xEB, 0x90, 0xCA, 0x46, 0x69, 0x1F, 0x4A, 0x93, 0x52,
    0x16, 0x94, 0x0A, 0xAF, 0x54, 0x41, 0xE9, 0x86, 0xD2, 0x97, 0x46, 0xA5, 0x17, 0x27, 0xA5, 0x2F,
    0x8B, 0x52, 0x2D, 0x0D, 0x69, 0x94, 0x8E, 0xD4, 0x5B, 0xAD, 0xDE, 0x94, 0x63, 0x6C, 0x65, 0x56,
    0xCA, 0x44, 0x29, 0x7A, 0xCF, 0xD1, 0x81, 0x24, 0x3B, 0x9C, 0x5F, 0xF0, 0x0A, 0x51, 0xEB, 0xA6,
    0xE2, 0x69, 0x60, 0xC8, 0x48, 0xE5, 0xB1, 0x37, 0x6D, 0xBB, 0x23, 0x10, 0xDD, 0x4B, 0x07, 0x2B,
    0xC6, 0x80, 0xFE, 0x44, 0xF1, 0x8D, 0x0B, 0x4B, 0xDD, 0x13, 0x2D, 0x78, 0x0E, 0x58, 0x43, 0xEE,
    0xA0, 0x15, 0x3D, 0xE9, 0xC9, 0xB8, 0xA7, 0x82, 0x95, 0x6F, 0x42, 0x46, 0x0A, 0x33, 0x20, 0x6A,
    0xE9, 0x15, 0xFE, 0x91, 0xE6, 0xF9, 0xED, 0x04, 0x7C, 0x6F, 0x01, 0xF0, 0xAB, 0x09, 0xB8, 0x25,
    0x40, 0xFA, 0x33, 0x0A, 0xDC, 0x11, 0x7E, 0x48, 0xC1, 0x36, 0xC8, 0xBF, 0xAF, 0x82, 0x47, 0xF1,
    0x77, 0x14, 0xAA, 0x0E, 0xE6, 0x45, 0x0A, 0x26, 0xA0, 0xCC, 0x76, 0xC2, 0x55, 0x15, 0xF2, 0x11,
    0xD7, 0x54, 0x58, 0xE1, 0x58, 0x85, 0x74, 0xC2, 0xA0, 0x42, 0xB2, 0x20, 0xA8, 0x00, 0x49, 0xA3,
    0xB0, 0xBA, 0xB2, 0x8B, 0x82, 0xFD, 0x7B, 0xBF, 0x13, 0x7E, 0xD0, 0x44, 0xA1, 0x7A, 0xD7, 0x45,
    0xC1, 0x08, 0x76, 0xC2, 0xA2, 0xC2, 0x84, 0x7C, 0xA6, 0x90, 0x4C, 0x2B, 0x52, 0x3E, 0x92, 0x2E,
    0x1D, 0xD1, 0xCA, 0x7B, 0xAD, 0xF0, 0xC9, 0xB5, 0xC8, 0x78, 0xE5, 0x25, 0x20, 0xD1, 0x88, 0x74,
    0x30, 0x1A, 0x95, 0x1E, 0x97, 0xDA, 0xBB, 0x80, 0xF4, 0xD0, 0x39, 0x47, 0x93, 0x18, 0x17, 0x6D,
    0xA0, 0x3C, 0x47, 0xFE, 0x9E, 0x44, 0xBE, 0x25, 0x3E, 0xB2, 0xED, 0x22, 0x57, 0x21, 0xB2, 0x19,
    0x23, 0x67, 0x73, 0xE4, 0x54, 0x22, 0x43, 0x9A, 0xC8, 0x75, 0x17, 0xB9, 0x0A, 0x91, 0xCD, 0x18,
    0x39, 0x9F, 0x23, 0xA7, 0x12, 0x19, 0xF2, 0x8D, 0xC8, 0xF5, 0xBB, 0x91, 0x2B, 0x89, 0x6C, 0x76,
    0x9C, 0x93, 0xB9, 0xD8, 0x33, 0xEA, 0xE7, 0x38, 0xDD, 0x8E, 0xE4, 0x3D, 0x3D, 0x73, 0xB7, 0x32,
    0xC4, 0xFB, 0x69, 0x7D, 0xD2, 0xC3, 0xB2, 0xFC, 0x01, 0x95, 0x1E, 0x86, 0x20, 0x0D, 0xD7, 0xF0,
    0x8C, 0x43, 0x0A, 0xBA, 0x30, 0x67, 0x13, 0x25, 0xA4, 0xB3, 0xAE, 0xE6, 0x89, 0xC4, 0xA3, 0xCC,
    0x4A, 0x31, 0xC4, 0x6A, 0xA5, 0xA6, 0x25, 0xD5, 0xBE, 0x6D, 0xCE, 0x93, 0x6C, 0xF4, 0xF0, 0xB5,
    0x5D, 0x85, 0x5D, 0x75, 0x4B, 0x12, 0xB7, 0x6B, 0xBA, 0x64, 0x47, 0x0B, 0xBB, 0x55, 0x27, 0x4D,
    0xBA, 0x5F, 0xA4, 0x4B, 0x3C, 0x39, 0xB5, 0x1D, 0x58, 0xB7, 0x94, 0x76, 0x89, 0x9B, 0x5D, 0x0F,
    0xF2, 0x4B, 0x00, 0x2E, 0x1E, 0x45, 0x4F, 0x65, 0x60, 0x9B, 0xF9, 0x42, 0x84, 0xC4, 0xD8, 0x6D,
    0x1E, 0x3A, 0x8A, 0x76, 0x8F, 0x3B, 0x96, 0xEA, 0x37, 0x59, 0xB0, 0xE2, 0xDE, 0xA8, 0x4D, 0x77,
    0xC4, 0xBB, 0x4F, 0x61, 0xBF, 0xFE, 0xFF, 0x65, 0x7F, 0x2A, 0xBC, 0x91, 0x96, 0xD5, 0x8B, 0x44,
    0x36, 0x7C, 0xFE, 0x4C, 0x51, 0x0D, 0x4A, 0x79, 0xAC, 0x88, 0x36, 0x28, 0xED, 0xDC, 0xB7, 0xF9,
    0x8F, 0x0E, 0x6C, 0x47, 0xAD, 0x9C, 0x2D, 0x4A, 0xFC, 0x46, 0xCF, 0x28, 0xD9, 0x1D, 0x75, 0x17,
    0xE8, 0xC2, 0xB5, 0xBA, 0x51, 0x12, 0x90, 0xD2, 0x89, 0xF4, 0xFA, 0x51, 0x1F, 0xBB, 0x00, 0xE9,
    0x34, 0x92, 0x93, 0x46, 0xA9, 0xEE, 0x94, 0xAA, 0xA0, 0x64, 0x46, 0xA5, 0x7C, 0xBA, 0xB8, 0x09,
    0x34, 0x24, 0x9A, 0x60, 0x3B, 0xE7, 0x7A, 0x94, 0x93, 0xEE, 0xAB, 0x85, 0x34, 0xBA, 0xB5, 0xB6,
    0x3E, 0x3E, 0x43, 0xB2, 0x32, 0x23, 0x91, 0xAF, 0x88, 0xCB, 0x07, 0x58, 0xAF, 0xAF, 0x20, 0x4A,
    0x0F, 0xD3, 0x55, 0x2B, 0x34, 0x2B, 0x00, 0x04, 0x35, 0x37, 0xCC, 0x40, 0xD0, 0x7B, 0x76, 0x51,
    0x2F, 0x50, 0xAC, 0xA4, 0xA7, 0xA1, 0x66, 0x15, 0x1B, 0x20, 0xD5, 0x4B, 0x75, 0x38, 0x2B, 0x5F,
    0x0C, 0xCF, 0xD2, 0x37, 0x76, 0x85, 0x21, 0xC2, 0xD9, 0x03, 0xF1, 0xAE, 0xE4, 0xED, 0x5F, 0x21,
    0x6F, 0x2F, 0x3C, 0x9D, 0xD1, 0x9F, 0xBB, 0x47, 0x6D, 0x7C, 0x37, 0xB0, 0xA6, 0xD9, 0xDE, 0xBB,
    0x79, 0xEF, 0xE6, 0x6C, 0xE9, 0xE4, 0xF9, 0x3A, 0xF1, 0xFA, 0xB5, 0x07, 0xF8, 0xC2, 0xE7, 0x88,
    0x7F, 0x04, 0x22, 0x7E, 0x5F, 0xA8, 0x9B, 0xEE, 0xB3, 0x22, 0x6F, 0x20, 0x3E, 0xFE, 0x8C, 0xA7,
    0xBF, 0x97, 0x6A, 0x11, 0xFE, 0xBD, 0x27, 0x77, 0x71, 0x59, 0xDE, 0x87, 0x78, 0xC0, 0x6A, 0x60,
    0xA2, 0xC4, 0xFF, 0x15, 0x71, 0x62, 0x55, 0x71, 0x42, 0xEF, 0x43, 0xE7, 0xDE, 0x0D, 0xA0, 0x0A,
    0x48, 0x26, 0xFA, 0xD0, 0xED, 0x31, 0x5E, 0x45, 0x76, 0x11, 0x1F, 0x43, 0x82, 0x3B, 0xEB, 0x7A,
    0xE4, 0x5A, 0x47, 0x75, 0x20, 0x32, 0xC1, 0xCA, 0x78, 0x24, 0xDF, 0xC4, 0xF3, 0xF2, 0xA3, 0x38,
    0xB1, 0x62, 0xC8, 0xDC, 0x88, 0x21, 0x73, 0x1B, 0x20, 0x8D, 0x8C, 0x4C, 0x24, 0x83, 0x76, 0xA4,
    0x6F, 0xFD, 0x3C, 0xB2, 0x1E, 0x5C, 0x07, 0x72, 0x1F, 0xD7, 0x87, 0x48, 0xFA, 0x76, 0x76, 0x44,
    0x09, 0x8D, 0xD7, 0x2A, 0xD2, 0x75, 0x68, 0x10, 0x1F, 0x03, 0x80, 0xB0, 0x49, 0xD2, 0x40, 0xAA,
    0xBF, 0x16, 0x48, 0xF6, 0x9F, 0x7B, 0x52, 0xF5, 0xFD, 0x8E, 0x54, 0xFE, 0x87, 0x27, 0x99, 0x0F,
    0x1A, 0x52, 0x21, 0x2E, 0xC6, 0x28, 0x11, 0xD9, 0xA2, 0x94, 0xCE, 0x44, 0x0E, 0x52, 0xDF, 0x31,
    0xC5, 0x61, 0xF1, 0x98, 0xC6, 0x7D, 0x95, 0x03, 0xF6, 0xAF, 0xC8, 0x8F, 0xF4, 0xF2, 0xD1, 0xA2,
    0xF1, 0xC2, 0x31, 0x65, 0x8C, 0x90, 0x95, 0x98, 0x7B, 0x1D, 0x57, 0xCE, 0xAC, 0xE1, 0xAA, 0xDD,
    0x14, 0x5E, 0xC7, 0x67, 0xDA, 0x06, 0xC6, 0xEB, 0x18, 0x0D, 0xB3, 0x53, 0xBB, 0x96, 0xD5, 0x9A,
    0xA1, 0x43, 0xBE, 0x5A, 0xF6, 0x1C, 0x9A, 0x4E, 0xD2, 0x35, 0xEF, 0x47, 0xF1, 0x5A, 0xB1, 0xFE,
    0xA9, 0x91, 0x80, 0xDB, 0xF9, 0x9A, 0xA9, 0xF4, 0x84, 0x31, 0x1B, 0x31, 0x45, 0x33, 0x0C, 0xCC,
    0x14, 0xE7, 0x24, 0xA4, 0x6B, 0x56, 0xAB, 0xA4, 0xFD, 0x9A, 0x29, 0x42, 0xB2, 0x6E, 0xCD, 0x7D,
    0x14, 0x3D, 0xDA, 0xAC, 0x83, 0x3E, 0xED, 0xF6, 0xA8, 0xD7, 0x4C, 0x63, 0x7D, 0xBD, 0x81, 0xFD,
    0xBA, 0x8A, 0xF6, 0x5F, 0x9D, 0x66, 0xEA, 0xF3, 0xAE, 0x66, 0xA6, 0xF2, 0x17, 0x80, 0x59, 0xB3,
    0x86, 0xAF, 0x66, 0x15, 0xA7, 0xDD, 0xA3, 0xC0, 0x95, 0x26, 0xD5, 0x89, 0x29, 0x8B, 0xEB, 0xB9,
    0x9A, 0x6F, 0xCD, 0xB0, 0xB2, 0x40, 0xEF, 0x6B, 0x06, 0x9A, 0x0C, 0xE2, 0x51, 0xC4, 0x5B, 0x36,
    0xE3, 0x75, 0x3E, 0x95, 0x0E, 0x30, 0x23, 0xF6, 0xE3, 0xA8, 0x6E, 0xAB, 0x2B, 0xA2, 0x0F, 0xE5,
    0xC5, 0x9E, 0xD4, 0xFE, 0x20, 0x6A, 0xF6, 0x0B, 0x47, 0x2A, 0x97, 0xAD, 0xC3, 0x73, 0x4B, 0xB2,
    0x6C, 0x2F, 0x98, 0x59, 0xA4, 0xEE, 0x48, 0xD7, 0xAB, 0x40, 0x9A, 0x74, 0x8D, 0x4B, 0x82, 0xAA,
    0x97, 0x75, 0xA9, 0x00, 0xEC, 0x5A, 0xDC, 0x36, 0xBD, 0x5F, 0x8B, 0x0F, 0x2D, 0x26, 0xA0, 0x1C,
    0x90, 0x91, 0x66, 0xD4, 0x72, 0x92, 0x8A, 0xF4, 0xAD, 0xF4, 0x99, 0x48, 0x88, 0x43, 0x71, 0x71,
    0x28, 0x61, 0x4F, 0x7E, 0x8C, 0x97, 0x79, 0xBD, 0xD1, 0x73, 0x07, 0x69, 0xDC, 0xE6, 0x6F, 0xD5,
    0x23, 0xEB, 0xB7, 0x89, 0x5B, 0xF0, 0x34, 0xA4, 0x6A, 0x56, 0x54, 0x42, 0xD4, 0x8F, 0x10, 0x37,
    0x92, 0xEA, 0x7F, 0x0A, 0xA4, 0xEA, 0x87, 0x3D, 0xC9, 0xFC, 0xDC, 0x6F, 0xB3, 0x72, 0x1B, 0x51,
    0x3A, 0x7F, 0x44, 0x5A, 0xCE, 0xD9, 0x25, 0x89, 0x9B, 0x79, 0x2A, 0xB2, 0xF0, 0xE0, 0xBB, 0x26,
    0x54, 0xB2, 0x26, 0x54, 0xF7, 0x4E, 0xDF, 0x5E, 0xD1, 0xA9, 0x7E, 0xEA, 0xCF, 0x7D, 0xDD, 0xFF,
    0xAE, 0xAB, 0x41, 0x3E, 0x07, 0xB4, 0x3E, 0xAA, 0xBB, 0x35, 0x15, 0x7D, 0xAC, 0x16, 0x45, 0x34,
    0xAF, 0xED, 0x88, 0xE2, 0xE3, 0xF0, 0xB6, 0x40, 0x2A, 0x62, 0xC1, 0x81, 0x68, 0xC3, 0x83, 0x9D,
    0x51, 0x1A, 0xD5, 0x04, 0xC8, 0x9B, 0x6C, 0x26, 0xEA, 0x24, 0x6A, 0xB8, 0xE9, 0x9A, 0x86, 0x5E,
    0xB0, 0x8D, 0x1E, 0xD3, 0x77, 0xC8, 0xDA, 0x12, 0xEC, 0x72, 0x62, 0x3B, 0x58, 0xFF, 0xC9, 0x7C,
    0x3B, 0xB0, 0x7D, 0x09, 0xD0, 0x34, 0xE8, 0xD9, 0xF2, 0x18, 0xB8, 0x06, 0xDA, 0xA1, 0x02, 0x4A,
    0xD0, 0x87, 0xA6, 0xA1, 0x43, 0x73, 0x8F, 0xAC, 0x43, 0xDA, 0x83, 0x41, 0x16, 0x1E, 0x2A, 0x7D,
    0x35, 0x96, 0xD6, 0x0A, 0x45, 0xA3, 0xA5, 0xB9, 0x9C, 0xE9, 0x2B, 0xC9, 0x58, 0x7A, 0xD4, 0x95,
    0x2F, 0x56, 0x40, 0x2B, 0xDD, 0xAB, 0xD2, 0x51, 0x83, 0xEA, 0x93, 0xF9, 0x5A, 0xB6, 0xDF, 0x4A,
    0x87, 0x2D, 0x85, 0xED, 0xCD, 0xD0, 0xB4, 0x7B, 0x32, 0x07, 0xF3, 0x0A, 0x80, 0x92, 0xD3, 0x74,
    0x9F, 0x53, 0xF6, 0x98, 0xCB, 0xC3, 0x48, 0x8D, 0x07, 0x0C, 0x58, 0x79, 0xE2, 0x90, 0x6F, 0x70,
    0xF4, 0xFB, 0x1C, 0x57, 0xA9, 0x53, 0xA5, 0xE1, 0x03, 0x55, 0x7F, 0x9B, 0x0B, 0x1E, 0x6F, 0x25,
    0x0E, 0x3E, 0x7F, 0x7A, 0x7A, 0xFA, 0x96, 0xE5, 0xA6, 0x4B, 0xE9, 0x3B, 0x57, 0xF4, 0x7C, 0x52,
    0x06, 0xE4, 0x83, 0x2E, 0x96, 0xFB, 0x6A, 0x15, 0x7D, 0x7C, 0xE3, 0x38, 0xEE, 0x11, 0x99, 0x7C,
    0x65, 0x41, 0x3E, 0xA2, 0xD5, 0x83, 0x43, 0x93, 0x05, 0x56, 0x78, 0x23, 0x1E, 0x16, 0x36, 0xB8,
    0x54, 0xEB, 0xC3, 0x35, 0x9F, 0xC9, 0xEB, 0xB5, 0x37, 0x03, 0x2A, 0x5F, 0xF5, 0x2B, 0x58, 0x1F,
    0xC1, 0x6E, 0x50, 0x7B, 0xBE, 0xC3, 0xF5, 0xE5, 0x50, 0x7C, 0xA3, 0x2B, 0x64, 0x31, 0x73, 0x22,
    0xA3, 0x59, 0x70, 0xC9, 0x61, 0x97, 0x6A, 0x21, 0x56, 0x8A, 0x89, 0x22, 0x22, 0xB6, 0x1F, 0x8A,
    0x7F, 0x45, 0x4D, 0x0B, 0x19, 0x56, 0xAC, 0x64, 0x59, 0xF1, 0x56, 0x22, 0x7A, 0x67, 0xCC, 0xC3,
    0xB3, 0xA7, 0x79, 0xDB, 0x06, 0xE5, 0xF6, 0xBC, 0x16, 0x17, 0xB0, 0x78, 0x08, 0xCD, 0x86, 0x4E,
    0x31, 0xD6, 0xA5, 0xFE, 0x90, 0x80, 0xDA, 0x27, 0xCB, 0x3B, 0x97, 0x05, 0xD5, 0x5C, 0xC9, 0x8C,
    0x7A, 0x2A, 0xA4, 0xD7, 0xE3, 0x22, 0x4D, 0xF6, 0x16, 0xC0, 0x75, 0x68, 0x79, 0x79, 0x32, 0x21,
    0x5D, 0x4A, 0x0F, 0xB1, 0x1E, 0x4B, 0xED, 0xF4, 0x25, 0xB0, 0xAA, 0x2B, 0xB8, 0x98, 0x5B, 0x66,
    0x07, 0xF0, 0xBA, 0xF5, 0x1A, 0xA4, 0x69, 0x19, 0x60, 0x8A, 0xE5, 0x4B, 0x77, 0x52, 0x91, 0x49,
    0x0F, 0x5D, 0x7A, 0x3B, 0x11, 0x53, 0x2E, 0x3A, 0x2F, 0xDA, 0x87, 0xCE, 0x2B, 0xC5, 0x23, 0xF1,
    0xF2, 0x9B, 0x44, 0x91, 0xBF, 0x08, 0xC8, 0x45, 0x7E, 0x12, 0x60, 0xC6, 0xE4, 0x7E, 0xE0, 0xD2,
    0x57, 0xAB, 0x1B, 0x2B, 0x7D, 0x2C, 0x5F, 0x86, 0x0B, 0xA6, 0x91, 0x33, 0x2C, 0x1E, 0xC2, 0xAD,
    0x4C, 0xED, 0x14, 0xB5, 0x6E, 0x6C, 0x27, 0xB6, 0x69, 0xE6, 0xCB, 0x3F, 0xE7, 0x94, 0x91, 0x7F,
    0x91, 0x13, 0xB4, 0x4B, 0x46, 0xED, 0x0F, 0x00, 0xE0, 0xF2, 0xB7, 0x63, 0x18, 0x21, 0x93, 0x9B,
    0x23, 0x8A, 0x21, 0x59, 0x50, 0x76, 0x10, 0x56, 0xAE, 0x1B, 0xDB, 0xAC, 0x5C, 0xBB, 0x15, 0x5A,
    0x10, 0x5E, 0x3F, 0xAC, 0xE3, 0xEB, 0x7F, 0x59, 0xA7, 0x68, 0x23, 0x60, 0x55, 0x85, 0xED, 0xAD,
    0x37, 0x6D, 0x45, 0xC7, 0xA6, 0xBA, 0x7E, 0xBB, 0x7C, 0x49, 0xDA, 0xF8, 0xAF, 0x6B, 0x34, 0xD8,
    0xF6, 0xCF, 0x15, 0x07, 0xBB, 0xF3, 0x6A, 0xF9, 0x9F, 0x02, 0x58, 0xC7, 0xDB, 0x4D, 0x58, 0x60,
    0xC1, 0x73, 0x04, 0x9C, 0x83, 0x84, 0xC0, 0x1E, 0xF1, 0xAA, 0x9C, 0x36, 0xFA, 0xDB, 0x53, 0x82,
    0x84, 0xA0, 0x6B, 0xF2, 0x4D, 0xB9, 0xA7, 0x7D, 0x38, 0xA8, 0x72, 0x7C, 0xFD, 0xE2, 0xF4, 0x09,
    0xFB, 0x7D, 0xF1, 0x68, 0xBF, 0x25, 0xAF, 0x34, 0xC9, 0x8C, 0x3A, 0x65, 0xC0, 0xDB, 0x06, 0xFA,
    0xA6, 0x17, 0xD9, 0x40, 0xCC, 0x07, 0x94, 0x44, 0xCA, 0xF1, 0xF7, 0x58, 0x86, 0xE5, 0x69, 0x91,
    0x0F, 0x66, 0x00, 0x25, 0x03, 0x00, 0xFB, 0x7A, 0xD7, 0x32, 0x12, 0x10, 0x08, 0xC9, 0x40, 0x84,
    0xC8, 0xBD, 0xED, 0x71, 0x6F, 0x25, 0x32, 0x22, 0x95, 0xD3, 0x76, 0x82, 0xE9, 0xD8, 0x48, 0xA5,
    0x23, 0xB6, 0x00, 0xEE, 0x28, 0xBE, 0xA3, 0x18, 0xBB, 0x98, 0xA0, 0xEF, 0x97, 0x51, 0x2C, 0x5F,
    0x69, 0x7D, 0xB4, 0x31, 0xF7, 0x26, 0x87, 0x8B, 0x01, 0x8B, 0x4A, 0x2E, 0xDE, 0x65, 0x45, 0x6A,
    0x1F, 0x43, 0x0C, 0x5C, 0x92, 0x91, 0x81, 0x64, 0x65, 0x26, 0x7D, 0x37, 0x15, 0x52, 0x77, 0xF6,
    0x6C, 0xBF, 0x6E, 0x1E, 0xDC, 0x44, 0xE1, 0x29, 0x92, 0x28, 0x25, 0xD2, 0xE8, 0xAA, 0x2E, 0x23,
    0xEC, 0x82, 0x5A, 0x66, 0x58, 0xD9, 0x0D, 0x4B, 0xF7, 0x40, 0xCD, 0xAA, 0xCA, 0x55, 0x3C, 0x94,
    0x2A, 0x71, 0xD8, 0x5B, 0x73, 0x8C, 0xE0, 0x8F, 0x9A, 0xD9, 0x87, 0xE7, 0x2B, 0x2C, 0x58, 0xD9,
    0x99, 0xB2, 0x81, 0xAE, 0x94, 0xC4, 0xD2, 0xE1, 0x5C, 0x32, 0xE2, 0x2F, 0xCB, 0xD9, 0x7E, 0x58,
    0x7D, 0xD4, 0x2F, 0xAB, 0x37, 0xFC, 0xB6, 0x9C, 0x9D, 0x7B, 0x13, 0xEA, 0x1E, 0xCF, 0x7D, 0x8C,
    0xF5, 0x37, 0xA2, 0x95, 0xB0, 0xE2, 0x1E, 0xE3, 0x9E, 0xD3, 0x73, 0xC5, 0xBC, 0x27, 0x9A, 0x86,
    0x68, 0x41, 0x9C, 0x88, 0x59, 0x20, 0x16, 0x3D, 0xB1, 0x1A, 0x88, 0xED, 0x44, 0xFC, 0xCD, 0x42,
    0x6C, 0xD4, 0xA0, 0x1C, 0x3D, 0x6B, 0xC5, 0x16, 0x06, 0x62, 0x31, 0x01, 0x82, 0x6C, 0x51, 0x9F,
    0x49, 0x43, 0x97, 0xD5, 0x23, 0x3D, 0xC6, 0x0B, 0x54, 0xFB, 0x48, 0x54, 0x61, 0x01, 0xDA, 0x8F,
    0xFD, 0x15, 0xE8, 0xAB, 0xBA, 0xBB, 0xB5, 0x08, 0x90, 0xBC, 0xC5, 0x2F, 0xDA, 0xA9, 0x92, 0xAE,
    0x94, 0x1E, 0xD5, 0xD4, 0xCA, 0xD0, 0x32, 0x86, 0xE6, 0xBE, 0x98, 0x87, 0x7C, 0x66, 0xE1, 0x54,
    0x7C, 0x42, 0xDD, 0xC0, 0xBD, 0x67, 0xD3, 0x44, 0x2D, 0xBC, 0x13, 0xE6, 0x4F, 0x5C, 0xC8, 0xCE,
    0x5E, 0x74, 0xDE, 0x94, 0x11, 0xEB, 0xB7, 0x1D, 0x45, 0x26, 0xAC, 0xDF, 0x76, 0xC6, 0x6E, 0x08,
    0xD4, 0xFF, 0x68, 0xDA, 0x29, 0x1F, 0x35, 0x57, 0x9D, 0x81, 0x88, 0x51, 0xE1, 0xD8, 0x66, 0xED,
    0x3E, 0x0E, 0x66, 0xB2, 0xA2, 0x6F, 0xE5, 0xBF, 0x50, 0xDF, 0xA5, 0x1A, 0xF5, 0xAC, 0x1B, 0x24,
    0x6A, 0x19, 0x90, 0xF1, 0x51, 0x80, 0x19, 0x50, 0x37, 0x65, 0x17, 0x4F, 0x08, 0xA6, 0xD7, 0xA7,
    0x05, 0xB5, 0x43, 0x3E, 0xB4, 0x88, 0x90, 0x8D, 0x72, 0x11, 0x78, 0x41, 0x61, 0xA8, 0x1D, 0x8A,
    0xF8, 0x9F, 0x3D, 0x15, 0xEB, 0x1A, 0x1E, 0x36, 0xF4, 0x8C, 0x92, 0xC8, 0xDB, 0x17, 0x37, 0x01,
    0x2E, 0x32, 0xF5, 0xC2, 0xD3, 0xC1, 0xDE, 0xA2, 0xA7, 0x03, 0xD1, 0xD3, 0x81, 0x7C, 0x02, 0xA7,
    0x83, 0x36, 0xA0, 0x5E, 0x91, 0xA7, 0x03, 0xB4, 0x95, 0xCC, 0x7A, 0x2A, 0xD1, 0x19, 0x7C, 0xE5,
    0x31, 0x91, 0x23, 0x11, 0x1D, 0x80, 0x3C, 0x3E, 0x51, 0x61, 0x4D, 0xE8, 0xBF, 0x4B, 0x72, 0x07,
    0x27, 0x8A, 0xBC, 0x28, 0x7D, 0x2E, 0xF2, 0xC3, 0xE5, 0xC4, 0x8C, 0xE9, 0xFD, 0xE1, 0x23, 0xEE,
    0xE0, 0xED, 0x93, 0xED, 0xE0, 0x1F, 0x04, 0x64, 0x22, 0x3F, 0x08, 0x40, 0xBB, 0x14, 0x2B, 0x26,
    0x07, 0x44, 0xE0, 0xF1, 0x68, 0x06, 0x62, 0x1D, 0xB7, 0x22, 0x0E, 0xFB, 0xD9, 0x53, 0xBE, 0x01,
    0x4C, 0xDF, 0x44, 0x3B, 0x56, 0xE2, 0x8E, 0xC6, 0x56, 0x7C, 0x3A, 0x05, 0x9E, 0x9F, 0xBC, 0xF5,
    0x89, 0xB8, 0xAB, 0x3A, 0xE1, 0x76, 0xB0, 0x6C, 0x30, 0xFF, 0x2F, 0x20, 0x13, 0xB5, 0xD7, 0x5D,
    0xDD, 0xD9, 0xA2, 0xB5, 0x12, 0x91, 0xA6, 0xF8, 0xF5, 0x51, 0x28, 0x7D, 0x1E, 0x2A, 0x97, 0x05,
    0xEB, 0xD2, 0x35, 0x27, 0xCE, 0xFA, 0xF8, 0x50, 0xC7, 0x48, 0x83, 0x54, 0x66, 0x56, 0x6B, 0xE2,
    0x71, 0xAA, 0x1A, 0x81, 0x7C, 0x7A, 0x06, 0xC9, 0xF4, 0x02, 0x30, 0xED, 0xAF, 0xD9, 0x22, 0x19,
    0x6D, 0x93, 0x87, 0xF2, 0x5E, 0xDB, 0xE5, 0xB2, 0x00, 0x57, 0x1C, 0x34, 0xFD, 0x31, 0x80, 0xB5,
    0x10, 0xAE, 0xEB, 0x26, 0x89, 0x74, 0xD1, 0xCD, 0xB4, 0xA9, 0xD7, 0xAC, 0xCA, 0xCF, 0x1F, 0x21,
    0xB3, 0x9E, 0x30, 0x37, 0x40, 0x7D, 0xDF, 0xA3, 0x14, 0x1F, 0xA7, 0xAE, 0x26, 0x2B, 0x5C, 0xF4,
    0xB1, 0x27, 0xE0, 0xC2, 0x0F, 0x01, 0x6A, 0xA5, 0xA7, 0xBF, 0x21, 0xB6, 0xB1, 0xE9, 0x3A, 0x3E,
    0x4E, 0xA4, 0x87, 0x48, 0xC3, 0xDE, 0xBB, 0x1D, 0x8D, 0x26, 0xE5, 0x02, 0xA4, 0x32, 0x1A, 0xD1,
    0xB3, 0xCB, 0x96, 0x44, 0x42, 0x21, 0xD3, 0x91, 0x9C, 0x5C, 0x96, 0xF7, 0xF2, 0x19, 0xB0, 0x2E,
    0xD3, 0xBB, 0x88, 0x74, 0x56, 0x2B, 0x2D, 0xC0, 0xB1, 0xAA, 0x7B, 0x4B, 0x5B, 0x0E, 0xDA, 0x30,
    0x6D, 0xEE, 0xB3, 0x0E, 0x28, 0xFB, 0x4C, 0x9F, 0x19, 0x15, 0x0D, 0x27, 0x91, 0x71, 0x0C, 0x6F,
    0xA3, 0xB7, 0x3C, 0xDC, 0x6D, 0xD3, 0xE9, 0x1A, 0x68, 0x9F, 0x63, 0xA2, 0xC4, 0xD9, 0x15, 0x88,
    0xB6, 0x27, 0x56, 0x1D, 0x2E, 0xA8, 0x81, 0x09, 0xA5, 0x84, 0x55, 0x13, 0xCC, 0xC8, 0xE5, 0xA4,
    0x98, 0xD4, 0x3D, 0xEF, 0x20, 0x9B, 0x74, 0x9A, 0xDC, 0x8E, 0x82, 0xC3, 0x2D, 0x4E, 0x9D, 0xA2,
    0x6D, 0x30, 0x50, 0x3D, 0x53, 0x7A, 0x6A, 0x25, 0x28, 0x4D, 0x97, 0xEA, 0xBB, 0xB4, 0xAB, 0xA6,
    0xA7, 0x6E, 0x75, 0x73, 0x2D, 0x0F, 0x99, 0x5A, 0xE2, 0x38, 0x1B, 0xF2, 0x86, 0x3A, 0xDF, 0xCA,
    0x26, 0x2A, 0x59, 0x76, 0x21, 0x99, 0xA8, 0xA7, 0xF9, 0x69, 0xC0, 0x5C, 0x52, 0xF8, 0x65, 0x87,
    0x85, 0x3A, 0xE7, 0xBF, 0xF2, 0xA8, 0xA9, 0x76, 0xF6, 0x5B, 0x0F, 0x4B, 0xCD, 0xD9, 0xA5, 0x1D,
    0x77, 0xF7, 0xD2, 0x25, 0x47, 0x91, 0xC4, 0xF0, 0x8C, 0xEE, 0x37, 0xFD, 0x03, 0x4F, 0x4F, 0x56,
    0xFA, 0x3D, 0x79, 0x8F, 0x5B, 0xA8, 0x34, 0xD9, 0xC8, 0xAE, 0xB3, 0x9E, 0x56, 0xCA, 0x3D, 0x50,
    0x0C, 0xD1, 0x32, 0xF1, 0xB9, 0xC4, 0x2D, 0x62, 0x7B, 0xEE, 0xBE, 0xBE, 0x8C, 0xF2, 0x48, 0xFC,
    0xCD, 0xCC, 0xEE, 0x7A, 0xA1, 0x3E, 0xDE, 0xD2, 0xC2, 0x28, 0x7B, 0x3A, 0xA5, 0x18, 0x76, 0x76,
    0x48, 0xD5, 0x14, 0x37, 0xE5, 0xE4, 0x48, 0x06, 0x7D, 0x78, 0x32, 0x42, 0xD3, 0x2A, 0x1B, 0x19,
    0xD4, 0x9B, 0xDC, 0x1C, 0x50, 0xE3, 0x81, 0x37, 0x6F, 0x00, 0x6A, 0x46, 0xB4, 0x00, 0x75, 0x6B,
    0x12, 0xF5, 0x66, 0x1A, 0x68, 0x10, 0x5A, 0xCC, 0x04, 0xD5, 0x53, 0xBD, 0x99, 0x8D, 0xC6, 0xD1,
    0x83, 0xA5, 0x46, 0x2A, 0x2D, 0x83, 0x45, 0x35, 0xAF, 0x8F, 0x1F, 0xE8, 0x59, 0x9D, 0xBF, 0x8B,
    0xE9, 0x14, 0xBD, 0x62, 0xA3, 0x57, 0x1D, 0xD1, 0x12, 0x18, 0x6B, 0x6C, 0x6D, 0x2B, 0x7E, 0x59,
    0x3A, 0x96, 0x58, 0x80, 0x07, 0xB1, 0x19, 0xD7, 0x1D, 0xF1, 0xD5, 0x0A, 0x4D, 0xE5, 0x20, 0xB8,
    0x8A, 0x6C, 0xC6, 0x17, 0x91, 0x8F, 0x78, 0x2E, 0x56, 0x53, 0x53, 0xD5, 0x4D, 0x0C, 0x38, 0x5E,
    0x04, 0x2F, 0xE2, 0xE1, 0x8B, 0x89, 0x4B, 0x67, 0x64, 0x3E, 0x1F, 0x57, 0xD0, 0x07, 0x44, 0xD5,
    0xFB, 0x87, 0xAF, 0xF8, 0x5A, 0x44, 0x22, 0x00, 0x3B, 0xFB, 0x67, 0xF2, 0xC6, 0xF6, 0x1E, 0xB9,
    0xEC, 0x9F, 0x20, 0x77, 0xF1, 0x7E, 0xB9, 0x8E, 0xEF, 0x98, 0xED, 0x00, 0xFC, 0xE1, 0xA2, 0xFD,
    0xF2, 0x77, 0x5E, 0x7F, 0xB2, 0x76, 0xD8, 0x1F, 0xFB, 0x65, 0xFF, 0xBB, 0xA8, 0xC0, 0xB5, 0x27,
    0x4B, 0x9F, 0x3B, 0x73, 0xC0, 0x17, 0x44, 0xCF, 0x5B, 0x31, 0xFA, 0x2B, 0xE6, 0xEE, 0x77, 0x67,
    0xD3, 0xC7, 0x8E, 0x53, 0x39, 0xD1, 0x8E, 0x53, 0xBE, 0xB0, 0x1F, 0xA8, 0xD4, 0x93, 0xD5, 0xAF,
    0xFC, 0xF6, 0x92, 0x9D, 0xFD, 0xD3, 0x00, 0x4C, 0xC9, 0x9B, 0x48, 0xDE, 0x30, 0x82, 0x34, 0x54,
    0xD2, 0x65, 0xFD, 0x7E, 0x3E, 0x64, 0xDD, 0x31, 0x96, 0xC2, 0xDF, 0x82, 0x15, 0x37, 0xA2, 0x58,
    0x70, 0x80, 0xF5, 0xFB, 0x3F, 0xB4, 0x92, 0x81, 0x87, 0x25, 0xC9, 0x1D, 0xC7, 0x3F, 0xF5, 0x7A,
    0xDF, 0xB4, 0xA4, 0x51, 0xC1, 0x4D, 0xB0, 0x9C, 0x02, 0x88, 0x4D, 0x6C, 0x01, 0x1C, 0x66, 0x5F,
    0x95, 0x03, 0x08, 0x2C, 0xF6, 0xFD, 0x13, 0x0B, 0x03, 0x70, 0x98, 0xB9, 0xAA, 0xDC, 0xFD, 0x03,
    0x83, 0x03, 0x20, 0x41, 0xC4, 0x79, 0x10, 0x78, 0x38, 0x31, 0x37, 0x5D, 0xF9, 0x0F, 0x5A, 0x08,
    0x80, 0xF4, 0x71, 0x81, 0x85, 0x34, 0x3A, 0xF4, 0x8D, 0xEE, 0xFE, 0xA5, 0xBA, 0x6F, 0x1E, 0xBB,
    0xC3, 0x4A, 0x96, 0x5C, 0x55, 0xD7, 0xE7, 0xCB, 0xCF, 0xAF, 0xAB, 0x5E, 0xBD, 0x4F, 0x3F, 0x21,
    0x44, 0x49, 0x92, 0xEA, 0xE4, 0x00, 0x80, 0xE7, 0x79, 0x5A, 0x2C, 0xEE, 0xED, 0xE9, 0x9D, 0x0F,
    0xCB, 0x8C, 0x21, 0xD6, 0xCB, 0xCC, 0xFD, 0x00, 0xBF, 0x00, 0x38, 0x9E, 0xA0, 0x06, 0xC0, 0x4A,
    0xCB, 0x46, 0x64, 0xA6, 0xEA, 0x8F, 0xE2, 0x4D, 0x7B, 0x0C, 0xD1, 0xA5, 0x63, 0xDE, 0x20, 0x1E,
    0x77, 0x04, 0x7F, 0x84, 0x9A, 0x0C, 0x79, 0x1F, 0xEA, 0x15, 0x3E, 0x23, 0xC4, 0x8C, 0xFC, 0xAE,
    0xC2, 0x74, 0xC7, 0xD2, 0x57, 0xD3, 0xD1, 0xFA, 0xBC, 0xB3, 0x40, 0x90, 0x01, 0xD4, 0xBD, 0x07,
    0x8E, 0xBC, 0x83, 0xD7, 0x5F, 0x41, 0x25, 0xE2, 0x71, 0xFF, 0xAC, 0x1B, 0x04, 0xDD, 0xA9, 0x91,
    0xB2, 0xDB, 0x8C, 0x14, 0x5D, 0x31, 0x50, 0x34, 0x19, 0x8A, 0x0C, 0xC8, 0xB5, 0x07, 0x30, 0x01,
    0xCC, 0x00, 0x35, 0xE0, 0x44, 0x46, 0x9E, 0xD5, 0x6F, 0xBE, 0x06, 0x93, 0x00, 0xBD, 0xA2, 0x01,
    0xAA, 0x07, 0x9C, 0x6A, 0x11, 0xB0, 0x00, 0x57, 0x9E, 0x8D, 0x12, 0x89, 0x55, 0x29, 0x79, 0x98,
    0x37, 0x22, 0xE3, 0xC7, 0x9C, 0x49, 0x0B, 0x9C, 0xF3, 0x04, 0x14, 0x2F, 0xD4, 0xAB, 0x32, 0xB9,
    0x4B, 0xF9, 0x7D, 0xD2, 0xF2, 0x2F, 0xA1, 0xE8, 0x97, 0xDF, 0xD5, 0xB0, 0x43, 0x47, 0x0C, 0x1A,
    0xF4, 0x0A, 0xFF, 0x23, 0x3C, 0x9A, 0x2A, 0x61, 0x29, 0x5A, 0xAE, 0x29, 0xA7, 0x72, 0xC2, 0x88,
    0x88, 0x77, 0xD5, 0xAC, 0x9B, 0xDF, 0x40, 0x11, 0x01, 0x38, 0xDF, 0xFB, 0xED, 0xDE, 0x8B, 0x74,
    0x5A, 0xBA, 0x4B, 0xB9, 0x39, 0x93, 0x9B, 0xDC, 0xC8, 0x1D, 0x45, 0xE6, 0x2D, 0x6A, 0x86, 0x01,
    0x04, 0xD5, 0x41, 0xF0, 0x9B, 0x16, 0x5C, 0x2A, 0x12, 0x98, 0xA6, 0x8A, 0xA0, 0x3B, 0x0D, 0x94,
    0xFD, 0x73, 0xA0, 0x18, 0x2E, 0x00, 0x35, 0x7E, 0x06, 0x30, 0x75, 0xC0, 0x41, 0xEE, 0xFF, 0x88,
    0x12, 0x91, 0x01, 0xF6, 0xE1, 0xEF, 0x2F, 0x01, 0x9B, 0x38, 0x71, 0xAD, 0xAB, 0x95, 0x6B, 0xE5,
    0x11, 0xDD, 0xCA, 0xD0, 0x02, 0xBF, 0x96, 0x39, 0x82, 0x13, 0x69, 0xE0, 0xE2, 0xD1, 0x00, 0x00,
    0x3E, 0x7A, 0x54, 0xFE, 0x15, 0x00, 0x5C, 0xCE, 0x50, 0x88, 0x34, 0xE8, 0x56, 0x77, 0x98, 0x58,
    0x0C, 0x38, 0xD4, 0x02, 0xFA, 0x05, 0x37, 0x38, 0x7F, 0x3A, 0xD1, 0x0C, 0x80, 0x96, 0x08, 0x56,
    0x06, 0xB8, 0x08, 0x12, 0xF9, 0xA6, 0x92, 0x8E, 0x81, 0x7A, 0x64, 0xA4, 0x9A, 0x99, 0x51, 0x42,
    0x88, 0x38, 0xEF, 0x06, 0x6C, 0x34, 0xE2, 0x8D, 0x2F, 0xA5, 0x37, 0x50, 0xCB, 0x0E, 0x2A, 0x19,
    0x01, 0xE9, 0x01, 0x73, 0xFA, 0x3A, 0xE0, 0x5B, 0x7E, 0x06, 0xD7, 0x3C, 0x87, 0x17, 0x38, 0xB8,
    0xC0, 0x79, 0x6E, 0xB1, 0x49, 0xF5, 0xE8, 0x1F, 0x2E, 0xD7, 0x0F, 0xDD, 0xC3, 0x2F, 0x5F, 0xC2,
    0x96, 0x8F, 0x70, 0xBE, 0x26, 0x44, 0x59, 0x97, 0xE5, 0x1A, 0x50, 0x87, 0xAF, 0x00, 0xA8, 0x45,
    0x22, 0x50, 0xCA, 0x9F, 0xFE, 0x3C, 0x00, 0xAE, 0x41, 0xD5, 0x1E, 0x66, 0x40, 0x37, 0x14, 0x3D,
    0xB0, 0xE9, 0xA9, 0x1A, 0x25, 0x13, 0x23, 0x3A, 0xEA, 0xFB, 0x3A, 0xEE, 0xB0, 0x38, 0x6F, 0x92,
    0xE1, 0x05, 0x13, 0x3A, 0x69, 0x7F, 0xA5, 0x46, 0xB6, 0x54, 0xF1, 0x36, 0xF7, 0x42, 0x99, 0xBE,
    0x59, 0x5F, 0x2C, 0xD2, 0x50, 0x74, 0x6B, 0xF6, 0x3F, 0x66, 0x73, 0xCA, 0x53, 0x7D, 0xED, 0xCB,
    0xFD, 0x57, 0x9B, 0x61, 0xCD, 0x0B, 0x35, 0x82, 0xD7, 0x71, 0xC7, 0x8C, 0xCA, 0xFB, 0x1A, 0x5C,
    0xAA, 0x92, 0x5D, 0xCE, 0x15, 0xE1, 0x9A, 0xB2, 0x55, 0xF5, 0xF7, 0x8C, 0xAC, 0xED, 0x45, 0x07,
    0x35, 0x60, 0x13, 0x98, 0x9E, 0x33, 0x01, 0x36, 0x22, 0xD2, 0x03, 0x58, 0x99, 0x3D, 0x00, 0x7B,
    0xFF, 0xC0, 0x4A, 0x7A, 0x4C, 0x33, 0x61, 0xE2, 0x1D, 0x67, 0xFE, 0x0E, 0xA8, 0x39, 0x13, 0xC1,
    0x36, 0x35, 0x81, 0xFA, 0x61, 0x0A, 0xE1, 0x53, 0xC1, 0x89, 0x6B, 0xAA, 0xE1, 0xE9, 0x0D, 0x00,
    0x9A, 0x17, 0xEC, 0xB8, 0x25, 0x5F, 0x6E, 0x33, 0x94, 0x5D, 0xD5, 0x99, 0xC6, 0xB4, 0x2E, 0xBA,
    0x24, 0x84, 0xBF, 0x0A, 0x39, 0xBD, 0xEE, 0x5C, 0x2A, 0x7A, 0xDD, 0xA8, 0xB1, 0xE8, 0xB8, 0x56,
    0x03, 0x96, 0x2B, 0x2A, 0xFF, 0xF1, 0xF9, 0x7E, 0xBF, 0xF7, 0x41, 0x44, 0xDA, 0x15, 0x40, 0xF1,
    0x3F, 0x02, 0xCE, 0xF7, 0xAF, 0x9C, 0x4C, 0xF9, 0x79, 0x76, 0xF8, 0xFA, 0x83, 0x7D, 0xFD, 0xED,
    0x70, 0xB8, 0x61, 0x44, 0x7F, 0x21, 0x32, 0xB1, 0xF8, 0xB2, 0x31, 0xF8, 0xC5, 0x97, 0x89, 0x66,
    0xF1, 0x95, 0x53, 0xA7, 0xEC, 0x6B, 0xCD, 0xEC, 0x6B, 0xCD, 0xEC, 0x2B, 0xA7, 0xF5, 0xD9, 0x17,
    0xE6, 0xCD, 0xB4, 0xF8, 0xC2, 0x48, 0x97, 0x33, 0xD7, 0xBF, 0xEC, 0x29, 0x96, 0xBE, 0x2F, 0xC6,
    0xC5, 0x17, 0x26, 0xCE, 0x8B, 0xAF, 0x9C, 0x81, 0xEC, 0x2B, 0xA7, 0x5B, 0x7D, 0xD9, 0xA4, 0x5B,
    0x8B, 0xFE, 0x52, 0xC6, 0x6A, 0xCA, 0xBE, 0xBE, 0xDB, 0xBF, 0x52, 0xFB, 0x0F, 0xF7, 0xB5, 0xFC,
    0x6F, 0xF9, 0xF6, 0x22, 0xD3, 0x0A, 0x5E, 0x47, 0x0A, 0x19, 0xD0, 0xF7, 0x33, 0x36, 0x5A, 0xEF,
    0xD6, 0x23, 0x75, 0xDA, 0x51, 0xA5, 0x25, 0xED, 0x72, 0xAD, 0x26, 0x50, 0xC9, 0x84, 0x92, 0x16,
    0x9E, 0x00, 0xFC, 0x01, 0xA0, 0x7B, 0x3F, 0xF2, 0x29, 0xFF, 0x7E, 0xD7, 0x4E, 0x07, 0xFF, 0x0D,
    0x2F, 0x79, 0x6B, 0x3C, 0xD6, 0xFB, 0xDA, 0xA3, 0x65, 0xC0, 0xA6, 0x19, 0x47, 0xC0, 0xE1, 0xFC,
    0x36, 0x2F, 0x08, 0xC0, 0x1D, 0x30, 0xAE, 0x76, 0x28, 0x1B, 0x30, 0xC0, 0x2D, 0x6C, 0xDA, 0x4D,
    0xF6, 0x50, 0x24, 0x27, 0x12, 0x43, 0x5E, 0xCF, 0x0E, 0x07, 0x7F, 0xDA, 0xC7, 0xC5, 0x19, 0x47,
    0xBD, 0xEE, 0xB5, 0x25, 0x00, 0x33, 0xAB, 0x62, 0x89, 0xB0, 0xEA, 0xAF, 0x01, 0x17, 0xC1, 0xA6,
    0x4F, 0x70, 0xD9, 0x8A, 0x8B, 0x9F, 0x23, 0x58, 0x19, 0x39, 0x93, 0x1B, 0xD8, 0xA3, 0x84, 0x22,
    0x0B, 0xEB, 0xD0, 0x09, 0x0B, 0x9F, 0x71, 0x1A, 0xB8, 0x88, 0x4D, 0xFF, 0x0F, 0xB8, 0xE4, 0xD2,
    0x0A, 0xEA, 0x14, 0x5A, 0x25, 0x4D, 0xF8, 0xA1, 0xFA, 0x47, 0xF7, 0xB9, 0xC8, 0x6F, 0xA7, 0xAB,
    0x30, 0xA9, 0xF9, 0x5A, 0x79, 0xF8, 0x16, 0x1E, 0x70, 0x07, 0x50, 0xAF, 0x48, 0x40, 0xE8, 0x01,
    0xD7, 0x01, 0xB6, 0x05, 0x94, 0xE7, 0x34, 0x94, 0xE4, 0xD1, 0x55, 0x0B, 0x6F, 0x8C, 0x88, 0x1A,
    0x70, 0x99, 0xDD, 0x03, 0xC3, 0x7B, 0xE8, 0xDE, 0xA2, 0x5D, 0xA9, 0x57, 0x16, 0x2B, 0x79, 0x5D,
    0x2F, 0xC4, 0xFE, 0xC4, 0x74, 0xAA, 0x87, 0xAD, 0xA8, 0xD9, 0x63, 0x44, 0x49, 0xC7, 0x76, 0xCF,
    0xFE, 0xE5, 0x53, 0x1F, 0x52, 0xDD, 0x84, 0xC6, 0xA5, 0x9F, 0xA3, 0x3C, 0x45, 0xA2, 0xF8, 0x9E,
    0x72, 0x86, 0xE0, 0xB1, 0x71, 0x79, 0x9C, 0xFF, 0x8B, 0x50, 0x8F, 0x9C, 0x7B, 0x50, 0x1E, 0x4C,
    0x42, 0x49, 0xC2, 0xE6, 0xE5, 0x5C, 0x82, 0x0F, 0x58, 0x4F, 0xE5, 0x9E, 0xA7, 0x87, 0x03, 0xCB,
    0x5E, 0x85, 0x0C, 0x98, 0xEF, 0x6A, 0x5C, 0x74, 0x31, 0x60, 0x52, 0x40, 0xA7, 0x1A, 0xDD, 0x9C,
    0xD6, 0x52, 0x73, 0xDE, 0x26, 0x9B, 0x59, 0xDD, 0x4F, 0xA8, 0xBA, 0x05, 0xE0, 0x82, 0x1E, 0xCB,
    0x15, 0x3A, 0x39, 0xCA, 0xCE, 0xA4, 0x62, 0xD0, 0x9D, 0x9A, 0x8B, 0x01, 0xF9, 0x74, 0xA6, 0xFE,
    0x9D, 0x20, 0xC5, 0xB4, 0x99, 0xCA, 0xBE, 0xE8, 0x75, 0x5B, 0x35, 0x26, 0xEA, 0xB8, 0xE3, 0x39,
    0xB7, 0x7C, 0x42, 0x07, 0xDB, 0x93, 0xCE, 0xFF, 0x94, 0x6F, 0x05, 0x90, 0x96, 0x64, 0xE9, 0xF9,
    0x3B, 0x55, 0xDE, 0x2B, 0x52, 0x91, 0x5A, 0x74, 0x47, 0x32, 0xCF, 0x4E, 0x41, 0xB0, 0x96, 0xE9,
    0x82, 0x80, 0xE8, 0xF7, 0xEA, 0x8C, 0x41, 0x10, 0x6C, 0xA3, 0x5F, 0x60, 0xB0, 0x10, 0x48, 0xE0,
    0x01, 0x2C, 0x5E, 0xB6, 0x4A, 0x02, 0x80, 0x69, 0xEC, 0x04, 0x82, 0x0C, 0x84, 0xF4, 0x1D, 0x3C,
    0x18, 0xBC, 0xD0, 0x33, 0x55, 0x49, 0x10, 0x40, 0x8A, 0x58, 0x00, 0x5B, 0x89, 0x5D, 0x49, 0xBA,
    0x91, 0x0A, 0xB5, 0x3B, 0xD5, 0x9D, 0x5B, 0xF5, 0xA7, 0xFE, 0xEF, 0x3F, 0xDE, 0xBD, 0x2F, 0xAF,
    0xBB, 0xC5, 0x66, 0xC7, 0xD3, 0xDD, 0x47, 0xDF, 0xEF, 0x3B, 0x5D, 0xB7, 0xAA, 0xCE, 0xFF, 0x7F,
    0xB7, 0xCE, 0x39, 0xE7, 0xFF, 0x4F, 0xBD, 0xA2, 0xB6, 0x05, 0x89, 0x93, 0xDA, 0x1E, 0xFB, 0x33,
    0xAD, 0x9C, 0x00, 0xF8, 0xA1, 0x3E, 0xBB, 0xE7, 0x08, 0x0F, 0xF1, 0x14, 0x2A, 0x6E, 0x08, 0x95,
    0xB8, 0x0F, 0x95, 0xA4, 0xB5, 0x0A, 0x6F, 0xC3, 0x4A, 0x8E, 0x50, 0x39, 0xC1, 0x5D, 0xAB, 0x9C,
    0xA3, 0xAA, 0x59, 0x99, 0x20, 0xAC, 0xB8, 0x21, 0xB2, 0x4A, 0xDC, 0x27, 0x4D, 0x8D, 0xEF, 0xCA,
    0x8B, 0xA4, 0xCD, 0xCA, 0xB5, 0xB2, 0xD9, 0x64, 0xF5, 0x07, 0xDA, 0xA0, 0x5A, 0xF3, 0x03, 0xAB,
    0x9C, 0x60, 0xB0, 0xCA, 0x79, 0xD4, 0x59, 0x65, 0x4A, 0x6A, 0x56, 0xDC, 0x90, 0x09, 0xE7, 0xD2,
    0xB8, 0xFF, 0xB5, 0x4D, 0xF3, 0x94, 0xD3, 0x14, 0xDB, 0x31, 0xA7, 0x58, 0xC9, 0xC1, 0x0A, 0x9D,
    0x3A, 0x94, 0x09, 0x74, 0xEA, 0x50, 0x87, 0xED, 0x03, 0xF0, 0x43, 0x0D, 0xCA, 0x20, 0xC1, 0x71,
    0x50, 0xE0, 0x49, 0x10, 0x60, 0xB4, 0xAB, 0xA3, 0xC1, 0x38, 0xEE, 0x8C, 0xD3, 0xD6, 0x38, 0xF3,
    0xC6, 0x05, 0x8C, 0x8F, 0x03, 0x3F, 0x71, 0x8F, 0xC9, 0x63, 0x29, 0xFD, 0xCA, 0xD1, 0x20, 0xF1,
    0xA4, 0xDE, 0x76, 0x5B, 0xB7, 0x5D, 0x39, 0x6D, 0xB7, 0x6E, 0x5E, 0x9D, 0xCE, 0xFC, 0x9D, 0x95,
    0x37, 0x9B, 0x02, 0x70, 0x5B, 0xB0, 0xF5, 0x68, 0x02, 0x5B, 0xE7, 0x24, 0x3C, 0x42, 0x5B, 0x62,
    0xEB, 0xB9, 0x07, 0x5B, 0x3F, 0x87, 0x1E, 0xE3, 0x21, 0x6D, 0x3D, 0xAD, 0x53, 0x68, 0xEB, 0xF7,
    0xF0, 0x1B, 0xBC, 0x5C, 0x64, 0xE1, 0x22, 0x8E, 0x3C, 0xC2, 0x6D, 0x36, 0x8F, 0x75, 0xC4, 0x82,
    0x03, 0x47, 0x2D, 0x64, 0x9E, 0x23, 0x17, 0x0A, 0x70, 0xF4, 0xC2, 0xB1, 0x72, 0xC5, 0x16, 0x0F,
    0x94, 0xD5, 0x5F, 0x2C, 0x76, 0xFB, 0x78, 0x34, 0x7F, 0x25, 0xF8, 0x7B, 0x31, 0x99, 0xBF, 0x68,
    0x50, 0xC0, 0x1C, 0x3D, 0xC6, 0x43, 0x4E, 0x1A, 0x4F, 0xDC, 0x02, 0x1D, 0xE5, 0xC6, 0x78, 0xC1,
    0x39, 0xCA, 0x3F, 0x1B, 0xD2, 0x05, 0x3F, 0x84, 0xC4, 0xDD, 0xFB, 0x8B, 0x8E, 0x78, 0x69, 0x7B,
    0x7F, 0xD1, 0x51, 0x2F, 0xF3, 0x5F, 0x2C, 0x60, 0x47, 0xEC, 0xC9, 0xC7, 0x71, 0x4B, 0x7E, 0x92,
    0x7A, 0xF2, 0xF8, 0x3E, 0x94, 0xA3, 0xA1, 0x14, 0x99, 0xD5, 0xDF, 0xEF, 0x6E, 0xE4, 0x6F, 0x4C,
    0x83, 0xC5, 0xFC, 0x25, 0x17, 0x20, 0xAB, 0xF1, 0x47, 0xD2, 0xD3, 0xF8, 0xF7, 0x36, 0x9F, 0x59,
    0x5C, 0x11, 0xCD, 0x6A, 0xF9, 0xA2, 0x20, 0x56, 0xA3, 0xB6, 0x37, 0xCB, 0x78, 0x13, 0x9C, 0x42,
    0xAE, 0xD0, 0x74, 0xE1, 0xD2, 0x6C, 0xB2, 0xD1, 0xCF, 0xBA, 0x2E, 0x1F, 0xE3, 0x00, 0x1E, 0x77,
    0x14, 0x74, 0x1E, 0xD1, 0xD5, 0x61, 0x8B, 0xCA, 0x67, 0x3D, 0x04, 0xC9, 0xFC, 0xF1, 0x0C, 0x34,
    0xA2, 0x83, 0xCC, 0x63, 0x4E, 0x9A, 0x0A, 0x54, 0x71, 0xB7, 0xC8, 0x45, 0xD6, 0x93, 0xE2, 0x81,
    0x84, 0xAD, 0xD1, 0x07, 0x78, 0x49, 0xB9, 0x63, 0xD4, 0x18, 0x89, 0x07, 0xEC, 0x59, 0xA5, 0x8B,
    0x2D, 0xE9, 0x27, 0x9D, 0x52, 0xFA, 0x49, 0xAF, 0x94, 0x7D, 0x6F, 0x50, 0xCA, 0x13, 0xFA, 0x75,
    0x2F, 0xDE, 0x9A, 0xD2, 0xA4, 0x73, 0x47, 0x9D, 0x27, 0x88, 0xF9, 0x2C, 0x5E, 0xD5, 0xA6, 0x47,
    0x71, 0x4F, 0xDB, 0x92, 0x16, 0x45, 0x07, 0xA4, 0x3F, 0x3E, 0x3D, 0x1B, 0x80, 0x4C, 0x44, 0x56,
    0xCA, 0x37, 0x9B, 0x8B, 0x91, 0x3D, 0x28, 0xD9, 0x52, 0xF6, 0x78, 0x6B, 0x13, 0xA4, 0xC5, 0x0A,
    0x10, 0x93, 0x4E, 0x3C, 0xFD, 0x69, 0x6A, 0x36, 0x2D, 0xDD, 0x85, 0x3C, 0xD2, 0x95, 0xBC, 0x68,
    0x1F, 0x10, 0xD9, 0x69, 0x11, 0x2D, 0x24, 0x33, 0x09, 0xD9, 0x40, 0xCA, 0x5B, 0xD2, 0x09, 0x11,
    0x97, 0x6F, 0xB9, 0x12, 0x26, 0x84, 0x13, 0xBF, 0x67, 0x7C, 0x2A, 0xB4, 0x3A, 0xFF, 0x87, 0xD1,
    0x84, 0xD8, 0x9A, 0x65, 0xF7, 0xDE, 0x6E, 0x25, 0xAC, 0x14, 0x5D, 0xA4, 0xD6, 0xCB, 0x1C, 0xB7,
    0x40, 0xF4, 0x42, 0x2E, 0xB4, 0xF5, 0xB6, 0xE2, 0x32, 0xD4, 0x27, 0xD3, 0x5B, 0x2D, 0xC1, 0x1D,
    0xF3, 0xA5, 0xC1, 0xAC, 0x24, 0x66, 0x4B, 0x03, 0x25, 0xC6, 0x36, 0x56, 0xDE, 0x6A, 0x09, 0x9C,
    0xF8, 0xFD, 0x1E, 0xF0, 0xA1, 0x19, 0x88, 0x4B, 0x1B, 0x14, 0xCF, 0xF7, 0xFE, 0x97, 0xFD, 0x05,
    0x7D, 0x48, 0x84, 0x8E, 0xB9, 0x37, 0xD9, 0x69, 0x86, 0x28, 0xA7, 0x0F, 0x2C, 0x70, 0xB4, 0x50,
    0xEB, 0x48, 0x96, 0x4D, 0x33, 0xD2, 0x87, 0x11, 0x16, 0x77, 0xFF, 0xD3, 0x08, 0x4C, 0xF4, 0x63,
    0x04, 0x25, 0xC8, 0xB3, 0x50, 0x39, 0xD6, 0xCA, 0x1F, 0xE9, 0xF4, 0xA9, 0x15, 0x7A, 0xC0, 0x8A,
    0xFA, 0x10, 0x2A, 0x71, 0x1B, 0x2A, 0x69, 0x1D, 0x2A, 0x99, 0x3A, 0xB1, 0xA8, 0x12, 0xF4, 0x86,
    0x0B, 0xC9, 0xF0, 0xD5, 0x14, 0x2A, 0xEE, 0xF9, 0xE9, 0xF7, 0x59, 0x89, 0x83, 0x55, 0x48, 0x9E,
    0xD2, 0x61, 0xAE, 0xAA, 0xEC, 0x9C, 0x1C, 0xA1, 0x72, 0x62, 0x95, 0x0C, 0xE7, 0x56, 0xC9, 0x31,
    0x59, 0xA5, 0x88, 0x46, 0xAB, 0x94, 0xC9, 0xC4, 0x59, 0xD5, 0x49, 0xA3, 0xC9, 0x26, 0x2B, 0x7D,
    0xAA, 0xB8, 0x00, 0xBF, 0xF9, 0x58, 0x35, 0x17, 0xD1, 0x73, 0x5E, 0x7C, 0x2C, 0x2A, 0x17, 0xA4,
    0xD6, 0x59, 0xBC, 0x6A, 0xF5, 0xC2, 0xB2, 0xCD, 0x06, 0xA0, 0xF0, 0x79, 0x0F, 0xCD, 0x95, 0x74,
    0x7B, 0x89, 0x22, 0x62, 0x63, 0x58, 0xBF, 0x16, 0xF7, 0xCE, 0x37, 0x0C, 0xF7, 0xB1, 0xA7, 0x6D,
    0xA0, 0x67, 0x13, 0x1D, 0x9D, 0x81, 0xB8, 0x8E, 0xC4, 0x23, 0xAF, 0xD1, 0x3C, 0x3F, 0xD4, 0x8A,
    0xC8, 0x4C, 0x0B, 0xF5, 0xE4, 0xF4, 0x47, 0x50, 0xEC, 0x88, 0xF3, 0x5E, 0xEF, 0x2B, 0xF7, 0xB0,
    0x52, 0x78, 0xB6, 0x28, 0xAA, 0x5B, 0x60, 0xC4, 0x80, 0x83, 0x07, 0x6C, 0x66, 0xDC, 0xCD, 0x7C,
    0x6E, 0x0E, 0xA7, 0x9B, 0xB2, 0xF6, 0x7B, 0x61, 0xBF, 0xD8, 0x13, 0x62, 0x8F, 0x87, 0x3F, 0x92,
    0xA7, 0x9F, 0x4B, 0x0D, 0xF1, 0x28, 0x14, 0xF5, 0x8A, 0xC6, 0x23, 0xDD, 0xC3, 0x43, 0xAF, 0x08,
    0xBC, 0x1A, 0x45, 0x7A, 0xE2, 0x60, 0x47, 0xFE, 0xEF, 0x38, 0x28, 0x3A, 0x62, 0x34, 0x68, 0xEB,
    0xF1, 0xE0, 0x54, 0x9C, 0xE1, 0x8C, 0x91, 0x20, 0x2D, 0xEC, 0xE9, 0xEA, 0x4E, 0x64, 0xC1, 0x55,
    0x46, 0x2C, 0x36, 0x8D, 0x79, 0xF8, 0x7D, 0xBC, 0xD9, 0x3E, 0x1E, 0xF0, 0x82, 0x62, 0xA0, 0xA3,
    0x93, 0xE2, 0xC2, 0x9C, 0xF0, 0x54, 0x01, 0x48, 0xBA, 0xBC, 0x06, 0x32, 0xC4, 0xDD, 0x9B, 0xEC,
    0xA3, 0xF3, 0x07, 0xCC, 0x59, 0x31, 0x1B, 0xD4, 0x97, 0x57, 0x98, 0xB6, 0xB9, 0x07, 0xCB, 0x1B,
    0xEC, 0x9D, 0xC6, 0xA4, 0x15, 0x5D, 0x02, 0x92, 0xC1, 0xA2, 0x03, 0xA6, 0x5D, 0xB3, 0x7D, 0x8F,
    0xE8, 0x0F, 0x8E, 0xE4, 0xE7, 0x80, 0xD4, 0x36, 0xB9, 0x36, 0xBF, 0xE2, 0x8F, 0x78, 0x26, 0x10,
    0xCE, 0xE4, 0x05, 0xDB, 0x02, 0x4E, 0x6D, 0x0A, 0x49, 0x26, 0x8B, 0x0F, 0xF2, 0x10, 0x89, 0x7F,
    0x71, 0xCB, 0x76, 0xDD, 0x05, 0xDB, 0x8A, 0xA4, 0x45, 0x22, 0x03, 0xB2, 0xBF, 0x9F, 0x50, 0xE2,
    0x4B, 0x5C, 0x22, 0xBF, 0x4D, 0xBB, 0xB8, 0x6C, 0xAA, 0xB0, 0xA0, 0xF1, 0xC2, 0xCF, 0x09, 0x7F,
    0xC4, 0x5B, 0xD5, 0x4A, 0xDB, 0xF4, 0x61, 0x3E, 0xEF, 0x81, 0xB5, 0x2F, 0x70, 0xAA, 0x15, 0xAF,
    0xE7, 0xB0, 0x4F, 0xD8, 0x23, 0x9D, 0x6E, 0x49, 0xF1, 0x42, 0x82, 0x04, 0xAA, 0x49, 0x4D, 0x4B,
    0xAA, 0x8C, 0xCA, 0x2E, 0x50, 0x25, 0x32, 0xAD, 0xD4, 0x88, 0x6C, 0x75, 0xE2, 0x12, 0x0F, 0x25,
    0xFB, 0xEE, 0x1A, 0x5D, 0xBB, 0xBC, 0xA9, 0x83, 0x99, 0x4A, 0x4E, 0xAC, 0xD9, 0x99, 0x94, 0x6D,
    0x79, 0xBC, 0x1C, 0xE0, 0xC4, 0x1F, 0xD2, 0x09, 0x91, 0xD9, 0x8C, 0x7F, 0x84, 0xBD, 0x92, 0xF7,
    0xE0, 0xFF, 0xAB, 0xC5, 0x75, 0xCA, 0x2F, 0xE4, 0x59, 0x0B, 0xC0, 0xF5, 0xB9, 0xD4, 0xCA, 0x8F,
    0xA2, 0xE5, 0x65, 0x83, 0xC2, 0x43, 0xC0, 0xF1, 0x27, 0xF0, 0xC8, 0xF8, 0x33, 0xB4, 0x38, 0x68,
    0x9E, 0x03, 0x12, 0x1E, 0x6D, 0x19, 0x2C, 0xA2, 0x6F, 0xB6, 0x81, 0x67, 0xE3, 0xBF, 0x15, 0xE3,
    0x4B, 0x69, 0x8D, 0xCB, 0xCE, 0xB8, 0x18, 0x8C, 0xB3, 0xC9, 0x38, 0x9E, 0x8D, 0x23, 0x31, 0x86,
    0xD4, 0xC6, 0x55, 0x67, 0x5C, 0x0C, 0xC6, 0xD9, 0x64, 0x9C, 0xCC, 0xC6, 0x91, 0x18, 0x43, 0x3E,
    0x31, 0xAE, 0x7E, 0x62, 0x5C, 0x88, 0x71, 0x16, 0x38, 0x51, 0xDE, 0x02, 0xB1, 0x78, 0x9B, 0xAD,
    0x57, 0x3E, 0x93, 0x9F, 0x32, 0xFA, 0x67, 0x84, 0x5F, 0x7A, 0xC0, 0x3D, 0xDC, 0x0F, 0x6A, 0x21,
    0x46, 0x65, 0x4D, 0xCA, 0x3A, 0x52, 0x34, 0xBC, 0x3A, 0xAC, 0x7D, 0xEF, 0xB1, 0x62, 0x62, 0x4B,
    0xAD, 0x82, 0x6B, 0x20, 0x48, 0x8D, 0xAA, 0xE5, 0x0F, 0x95, 0x0D, 0x48, 0x27, 0x20, 0xDE, 0x6A,
    0x0D, 0xD1, 0xCC, 0x64, 0x84, 0x13, 0x5B, 0xC1, 0xAC, 0xD4, 0x72, 0xE8, 0xAB, 0x48, 0xB5, 0x65,
    0x6D, 0xDB, 0xA6, 0xDE, 0x27, 0xD9, 0xD1, 0x8D, 0xEF, 0xC2, 0x05, 0xE1, 0xF2, 0x52, 0x49, 0x7C,
    0xB8, 0x75, 0xAE, 0x0D, 0x2D, 0x6C, 0x36, 0xDE, 0x72, 0xA5, 0x9B, 0x4C, 0xF4, 0x32, 0x1F, 0x98,
    0x20, 0xD1, 0x6B, 0x73, 0x69, 0x98, 0x60, 0xB1, 0xC9, 0x3F, 0x48, 0x11, 0xD6, 0x3A, 0x76, 0xE2,
    0x2E, 0xE5, 0xD1, 0x10, 0xB1, 0xDD, 0x17, 0x24, 0xA9, 0xDF, 0x09, 0x41, 0x9C, 0xE9, 0x91, 0x9A,
    0xEF, 0xD9, 0x42, 0x2A, 0x6D, 0xDE, 0xFA, 0x2A, 0x67, 0x67, 0x1A, 0xC3, 0xEE, 0x1B, 0xBE, 0x78,
    0x17, 0x04, 0x61, 0xD1, 0x53, 0x7F, 0xDB, 0xA2, 0xBE, 0x0F, 0x54, 0x96, 0x8B, 0x45, 0x63, 0xDD,
    0x6F, 0x47, 0x74, 0xF3, 0xB7, 0x50, 0x74, 0xEF, 0x82, 0x12, 0x0F, 0x9C, 0xE7, 0x4E, 0x7A, 0x32,
    0x28, 0x6D, 0xD3, 0x91, 0xFF, 0x23, 0x45, 0x43, 0xDC, 0xC3, 0xCA, 0x3B, 0xF2, 0x4C, 0x7C, 0x5B,
    0x47, 0x84, 0xD2, 0x23, 0x6F, 0xB3, 0x0E, 0x95, 0xBD, 0xEE, 0x80, 0x59, 0xA5, 0x29, 0xBF, 0xDF,
    0x02, 0x99, 0x50, 0xA3, 0x10, 0xA7, 0x21, 0x17, 0x9D, 0xE7, 0xB2, 0x0E, 0x6E, 0x1B, 0x8F, 0x48,
    0x06, 0xCC, 0xC8, 0x5B, 0xCD, 0xC5, 0x02, 0x59, 0xFB, 0xEB, 0x40, 0x8C, 0x5D, 0x19, 0x29, 0x59,
    0x34, 0x50, 0xB2, 0xAF, 0x5B, 0x93, 0xAC, 0xDE, 0x97, 0xAC, 0x30, 0xC9, 0x2A, 0x93, 0xEC, 0x17,
    0x94, 0xCC, 0xFD, 0x17, 0x25, 0x8B, 0x3B, 0x4A, 0x96, 0xB6, 0x94, 0x2C, 0x33, 0xC9, 0xEE, 0x99,
    0x1E, 0xF7, 0x8D, 0x2E, 0xA9, 0x95, 0x1B, 0x48, 0x71, 0xC7, 0x83, 0x49, 0x4B, 0xCA, 0xBC, 0x52,
    0x9B, 0x9B, 0x64, 0xC7, 0x26, 0xD9, 0xA5, 0x49, 0x36, 0x50, 0xB2, 0x7F, 0xED, 0x29, 0xD9, 0xD7,
    0x2D, 0x25, 0x93, 0x9A, 0x92, 0xC9, 0x35, 0xC9, 0x2A, 0x93, 0xEC, 0xE7, 0x94, 0x2C, 0xEA, 0x29,
    0x19, 0x33, 0x66, 0x21, 0xBE, 0xDC, 0x05, 0xB5, 0x34, 0x9F, 0x0F, 0xD1, 0xB5, 0xD4, 0x72, 0x69,
    0x94, 0xFA, 0x97, 0x2C, 0xDE, 0x71, 0x70, 0xFA, 0xB0, 0x12, 0x41, 0x26, 0x72, 0x24, 0xCF, 0x71,
    0x28, 0x3F, 0x83, 0xB4, 0x40, 0x69, 0x0B, 0xF5, 0x1C, 0xB7, 0x45, 0x55, 0x0D, 0x14, 0xB6, 0x58,
    0x3F, 0x31, 0xF7, 0xFE, 0x94, 0xBF, 0x93, 0x3E, 0x15, 0xD9, 0xE2, 0x8F, 0x06, 0xDB, 0xA3, 0x6E,
    0xB9, 0x6D, 0x35, 0xEF, 0x76, 0xA8, 0xF7, 0xF2, 0xAB, 0xFB, 0x89, 0xE6, 0x74, 0x20, 0x65, 0x2D,
    0xA9, 0x20, 0xE2, 0x07, 0x78, 0x27, 0x04, 0xB9, 0x6B, 0x54, 0x75, 0x24, 0x19, 0x14, 0x23, 0xB1,
    0x9C, 0xC7, 0xC0, 0x33, 0xB3, 0xBA, 0x54, 0x3A, 0x46, 0x5A, 0xBF, 0x03, 0x82, 0x1C, 0xE0, 0x40,
    0x89, 0x9B, 0xE4, 0xA4, 0xD6, 0xC8, 0xB6, 0x0E, 0x0B, 0x58, 0x79, 0x37, 0xFA, 0xCA, 0x43, 0x62,
    0x6C, 0x07, 0xD3, 0x71, 0x7F, 0x7F, 0xAA, 0xF0, 0xA4, 0x10, 0x58, 0x8D, 0x2F, 0x11, 0xE4, 0xE1,
    0xFA, 0xF1, 0xA5, 0x2C, 0x10, 0x19, 0x8E, 0xE4, 0xC7, 0xF8, 0x58, 0x1E, 0x45, 0x52, 0x73, 0xB5,
    0xAC, 0x34, 0xD1, 0xA4, 0x68, 0xE0, 0x26, 0x5A, 0xDC, 0xDB, 0xCC, 0xD4, 0x02, 0x29, 0xD7, 0xF0,
    0xDA, 0x68, 0x61, 0xFD, 0xF4, 0xD8, 0x52, 0xD8, 0x93, 0x52, 0xF5, 0x77, 0x03, 0x1B, 0xFF, 0x67,
    0x1A, 0x91, 0xFD, 0x5B, 0xD8, 0x1D, 0x09, 0x7B, 0x25, 0x8A, 0x88, 0xE6, 0x5F, 0x92, 0x16, 0xEC,
    0xEE, 0xE2, 0x1A, 0x79, 0x0E, 0xEA, 0xB2, 0xF0, 0xB7, 0xB5, 0xC8, 0xCD, 0xC3, 0x42, 0x46, 0x75,
    0x80, 0xB8, 0x9F, 0x64, 0xD8, 0xFC, 0xC8, 0x4E, 0xEA, 0x56, 0xFC, 0xF4, 0x8C, 0x61, 0x5C, 0x24,
    0x8A, 0x16, 0xBD, 0x85, 0xB0, 0xAB, 0x34, 0xEC, 0x6E, 0x60, 0xBB, 0x3B, 0x87, 0xFF, 0x2C, 0x22,
    0x3B, 0xDA, 0xDA, 0x3D, 0x15, 0xFF, 0x63, 0xD7, 0x16, 0x51, 0x14, 0x5D, 0xF8, 0xDD, 0x5E, 0xF8,
    0x60, 0xA1, 0x15, 0x1E, 0xEB, 0xD4, 0x81, 0xCF, 0xB7, 0x4C, 0x2D, 0x36, 0x40, 0xDE, 0x81, 0xEF,
    0x7D, 0x20, 0x6F, 0xB5, 0xA2, 0xF3, 0xA8, 0x47, 0xD6, 0xEF, 0x30, 0x1F, 0x0A, 0xF1, 0xA9, 0x0C,
    0xEF, 0x89, 0x2F, 0x9F, 0x3E, 0x42, 0xE5, 0x17, 0x60, 0xC5, 0xAD, 0xE2, 0x87, 0xFB, 0x68, 0xC7,
    0xA5, 0x56, 0xAC, 0x26, 0xC5, 0x42, 0xFC, 0x8A, 0x89, 0xF0, 0x3E, 0xD5, 0xA4, 0x98, 0xCE, 0x8A,
    0x6E, 0x59, 0xD1, 0xF3, 0xFD, 0xAC, 0x0E, 0x0D, 0xAA, 0x8F, 0x7A, 0xE2, 0x80, 0x05, 0xF2, 0xD1,
    0xE4, 0xB6, 0x85, 0x78, 0xB9, 0x18, 0x4B, 0xF1, 0x85, 0x74, 0x61, 0xC2, 0x3F, 0xBD, 0xCA, 0x13,
    0x16, 0x5D, 0x18, 0x9B, 0x2D, 0xE1, 0x6D, 0x1B, 0x1E, 0x39, 0xF6, 0xCB, 0xC1, 0x86, 0x8E, 0x4F,
    0x88, 0xE5, 0x0F, 0x17, 0x9D, 0x1D, 0x1B, 0x9F, 0x8C, 0xBA, 0x9F, 0x3E, 0xA8, 0xA7, 0x9F, 0xA1,
    0x68, 0x81, 0x1D, 0x1C, 0x54, 0x8C, 0x65, 0xDB, 0x58, 0x3E, 0xAD, 0x34, 0xFF, 0x5D, 0xB4, 0x45,
    0xCF, 0x2E, 0x6E, 0x50, 0x5E, 0x41, 0xD5, 0x16, 0x9D, 0x93, 0x36, 0x1F, 0xD3, 0x4F, 0xBA, 0x54,
    0x96, 0x6C, 0x76, 0x32, 0x65, 0x4B, 0x48, 0xF0, 0xE1, 0x61, 0xE8, 0x14, 0xDA, 0x5E, 0xE8, 0x10,
    0x45, 0x78, 0x8F, 0x00, 0x18, 0x6F, 0xDD, 0xBE, 0xD3, 0x30, 0xBF, 0xD9, 0xAE, 0x47, 0xAA, 0xC2,
    0xE6, 0x7F, 0x3E, 0x70, 0xDF, 0x90, 0xBB, 0x86, 0xB7, 0xAE, 0x5F, 0xD8, 0xD5, 0xE3, 0x9E, 0x1E,
    0x77, 0xF4, 0xE2, 0xB6, 0x14, 0x44, 0x75, 0x32, 0xDD, 0xB2, 0x69, 0x77, 0xF0, 0x2D, 0x60, 0x71,
    0x5B, 0x40, 0x74, 0x54, 0x10, 0x37, 0xEB, 0x08, 0xB7, 0xB3, 0xEA, 0xB6, 0x55, 0xD3, 0xF1, 0x13,
    0x99, 0x0C, 0x61, 0x33, 0xE5, 0x1E, 0xCE, 0x03, 0xE4, 0xCC, 0x4D, 0x3C, 0x1B, 0x80, 0x58, 0x3A,
    0x3A, 0x72, 0x5B, 0x96, 0xB2, 0x49, 0xF7, 0x27, 0xD6, 0x6A, 0x1E, 0x1A, 0x6E, 0x9E, 0x09, 0xDB,
    0x9E, 0x51, 0xD5, 0xDA, 0xFC, 0x84, 0xA2, 0x55, 0x0B, 0x06, 0x64, 0xBD, 0x1A, 0xD1, 0xDB, 0xD2,
    0xB4, 0xE8, 0xAE, 0x38, 0x1D, 0xD5, 0x9A, 0x9F, 0xE9, 0x76, 0xD3, 0x99, 0x68, 0x19, 0xD5, 0xA6,
    0xA7, 0x9B, 0xCD, 0x67, 0x34, 0x0B, 0x80, 0x5A, 0xA6, 0xAE, 0xAA, 0x71, 0x81, 0xCB, 0x3E, 0xF0,
    0x60, 0x5C, 0x8D, 0x40, 0xBD, 0x1A, 0xFA, 0xF5, 0x16, 0x51, 0xB7, 0xDA, 0xFA, 0x2F, 0xF2, 0x28,
    0x6F, 0x53, 0x7B, 0x65, 0xCF, 0x3B, 0x99, 0x91, 0xCA, 0x04, 0x1A, 0x7D, 0x17, 0xF6, 0x4E, 0x46,
    0x23, 0x7D, 0xBC, 0x7C, 0xBC, 0xCD, 0x86, 0x68, 0xC9, 0x5B, 0x48, 0xD9, 0x62, 0xA9, 0x3C, 0x2E,
    0x2B, 0x75, 0x07, 0x80, 0x5C, 0xFF, 0xF0, 0x18, 0x53, 0x6A, 0xCC, 0xAE, 0x71, 0x72, 0x8D, 0xF2,
    0x01, 0x59, 0xBA, 0x7C, 0xF8, 0x55, 0x24, 0xB2, 0xE5, 0xCB, 0xEB, 0x6E, 0x04, 0x67, 0xBB, 0x48,
    0xBC, 0xA9, 0x9C, 0x75, 0xF6, 0xC9, 0x5B, 0xFC, 0x5E, 0x53, 0xA3, 0x5C, 0x2C, 0x2D, 0x72, 0x0A,
    0xBB, 0x2B, 0x67, 0x6C, 0x7E, 0x6B, 0x59, 0x68, 0xDE, 0x00, 0xB8, 0x8F, 0xFD, 0x72, 0xF8, 0xD7,
    0x9C, 0x6D, 0x3A, 0xC4, 0x72, 0x31, 0x21, 0x1D, 0xDD, 0x82, 0xBC, 0x83, 0xD0, 0xEB, 0x9A, 0xC3,
    0x7C, 0xE5, 0x57, 0x68, 0xA0, 0xF0, 0xE9, 0x69, 0xD5, 0xAA, 0x86, 0xAD, 0x6C, 0x36, 0x9B, 0x5A,
    0x60, 0x96, 0xD3, 0x74, 0xDA, 0x4E, 0xE3, 0x29, 0x7B, 0xC4, 0x59, 0xD8, 0x27, 0x8B, 0x6B, 0xE0,
    0x44, 0x66, 0xD0, 0x83, 0xB0, 0x10, 0x70, 0x8A, 0xDC, 0x0D, 0xCB, 0x29, 0x74, 0x8D, 0xF0, 0x5E,
    0xE0, 0xC4, 0xFC, 0xC4, 0x6D, 0xDB, 0xE7, 0x1E, 0x84, 0x44, 0x8A, 0xA5, 0x51, 0x4A, 0xF1, 0x96,
    0x42, 0x71, 0x53, 0x3C, 0x30, 0x7D, 0x72, 0xBB, 0xF6, 0x31, 0x9E, 0x67, 0x34, 0xCF, 0x58, 0x9E,
    0xE0, 0x46, 0x8B, 0xE3, 0x6F, 0x59, 0xBA, 0xBB, 0x96, 0x23, 0xB6, 0xD0, 0x7C, 0x0C, 0x91, 0xE1,
    0xC9, 0xCD, 0x98, 0x50, 0x67, 0xF9, 0x23, 0xF1, 0xE1, 0x99, 0xFF, 0x65, 0x3F, 0x35, 0x20, 0xAD,
    0x6E, 0x77, 0xEF, 0x5E, 0x78, 0x71, 0x62, 0xA1, 0x58, 0x32, 0x58, 0x10, 0x56, 0x30, 0xFC, 0xFA,
    0xE6, 0xDB, 0x7E, 0xF5, 0xFE, 0xC5, 0x37, 0xDE, 0xF6, 0xCD, 0x3D, 0x8A, 0x2F, 0x01, 0x7C, 0xF3,
    0x3E, 0x5B, 0xF9, 0x29, 0x12, 0xA6, 0x19, 0x80, 0xE2, 0x17, 0xDC, 0xC3, 0xEE, 0x6C, 0x29, 0x69,
    0x93, 0x4B, 0xF9, 0xD1, 0x16, 0xF8, 0x5D, 0xCC, 0x96, 0x1D, 0xB0, 0xD5, 0xCD, 0x91, 0xFC, 0x55,
    0xEB, 0x44, 0xA4, 0x4F, 0x66, 0x27, 0x43, 0xD6, 0xA3, 0x1C, 0xCA, 0x16, 0xD9, 0x58, 0xD6, 0x2B,
    0xE8, 0x72, 0x6F, 0x6A, 0x80, 0x64, 0x12, 0x20, 0xFE, 0x5F, 0x30, 0xEA, 0x17, 0x63, 0xE3, 0x91,
    0x0C, 0x65, 0x8D, 0x94, 0x97, 0x75, 0x79, 0x87, 0xA2, 0x4D, 0x47, 0x2E, 0x92, 0x3F, 0x9F, 0x81,
    0x33, 0xE9, 0xAF, 0xA5, 0x00, 0xE3, 0x19, 0xDF, 0x51, 0x6B, 0xDA, 0xFB, 0x40, 0x71, 0xF1, 0x62,
    0x04, 0xEE, 0x27, 0x6A, 0xDA, 0xEF, 0xD0, 0x9F, 0x6B, 0xC5, 0xE9, 0xB8, 0xBD, 0xCD, 0xA5, 0xC7,
    0xD9, 0x56, 0x67, 0xBA, 0x68, 0x5E, 0x6D, 0x84, 0x93, 0xDA, 0xC9, 0x8A, 0x80, 0x61, 0x03, 0xB7,
    0x10, 0x67, 0x95, 0xE5, 0xFF, 0x83, 0xB1, 0x30, 0xD3, 0x25, 0xFF, 0x8E, 0xEA, 0xB9, 0xC8, 0x16,
    0xD5, 0x1C, 0x86, 0xEE, 0xAB, 0xDE, 0x96, 0x75, 0x57, 0x1B, 0xDB, 0xD3, 0x8D, 0x97, 0xF7, 0x38,
    0xCF, 0xA0, 0x92, 0x11, 0xB1, 0x7C, 0xBE, 0x20, 0x1B, 0x51, 0xD5, 0x54, 0x43, 0x75, 0xE9, 0xA9,
    0x50, 0xE5, 0x91, 0x04, 0xD5, 0x6E, 0xCA, 0x49, 0x9D, 0x09, 0x94, 0x5D, 0x35, 0xCD, 0x86, 0x42,
    0xAF, 0xCD, 0x74, 0xAE, 0xE6, 0x14, 0xEF, 0xA8, 0x69, 0xE8, 0xDF, 0xD7, 0x97, 0xAC, 0xE9, 0x68,
    0x06, 0x32, 0x30, 0x0D, 0xF1, 0xDB, 0x70, 0xEB, 0xF6, 0xD1, 0xBC, 0x85, 0xB1, 0x1C, 0x80, 0xFC,
    0x3F, 0x75, 0x2E, 0xFD, 0x83, 0x1E, 0xD0, 0xBF, 0x4C, 0x71, 0x3D, 0xCE, 0x6F, 0x5D, 0x3F, 0xE6,
    0x33, 0x0F, 0x11, 0xC9, 0x98, 0x21, 0x79, 0x26, 0x17, 0x48, 0x7D, 0x33, 0xE3, 0x10, 0x47, 0xE3,
    0x2D, 0x9B, 0xF6, 0x2D, 0x3C, 0xD0, 0x2C, 0xA7, 0x3E, 0xF6, 0xF1, 0x16, 0x4E, 0x01, 0x93, 0x33,
    0xAB, 0x6E, 0xD9, 0x34, 0xCE, 0xB8, 0x6A, 0x8F, 0x41, 0xA4, 0x00, 0xDB, 0xEF, 0x78, 0xDD, 0x9F,
    0x63, 0xDC, 0x2C, 0xAF, 0xBD, 0x95, 0xEB, 0x57, 0xDF, 0x34, 0xAF, 0x2A, 0xFF, 0xDD, 0xC6, 0xF2,
    0x97, 0x72, 0xE5, 0x5B, 0xA5, 0xBE, 0xC9, 0xEA, 0x5B, 0xF4, 0x6C, 0xF5, 0x2D, 0xFE, 0xC7, 0xB1,
    0x41, 0xF6, 0xFB, 0x2B, 0xE4, 0xEA, 0xD1, 0xB1, 0xC2, 0xE5, 0x0A, 0x6E, 0x58, 0x7D, 0x8B, 0xBB,
    0xD5, 0xB7, 0xB4, 0x5D, 0x7D, 0xFB, 0x9E, 0xFA, 0xF6, 0x95, 0xFA, 0xB6, 0x55, 0xDF, 0x46, 0x84,
    0x51, 0x2A, 0x51, 0xDF, 0xB2, 0x0B, 0xE9, 0x51, 0xA8, 0x6F, 0xDF, 0xD9, 0xDF, 0xCC, 0x4A, 0x27,
    0x92, 0x19, 0xB5, 0xDB, 0xE6, 0xF3, 0xA4, 0xB4, 0x45, 0xB0, 0xF2, 0x15, 0xA5, 0x14, 0x64, 0xD2,
    0xE2, 0x48, 0x70, 0x28, 0x2D, 0xAF, 0xAE, 0x8C, 0xCA, 0x95, 0x9A, 0x5F, 0x31, 0x55, 0xAD, 0xED,
    0x50, 0xB6, 0x7A, 0xC4, 0x89, 0xD2, 0x78, 0xA4, 0x2F, 0xC5, 0x65, 0x22, 0xF9, 0xC2, 0xC4, 0x5F,
    0x26, 0xE0, 0xC4, 0xB8, 0xEF, 0x61, 0xF1, 0xEA, 0xED, 0xBA, 0x78, 0xB7, 0x5D, 0xF7, 0xE6, 0xF9,
    0xE7, 0xCC, 0xBD, 0xCC, 0x5C, 0xC9, 0x67, 0x52, 0xD9, 0x90, 0x66, 0x46, 0x19, 0xD1, 0x98, 0xF4,
    0xEA, 0x5E, 0x8B, 0xE1, 0x0D, 0xF4, 0x2F, 0x6C, 0x21, 0x8D, 0xC9, 0x10, 0xF6, 0x8E, 0x8C, 0x86,
    0x1B, 0x5B, 0x48, 0x6F, 0x96, 0x63, 0xCA, 0x7E, 0xF7, 0x40, 0x5A, 0x22, 0x6C, 0x06, 0x5D, 0xDD,
    0xF5, 0xB9, 0x0C, 0x2F, 0x2B, 0x22, 0x7D, 0x26, 0x23, 0xFF, 0xB8, 0x55, 0x97, 0x09, 0xA8, 0x38,
    0xA2, 0x9C, 0x20, 0x62, 0xA8, 0x0F, 0x01, 0x9E, 0xD0, 0xA0, 0xC9, 0xFE, 0x18, 0x45, 0xDB, 0x88,
    0x56, 0xCC, 0xBB, 0x98, 0x0B, 0xE4, 0xA4, 0x05, 0xD2, 0x21, 0xAD, 0x55, 0xC7, 0xCC, 0x6B, 0xA7,
    0xCF, 0xD9, 0x38, 0x93, 0x2A, 0xCB, 0xB1, 0x62, 0x75, 0x4E, 0xD3, 0xA6, 0x5D, 0xC7, 0xC9, 0x0C,
    0x3B, 0x62, 0x4B, 0xAC, 0xF9, 0xAD, 0x39, 0xA1, 0x80, 0x2F, 0x77, 0x43, 0x08, 0x4F, 0x3F, 0x64,
    0x1C, 0x5F, 0x2C, 0x3B, 0x67, 0xAD, 0x54, 0xC2, 0x2B, 0x89, 0x8E, 0x08, 0xC3, 0xE6, 0x95, 0xF8,
    0xC7, 0x7E, 0xC5, 0x54, 0xC6, 0x15, 0x0B, 0x59, 0x56, 0xBC, 0x74, 0xE2, 0xD1, 0xF4, 0x4C, 0x3A,
    0x32, 0x7A, 0x6E, 0x6A, 0x0D, 0xE9, 0x1A, 0xAF, 0x4D, 0x37, 0xB8, 0x86, 0xE9, 0x0D, 0xDC, 0x7D,
    0xEB, 0x89, 0x76, 0x6D, 0xCB, 0xBB, 0x0D, 0x4C, 0x61, 0x7E, 0x79, 0x28, 0x6C, 0x6B, 0x66, 0xBB,
    0xFD, 0x8A, 0xB8, 0xFB, 0x1A, 0x0B, 0xC5, 0xD0, 0x5F, 0xBD, 0xBC, 0x5B, 0xE9, 0x95, 0xE0, 0x1F,
    0x50, 0x02, 0xCE, 0x3B, 0xAF, 0x4D, 0x67, 0xD4, 0x3F, 0xEF, 0x11, 0x30, 0xE9, 0xEC, 0x67, 0x7E,
    0xCB, 0x7E, 0xE5, 0xFF, 0x01, 0xE5, 0x7C, 0x3D, 0x90, 0xDC, 0xD6, 0x95, 0xEE, 0x07, 0x40, 0x1C,
    0xBC, 0x12, 0x02, 0x28, 0x20, 0xF5, 0xFC, 0x3C, 0x65, 0x23, 0x75, 0xF9, 0x99, 0x44, 0xF2, 0x42,
    0x92, 0x80, 0xDF, 0x06, 0x1B, 0x38, 0x30, 0x03, 0x8E, 0x12, 0x05, 0x72, 0xBA, 0x4A, 0x26, 0x55,
    0x6D, 0x91, 0x02, 0xB2, 0x0D, 0x1C, 0x98, 0xC1, 0xDA, 0xC9, 0x26, 0x0A, 0xB4, 0x55, 0xCB, 0x56,
    0xC0, 0x0D, 0x14, 0x70, 0xAB, 0x28, 0xE1, 0xBA, 0x36, 0x70, 0x68, 0xD4, 0xDA, 0x8E, 0x36, 0x10,
    0x5C, 0x65, 0x97, 0x5D, 0x72, 0xA0, 0x5B, 0xBB, 0xD0, 0x2E, 0x48, 0x02, 0x38, 0xDB, 0xE7, 0x3B,
    0xDD, 0x83, 0x9E, 0xD1, 0xC8, 0xB2, 0x25, 0x72, 0x48, 0x8E, 0x6F, 0xCD, 0xFD, 0xBE, 0xDB, 0x0D,
    0x0C, 0x70, 0xCF, 0xF9, 0x0E, 0x80, 0xFB, 0x87, 0x06, 0x56, 0xAB, 0xBB, 0x00, 0x20, 0x32, 0x2B,
    0xD9, 0xA7, 0x93, 0xE9, 0xA2, 0x51, 0x63, 0x24, 0xA5, 0x62, 0x20, 0xB5, 0x52, 0x24, 0x8E, 0xF4,
    0x51, 0xAB, 0x94, 0xFC, 0xA8, 0x53, 0x4A, 0xBF, 0xEF, 0x95, 0xB2, 0xB8, 0x57, 0xBA, 0x12, 0x8D,
    0x4A, 0xD7, 0x8C, 0x6E, 0x05, 0xB3, 0xD2, 0x00, 0x51, 0xEA, 0x79, 0xB4, 0xD0, 0xA3, 0xAA, 0x81,
    0xA8, 0x43, 0xE1, 0x80, 0xD8, 0x21, 0x6F, 0x81, 0xE4, 0x57, 0x07, 0x87, 0x1E, 0x48, 0x45, 0x64,
    0x4D, 0xD9, 0x6A, 0x75, 0xAF, 0x07, 0xAE, 0x03, 0xF1, 0x08, 0x5C, 0x03, 0xF4, 0x68, 0x0F, 0x80,
    0x70, 0xD6, 0x63, 0x01, 0x82, 0xA0, 0x57, 0x2A, 0x23, 0xAF, 0x35, 0xAD, 0x79, 0x6A, 0x69, 0xEF,
    0xC9, 0x1D, 0xFC, 0x5F, 0x99, 0x45, 0x3A, 0x14, 0x22, 0x66, 0x9E, 0xC8, 0xF4, 0x19, 0x43, 0x2F,
    0xAC, 0x4A, 0xA0, 0x91, 0x01, 0x91, 0xBC, 0x36, 0x23, 0x1E, 0xD0, 0x94, 0x71, 0x8F, 0xA2, 0x8E,
    0xBC, 0x56, 0xE9, 0x1D, 0xE4, 0x0E, 0x58, 0xE0, 0x42, 0xE5, 0x70, 0x28, 0xE2, 0x22, 0xF9, 0x71,
    0xE5, 0xD2, 0x1E, 0xB9, 0xCB, 0xBB, 0x35, 0x14, 0xCE, 0xA0, 0x38, 0x82, 0xCA, 0xE5, 0x6D, 0x20,
    0x2E, 0xEB, 0x93, 0x1F, 0xB5, 0x89, 0xCC, 0xE9, 0x14, 0xC8, 0x90, 0xCE, 0xB8, 0x40, 0x0F, 0xDE,
    0xC0, 0x4B, 0x4A, 0xEF, 0xE3, 0xB2, 0xD2, 0x6D, 0x3C, 0x50, 0x2A, 0x3E, 0x19, 0x94, 0x52, 0xF1,
    0x4A, 0xA1, 0xD4, 0xE7, 0x59, 0x0E, 0x7A, 0x80, 0xF6, 0xD3, 0x7A, 0xDA, 0x4E, 0xCB, 0x69, 0xF7,
    0xB3, 0x55, 0xE7, 0xFC, 0x78, 0x99, 0xB5, 0x2A, 0x49, 0x0F, 0x88, 0xA1, 0x27, 0xC5, 0x1D, 0x29,
    0xD9, 0xD0, 0xE6, 0xCB, 0x81, 0x14, 0xC9, 0x48, 0xDE, 0xD0, 0x85, 0x1B, 0x67, 0xAE, 0xC1, 0xED,
    0x6D, 0x45, 0x63, 0x75, 0x72, 0xEA, 0xD4, 0x88, 0x05, 0x3A, 0x6C, 0x23, 0x45, 0x01, 0x97, 0x4A,
    0x56, 0x92, 0x96, 0x7A, 0xC5, 0xC2, 0x29, 0x56, 0xA5, 0xE2, 0xB4, 0xD8, 0x1C, 0x39, 0x9C, 0x48,
    0xAF, 0xDE, 0x55, 0x29, 0x44, 0x06, 0x20, 0x7B, 0xF4, 0xBA, 0xA8, 0x17, 0x21, 0x75, 0x38, 0x01,
    0x95, 0x53, 0x5F, 0x14, 0x2E, 0xF5, 0x40, 0x5E, 0xEA, 0x19, 0x2F, 0xA2, 0x68, 0x77, 0x0E, 0x4E,
    0x6C, 0x0C, 0xEB, 0x3F, 0x8A, 0xB6, 0xFF, 0x82, 0xDB, 0xE3, 0x74, 0x4B, 0x85, 0xD3, 0x41, 0x31,
    0x9E, 0x80, 0xA8, 0x0E, 0xA5, 0x44, 0x56, 0xA3, 0x79, 0xB8, 0xA7, 0x05, 0x91, 0x89, 0x35, 0xEC,
    0xD4, 0xC4, 0x9B, 0x8C, 0xC2, 0x1B, 0x40, 0xDA, 0x83, 0x01, 0x53, 0xD4, 0xC0, 0x87, 0x60, 0x1C,
    0x44, 0xED, 0xCE, 0x15, 0x73, 0x57, 0xC5, 0xEA, 0xA2, 0xF9, 0xF5, 0x31, 0xF5, 0xE1, 0x9C, 0x39,
    0x48, 0xE1, 0x30, 0x57, 0x25, 0xEE, 0xAF, 0x33, 0x83, 0x5A, 0x4E, 0xE4, 0x46, 0x73, 0x69, 0x4E,
    0x2B, 0x1C, 0xEB, 0x18, 0x66, 0x1E, 0x69, 0x32, 0x7F, 0xF7, 0xC3, 0x50, 0x64, 0x44, 0x2E, 0x1D,
    0x82, 0x9B, 0x3C, 0x3F, 0x03, 0x66, 0x54, 0x4C, 0x67, 0xC5, 0x42, 0xFF, 0x11, 0x1F, 0x66, 0x4E,
    0x6B, 0x12, 0x79, 0xD6, 0xE5, 0xFD, 0x73, 0xE0, 0xE9, 0x35, 0x44, 0x33, 0x90, 0x08, 0x90, 0x89,
    0x43, 0x91, 0x74, 0x18, 0xC3, 0x3E, 0xEC, 0x70, 0xEB, 0x6C, 0x3C, 0x6D, 0x29, 0xEC, 0x15, 0xE3,
    0x71, 0xC1, 0x88, 0x18, 0x74, 0xB0, 0x74, 0x0E, 0x3C, 0xAD, 0xE6, 0x0C, 0x40, 0x34, 0x2D, 0xD9,
    0x22, 0xE8, 0x6C, 0x62, 0x3A, 0x00, 0x5E, 0x01, 0x62, 0x17, 0x7A, 0x75, 0x37, 0xEF, 0x36, 0x53,
    0x51, 0xAA, 0x3D, 0x33, 0xED, 0xB1, 0x58, 0xEF, 0xCF, 0x81, 0xA7, 0x4B, 0x5C, 0x0C, 0x3C, 0xEE,
    0xE3, 0x03, 0xBD, 0x71, 0x7F, 0xDF, 0x21, 0x93, 0x12, 0x89, 0xD0, 0xE3, 0x67, 0xE5, 0xE9, 0x1B,
    0xA0, 0xAB, 0x3B, 0x6C, 0x7C, 0x4D, 0x67, 0x83, 0xF6, 0xCD, 0xA4, 0x7C, 0xC4, 0xE9, 0xFE, 0xC6,
    0xA5, 0x83, 0x83, 0x12, 0x5A, 0x39, 0x5A, 0xB4, 0x2F, 0x1F, 0xB3, 0xD9, 0x2A, 0x65, 0x20, 0x4E,
    0x09, 0xB9, 0x67, 0x35, 0x92, 0x91, 0x14, 0xCD, 0x24, 0xC8, 0x86, 0x6A, 0x52, 0xE3, 0x48, 0x95,
    0x51, 0xD1, 0x9E, 0x46, 0xDD, 0x86, 0x4E, 0xDB, 0x76, 0xEC, 0xDF, 0x9B, 0x9A, 0x24, 0xA5, 0x52,
    0x20, 0x76, 0xDA, 0x89, 0x94, 0x8E, 0xFC, 0xBE, 0xF0, 0x08, 0xA4, 0xDC, 0x13, 0x3E, 0x10, 0x65,
    0xB2, 0xCA, 0xDF, 0xC1, 0x92, 0x62, 0xF1, 0x79, 0x0D, 0x84, 0x8D, 0x67, 0xC4, 0xA5, 0xBE, 0x00,
    0xE9, 0x96, 0x52, 0xE2, 0xDF, 0x32, 0xFA, 0x67, 0x23, 0x1C, 0xD1, 0xDE, 0xBB, 0x24, 0x91, 0xEF,
    0xAD, 0x29, 0x16, 0xF9, 0x77, 0xAF, 0x71, 0x10, 0x3C, 0xD6, 0x80, 0xEB, 0x50, 0x79, 0xAD, 0x29,
    0xFD, 0x51, 0xD5, 0xC8, 0xBC, 0xD5, 0x48, 0x09, 0x24, 0x39, 0xA2, 0xE4, 0x14, 0x5A, 0xF6, 0xA4,
    0xA2, 0x24, 0x1E, 0x85, 0xC7, 0x5C, 0xCE, 0x90, 0x4E, 0x7B, 0xBF, 0xD3, 0xAB, 0x56, 0xE4, 0x67,
    0x6A, 0x52, 0x33, 0x47, 0xD2, 0xF1, 0xF9, 0xF0, 0x74, 0xA5, 0xAA, 0x44, 0x86, 0x35, 0x35, 0x22,
    0xA3, 0x6A, 0x24, 0x67, 0x23, 0x15, 0x95, 0x82, 0x35, 0x39, 0x96, 0x2B, 0x4F, 0xF1, 0xE0, 0x8D,
    0x4F, 0x4B, 0x04, 0x34, 0x34, 0x58, 0xDD, 0x7B, 0x74, 0x67, 0x2B, 0x11, 0x71, 0xFF, 0xF7, 0x6B,
    0x0C, 0x28, 0x53, 0x22, 0xCD, 0x5A, 0xA5, 0xAC, 0x57, 0x91, 0x8A, 0x56, 0x4F, 0x67, 0xEE, 0x34,
    0x17, 0x37, 0x86, 0x50, 0xA4, 0x12, 0x27, 0x91, 0x5B, 0x97, 0x3D, 0x4D, 0x11, 0x3B, 0x82, 0xE9,
    0x91, 0x3E, 0x54, 0x39, 0x36, 0x6A, 0x98, 0x18, 0xA6, 0xC5, 0xCB, 0xAB, 0x55, 0xCD, 0x56, 0x65,
    0x6B, 0xE5, 0x13, 0xD7, 0xD4, 0x3A, 0xD1, 0x54, 0x29, 0xD7, 0x32, 0xBD, 0x27, 0x35, 0xE5, 0x21,
    0xA6, 0x35, 0x35, 0xDA, 0xC1, 0xBD, 0x52, 0x11, 0xF8, 0x7C, 0x14, 0xE9, 0x88, 0xA6, 0x2F, 0xFE,
    0x74, 0xF4, 0x8A, 0x01, 0x31, 0xF4, 0x7A, 0xF6, 0xC8, 0x07, 0x6B, 0xCC, 0xBC, 0xAA, 0x21, 0xBE,
    0x51, 0xEC, 0xC2, 0xD5, 0xEA, 0x5D, 0x35, 0x71, 0x00, 0x4B, 0x3B, 0x69, 0xEF, 0x1F, 0x79, 0xF6,
    0x16, 0x91, 0xDC, 0x1B, 0x90, 0xF4, 0xC1, 0x8C, 0xAC, 0x85, 0xA8, 0x87, 0xAA, 0xBA, 0xA8, 0xD7,
    0x5C, 0x95, 0x6B, 0x68, 0xA0, 0xF0, 0xE3, 0x83, 0xCA, 0xE9, 0xF1, 0x9C, 0xAC, 0xD6, 0xFE, 0x10,
    0x56, 0xE1, 0xA8, 0x36, 0x95, 0x42, 0xE1, 0xC0, 0x26, 0x56, 0xA8, 0xBE, 0x4E, 0xCA, 0x78, 0x0E,
    0x1A, 0x04, 0x8C, 0x8A, 0x5C, 0x3A, 0x6B, 0x1B, 0xE0, 0x02, 0x82, 0x12, 0x48, 0x11, 0xBB, 0x35,
    0xD6, 0x69, 0x0D, 0xC4, 0xB3, 0x30, 0x44, 0x26, 0xE8, 0x71, 0x3A, 0xBC, 0xC0, 0x9E, 0x46, 0x89,
    0x57, 0x10, 0x74, 0xFA, 0x18, 0xEE, 0x03, 0x0F, 0x48, 0xB3, 0x86, 0x42, 0x1C, 0x90, 0xCC, 0x78,
    0xC6, 0x8E, 0xDF, 0xA4, 0xB4, 0x5D, 0xAE, 0xC4, 0xDC, 0x2F, 0xE5, 0xB8, 0x7E, 0xA1, 0x1D, 0xBF,
    0xB4, 0xFA, 0xE2, 0x71, 0x0B, 0xD1, 0xB8, 0xB4, 0xF8, 0x9E, 0xB1, 0xF7, 0x5F, 0x3C, 0x6F, 0xDE,
    0x57, 0x88, 0xDB, 0xA5, 0x27, 0xBC, 0x69, 0x6E, 0xEC, 0x60, 0x51, 0x2B, 0xE6, 0xA2, 0xE6, 0x27,
    0x44, 0x1C, 0x9C, 0xB9, 0x73, 0xAB, 0x6D, 0x27, 0x3D, 0x18, 0xB6, 0x11, 0x10, 0x11, 0x46, 0xFD,
    0x28, 0x77, 0x01, 0xF0, 0x29, 0xBA, 0x3F, 0x00, 0x2F, 0x01, 0x25, 0x90, 0x21, 0xD1, 0x0B, 0xB2,
    0x2D, 0xB8, 0xEB, 0x04, 0x00, 0x32, 0xD0, 0x2A, 0x6F, 0x4D, 0xC5, 0x17, 0xF9, 0x42, 0x08, 0xF4,
    0x0E, 0x14, 0x76, 0xE8, 0x81, 0x31, 0xEE, 0x80, 0x22, 0x73, 0xEA, 0xA9, 0x72, 0xD3, 0xED, 0x8C,
    0xC7, 0x67, 0x7F, 0x1B, 0x32, 0x0C, 0x85, 0x14, 0x4B, 0xAD, 0x94, 0x7E, 0xE2, 0x94, 0xF2, 0xBF,
    0xF3, 0x4A, 0xB7, 0xA9, 0x25, 0x3C, 0xAE, 0xE1, 0x33, 0xE9, 0xC2, 0xEA, 0x0E, 0xA0, 0x47, 0x35,
    0x9B, 0x7E, 0xA2, 0x7E, 0xAC, 0x5A, 0xE4, 0x03, 0xDB, 0x27, 0xC9, 0x48, 0xE1, 0xA3, 0x81, 0x2D,
    0xE1, 0xC8, 0xF3, 0xE6, 0x16, 0x94, 0x5A, 0x29, 0xB0, 0x82, 0xA4, 0xEA, 0x18, 0x35, 0x1B, 0xAA,
    0x4F, 0xA7, 0x48, 0xA4, 0x6B, 0x1C, 0x82, 0x46, 0xEE, 0xE8, 0x3F, 0xA4, 0x23, 0x94, 0x62, 0x6D,
    0x4D, 0x91, 0xF2, 0x8E, 0x94, 0x79, 0x52, 0x32, 0x90, 0xA2, 0x89, 0x14, 0x48, 0xA9, 0x84, 0xAA,
    0xE7, 0x86, 0x44, 0x44, 0x7A, 0x7A, 0x7C, 0x2E, 0xD5, 0x88, 0x03, 0x45, 0x5C, 0x52, 0x80, 0xD4,
    0x74, 0x8A, 0x3B, 0x6A, 0x33, 0xA5, 0xFF, 0x36, 0xF0, 0xAA, 0xFB, 0x00, 0xC0, 0x5B, 0xC8, 0x8E,
    0x85, 0x24, 0x10, 0xBC, 0x59, 0xAA, 0xF6, 0xF2, 0x58, 0x1C, 0x9A, 0x9F, 0xC8, 0x1B, 0x75, 0x30,
    0xA1, 0x0A, 0xD5, 0xF8, 0xA2, 0x56, 0xF3, 0x73, 0x87, 0xA8, 0x57, 0x8C, 0x7B, 0x64, 0x8A, 0x5A,
    0xB6, 0xEF, 0x6D, 0x1F, 0xDD, 0x5F, 0x7D, 0xF0, 0x87, 0x09, 0x40, 0xC6, 0x6A, 0x5D, 0x3F, 0xB0,
    0x11, 0x37, 0xFA, 0x5E, 0x21, 0xE8, 0x59, 0x16, 0x79, 0x74, 0x14, 0xB8, 0x39, 0x9B, 0x11, 0xB2,
    0x6A, 0x46, 0xA4, 0xAD, 0x1E, 0x24, 0xAF, 0x81, 0x19, 0x05, 0x80, 0x0F, 0x89, 0x1F, 0x10, 0xED,
    0x14, 0xA3, 0x46, 0x53, 0xE2, 0x91, 0xCC, 0xAF, 0x35, 0x8E, 0x91, 0xA0, 0x02, 0x9A, 0xD5, 0x37,
    0x70, 0xD1, 0xCE, 0x73, 0x55, 0xE9, 0xC1, 0x76, 0x28, 0xB7, 0x57, 0xCA, 0xA4, 0x53, 0xD2, 0xDE,
    0xD8, 0xF9, 0xD7, 0xFF, 0x15, 0x5C, 0xA0, 0xC2, 0xDF, 0x54, 0x05, 0x70, 0x1B, 0x40, 0xFE, 0x78,
    0x3C, 0x1A, 0xCF, 0x0E, 0xA4, 0x3E, 0x5F, 0xCA, 0x2F, 0xE9, 0x43, 0x23, 0x21, 0x06, 0x46, 0x30,
    0xA2, 0x1B, 0x98, 0xCE, 0x7F, 0x00, 0x6C, 0xD3, 0xDB, 0x44, 0x29, 0x77, 0x50, 0x01, 0x97, 0x61,
    0xE9, 0xBC, 0x85, 0xC1, 0x79, 0xD5, 0x11, 0xB8, 0x4B, 0x0C, 0x26, 0xA3, 0x71, 0x69, 0x9A, 0xD2,
    0x10, 0x92, 0x33, 0xAA, 0x49, 0x28, 0xF9, 0x81, 0x96, 0x25, 0xDC, 0x92, 0x12, 0x73, 0x6E, 0x2E,
    0xB8, 0xB5, 0x39, 0x6F, 0xFA, 0xD3, 0x88, 0x5D, 0xD9, 0x20, 0x1D, 0x29, 0x7A, 0xDC, 0x93, 0x93,
    0x5F, 0x8F, 0xE4, 0xAC, 0xBC, 0x4E, 0xBE, 0x86, 0xA4, 0xC4, 0x69, 0xA3, 0x5B, 0xB8, 0x60, 0xED,
    0x33, 0xAD, 0x9A, 0xDB, 0x97, 0x4F, 0xF1, 0xAA, 0x3C, 0x2C, 0x21, 0xB5, 0x75, 0x26, 0xA5, 0xB4,
    0x68, 0x69, 0xBE, 0x2A, 0x8B, 0x88, 0x2C, 0x6C, 0xDF, 0x3F, 0x41, 0x16, 0xE3, 0x80, 0xC7, 0xEE,
    0x70, 0x28, 0x8F, 0xB0, 0x2F, 0x73, 0xBD, 0xB5, 0x6B, 0x3B, 0x44, 0x84, 0x74, 0xD8, 0x1D, 0xEF,
    0xAB, 0x84, 0x34, 0x32, 0x54, 0x22, 0x9F, 0xB4, 0xEC, 0xC9, 0x05, 0x1E, 0x4B, 0xDA, 0xDD, 0x2F,
    0x3F, 0xF5, 0x66, 0xDB, 0xFC, 0x51, 0xFA, 0x9B, 0x52, 0x29, 0xB5, 0x78, 0x2F, 0x64, 0x52, 0x7A,
    0x3F, 0x14, 0xA5, 0x76, 0x3B, 0x48, 0x54, 0xD5, 0x34, 0x84, 0xF6, 0xE0, 0x09, 0x92, 0x90, 0x02,
    0xA9, 0xF5, 0x1A, 0xCD, 0x65, 0x40, 0x31, 0xA3, 0x92, 0x09, 0x85, 0x7C, 0x69, 0xE1, 0xDF, 0x94,
    0x8F, 0x57, 0xAB, 0xE6, 0x63, 0x75, 0x2C, 0x95, 0xBC, 0x24, 0xEB, 0xE6, 0x7D, 0xF5, 0xAB, 0xE7,
    0x58, 0xF8, 0x2F, 0x14, 0x70, 0x6D, 0xC2, 0x4D, 0xEE, 0x22, 0x23, 0x80, 0x6F, 0xCB, 0xEA, 0xDD,
    0x53, 0x74, 0x0C, 0x3E, 0x3C, 0xA6, 0x63, 0x33, 0x29, 0xF5, 0x81, 0x28, 0xB9, 0xAD, 0x8E, 0x05,
    0x75, 0x3C, 0x1B, 0x01, 0x35, 0x25, 0x03, 0x7E, 0x50, 0x48, 0xE9, 0xDF, 0x6E, 0x1E, 0xFB, 0xF7,
    0x13, 0x71, 0x3F, 0x08, 0xB4, 0x22, 0x4C, 0x2A, 0x6E, 0xA9, 0x0E, 0xD8, 0x93, 0xA9, 0x44, 0xD1,
    0x59, 0xC7, 0x2C, 0x7F, 0xB2, 0x99, 0xC7, 0xAC, 0x3C, 0x1D, 0x4E, 0x67, 0x1F, 0xAF, 0x53, 0xE7,
    0x53, 0x71, 0xEF, 0x04, 0x33, 0x76, 0x53, 0x22, 0x2D, 0xF6, 0x64, 0xF3, 0xFF, 0xD9, 0x97, 0xCD,
    0x6A, 0x8F, 0xC7, 0xCB, 0x22, 0x75, 0x2A, 0xE2, 0xDE, 0x5C, 0xAD, 0x18, 0xC8, 0xCA, 0x3B, 0x77,
    0x36, 0x7E, 0xA7, 0x81, 0xCD, 0xA0, 0x16, 0xD5, 0xE8, 0x09, 0x67, 0x29, 0x19, 0x78, 0x1A, 0x74,
    0xCD, 0x66, 0xB1, 0x87, 0xC8, 0x44, 0x5E, 0x92, 0x75, 0x20, 0xF7, 0xB7, 0xE7, 0xAF, 0xBE, 0x6C,
    0x56, 0x1B, 0x9C, 0x4E, 0xB3, 0xA3, 0x10, 0x61, 0xBB, 0xF7, 0x2A, 0xBE, 0xA9, 0x6D, 0x5E, 0xB6,
    0x78, 0x35, 0x32, 0x03, 0xA9, 0x9F, 0xA9, 0xFD, 0xAF, 0xE0, 0x25, 0xBC, 0x85, 0xCB, 0xB8, 0x86,
    0x5B, 0x28, 0x58, 0x27, 0x8F, 0x50, 0xEA, 0xA7, 0xEE, 0x8B, 0x67, 0x61, 0x2B, 0x87, 0x75, 0x46,
    0x9B, 0xE6, 0x8F, 0x3B, 0x20, 0xD1, 0x6C, 0x6D, 0x1F, 0x5B, 0xCB, 0xA0, 0xD9, 0x16, 0x08, 0xD8,
    0x28, 0x8B, 0xD4, 0xCC, 0x3C, 0xD6, 0x15, 0x30, 0x3D, 0x6D, 0xBF, 0x60, 0xBF, 0x04, 0x1E, 0x6C,
    0xE6, 0xEA, 0xB5, 0x6E, 0x9B, 0x1C, 0x6D, 0xEB, 0xD8, 0x2C, 0x75, 0x64, 0x03, 0x5A, 0xCA, 0x25,
    0x5B, 0xC3, 0xF9, 0x59, 0xC6, 0xD3, 0xD3, 0x8C, 0x17, 0xBD, 0x3D, 0x36, 0x22, 0xA9, 0x48, 0xBB,
    0xB6, 0xE8, 0x82, 0xCC, 0x7C, 0xF2, 0xE5, 0x9E, 0x75, 0xD8, 0x4C, 0x5E, 0x65, 0xDD, 0x73, 0x42,
    0x42, 0x52, 0xCF, 0x64, 0x7C, 0xC2, 0x29, 0x35, 0x22, 0x4A, 0x9A, 0x4E, 0xA5, 0x13, 0x2D, 0xFD,
    0x9A, 0x24, 0xC4, 0xD7, 0xC7, 0xDD, 0x06, 0xE3, 0xDF, 0x13, 0xB7, 0x61, 0x5A, 0xD0, 0x0F, 0x8D,
    0x33, 0xD4, 0x0A, 0x54, 0x35, 0xAE, 0x2C, 0x11, 0x7B, 0x6A, 0xE0, 0x66, 0x52, 0xAF, 0x25, 0x7A,
    0x59, 0x6A, 0xDB, 0x5F, 0x5D, 0x5E, 0x3C, 0x71, 0xAC, 0x15, 0xC5, 0xAD, 0x91, 0x32, 0xD6, 0x85,
    0x88, 0x7E, 0x03, 0x9C, 0x82, 0xD5, 0x4E, 0xA3, 0x5F, 0x14, 0xC2, 0x49, 0xF1, 0x8D, 0x41, 0x51,
    0xE8, 0x99, 0xED, 0xB2, 0x92, 0x74, 0xB0, 0xD6, 0x60, 0x25, 0x6C, 0x07, 0x6A, 0x23, 0x30, 0xD9,
    0x69, 0x01, 0x06, 0x07, 0x07, 0x37, 0x12, 0x11, 0x1F, 0x34, 0x72, 0x83, 0xFB, 0xA6, 0x3D, 0x90,
    0x9C, 0x41, 0x4E, 0xFD, 0x92, 0x55, 0x52, 0xB6, 0x0A, 0x6A, 0xEC, 0xCF, 0xEC, 0x45, 0xB1, 0xF5,
    0x4F, 0x90, 0x1A, 0xA1, 0xB4, 0x88, 0x1F, 0x7B, 0x0E, 0x79, 0xE5, 0xB8, 0x7D, 0x72, 0xB8, 0x0B,
    0xA9, 0x38, 0xEC, 0x89, 0xE3, 0x31, 0x98, 0xF3, 0x27, 0x98, 0x79, 0xCC, 0xDA, 0x72, 0x03, 0x04,
    0x33, 0xB0, 0xAF, 0xEE, 0xE4, 0xFA, 0x03, 0xBB, 0x6D, 0x5C, 0xE2, 0xA5, 0x86, 0x8A, 0x97, 0x1A,
    0x32, 0xA9, 0xB5, 0xD2, 0xF1, 0xC0, 0xB8, 0x4E, 0x37, 0x51, 0x5E, 0x93, 0xAE, 0x83, 0x34, 0x92,
    0x22, 0x4F, 0x4A, 0x1C, 0x29, 0x07, 0xE9, 0x36, 0xE9, 0xBB, 0x03, 0xE9, 0xAF, 0x46, 0xD2, 0xF7,
    0x85, 0x54, 0x49, 0xAD, 0x34, 0x48, 0xAB, 0xD4, 0x15, 0x5E, 0xA9, 0xCE, 0x06, 0x3B, 0xCA, 0x44,
    0x8A, 0x84, 0x14, 0x88, 0x53, 0x42, 0xD3, 0x91, 0x8A, 0x7E, 0x77, 0x4E, 0x36, 0x11, 0xE8, 0xF6,
    0x50, 0x9C, 0x5E, 0x6A, 0x90, 0xA1, 0x11, 0xA1, 0x51, 0x27, 0xD3, 0x5D, 0xA3, 0xF9, 0x58, 0x47,
    0x75, 0x38, 0xD6, 0x51, 0x6D, 0x8D, 0xEA, 0x13, 0x3D, 0x89, 0x9C, 0x18, 0x10, 0x61, 0xD8, 0x7C,
    0x01, 0x16, 0xE2, 0xD7, 0xB8, 0xAF, 0xD3, 0xAC, 0xEC, 0xDA, 0x37, 0x88, 0x3B, 0xC5, 0xB4, 0xE6,
    0x56, 0x28, 0x8E, 0x8A, 0xE6, 0xB6, 0xA4, 0x53, 0xCC, 0x7B, 0xC5, 0x86, 0xDF, 0xFF, 0xD7, 0xAC,
    0x58, 0xF3, 0x56, 0x8A, 0xCA, 0x29, 0x16, 0x76, 0x84, 0x5E, 0x31, 0x51, 0xE3, 0x11, 0xCD, 0x08,
    0xA8, 0x8F, 0x36, 0x36, 0xAB, 0xA1, 0x92, 0x89, 0x1B, 0x76, 0x53, 0xC8, 0xE6, 0x71, 0xEC, 0x15,
    0x13, 0x62, 0xEA, 0x88, 0xB5, 0xA2, 0x45, 0xDE, 0x37, 0x76, 0xEC, 0xD5, 0x9A, 0xEF, 0x0B, 0x6B,
    0x2E, 0xAC, 0xB9, 0x9C, 0x65, 0xCD, 0x2F, 0x9D, 0xBC, 0x07, 0x44, 0xFD, 0xCE, 0x34, 0x5E, 0xA9,
    0x78, 0xF5, 0xB4, 0x4E, 0x31, 0x40, 0xD5, 0xED, 0x71, 0x07, 0x48, 0x4D, 0xE4, 0xFE, 0xCD, 0x53,
    0xC5, 0x77, 0x4E, 0x4E, 0x56, 0x7C, 0xF1, 0x6C, 0xD3, 0x81, 0x1A, 0x1F, 0x0F, 0x7A, 0x2D, 0x65,
    0xB5, 0x5E, 0x43, 0xEF, 0x2F, 0xCE, 0x3F, 0x14, 0x86, 0x99, 0x00, 0xCD, 0x57, 0xFE, 0x13, 0xF5,
    0xF0, 0xA1, 0x3C, 0xAC, 0x44, 0x5E, 0x34, 0x17, 0xED, 0xA6, 0xBD, 0x77, 0x14, 0x53, 0xBF, 0x13,
    0x07, 0x6E, 0x09, 0xDD, 0x2B, 0xC4, 0x6F, 0x3D, 0x6D, 0x07, 0xC2, 0xD2, 0x9B, 0x3C, 0xF2, 0x84,
    0x60, 0x44, 0xD0, 0x23, 0xEC, 0x10, 0xD6, 0x76, 0xCB, 0xA4, 0x6F, 0x2B, 0xFA, 0xF6, 0x6D, 0xFA,
    0xF6, 0x01, 0x7D, 0x3B, 0xD0, 0x03, 0x5E, 0x31, 0x68, 0x9F, 0x1B, 0xDF, 0x56, 0x12, 0x0E, 0x87,
    0x12, 0xF5, 0x81, 0x44, 0x1D, 0x24, 0x76, 0x68, 0x74, 0x36, 0x2F, 0xA5, 0xCD, 0x4F, 0x34, 0x8B,
    0x8D, 0xE8, 0xAF, 0x5D, 0x08, 0xF5, 0xE1, 0x93, 0x89, 0xC2, 0x8A, 0x28, 0x25, 0xB1, 0x5E, 0xCA,
    0x97, 0x9F, 0x8A, 0xA7, 0x80, 0x43, 0x5A, 0x01, 0x40, 0xFE, 0x6C, 0x0F, 0x8C, 0x68, 0xC2, 0x19,
    0x4D, 0x34, 0x1B, 0xE3, 0xFE, 0x19, 0x79, 0xEA, 0xFF, 0x29, 0xFE, 0xFF, 0x5E, 0xF1, 0x8D, 0x56,
    0x71, 0x86, 0xA2, 0x3F, 0x3A, 0x42, 0x4C, 0x2C, 0x88, 0x0F, 0x1A, 0xC5, 0x1B, 0x5F, 0xCD, 0x53,
    0x32, 0xE3, 0xDE, 0xCC, 0x65, 0xE7, 0x5F, 0xF0, 0xF7, 0x0D, 0xC8, 0x04, 0xE9, 0x21, 0x65, 0x3C,
    0xA3, 0x98, 0xF1, 0xC1, 0x8C, 0x1B, 0xA7, 0xED, 0x19, 0x0A, 0xEE, 0xC9, 0x20, 0x32, 0xD9, 0x3C,
    0xFB, 0xB1, 0x71, 0xA0, 0x68, 0x34, 0x8E, 0x7B, 0xE3, 0xB4, 0x35, 0xCE, 0x8D, 0x70, 0x15, 0xA7,
    0xA4, 0x4B, 0x37, 0x81, 0x80, 0x9D, 0xA2, 0x12, 0x29, 0x3B, 0x46, 0x0E, 0x17, 0x9A, 0x87, 0x6C,
    0x57, 0xB3, 0x3D, 0x23, 0x1E, 0x48, 0x4B, 0x76, 0xB2, 0x8C, 0x27, 0xE3, 0x7F, 0x11, 0xE3, 0xFB,
    0xE2, 0x8C, 0x8B, 0xD6, 0x38, 0xF7, 0xC6, 0xE9, 0x60, 0x1C, 0x4D, 0xC6, 0xA1, 0x18, 0x43, 0x6A,
    0xE3, 0xAA, 0x35, 0xCE, 0xBD, 0x71, 0x3A, 0x18, 0xC7, 0x93, 0x71, 0x28, 0xC6, 0x90, 0x1F, 0x19,
    0x57, 0x1F, 0x19, 0xE7, 0x62, 0x9C, 0x1A, 0x9B, 0x6C, 0x23, 0x10, 0xAD, 0x39, 0x98, 0x4C, 0xCC,
    0x43, 0xF9, 0x0D, 0x1B, 0xD0, 0x8D, 0xF4, 0xDB, 0xD1, 0xF3, 0x0B, 0xC4, 0xA2, 0x5D, 0x7A, 0x12,
    0xF3, 0xD2, 0xD6, 0x89, 0x5B, 0x80, 0x06, 0x9D, 0x48, 0xC1, 0x5D, 0x35, 0x3D, 0x93, 0x0E, 0x87,
    0x63, 0x23, 0x03, 0xC2, 0xA9, 0x8B, 0x27, 0x0D, 0xCA, 0x40, 0xE8, 0x78, 0xC3, 0x06, 0xC1, 0x4C,
    0x9C, 0xF4, 0xA4, 0x5F, 0x05, 0x23, 0x59, 0xA3, 0x6B, 0xE4, 0xF7, 0xA8, 0x1E, 0x8A, 0x8C, 0xA8,
    0xA6, 0xBF, 0x20, 0x85, 0x4E, 0xA6, 0x6F, 0xD7, 0xC6, 0xC5, 0x96, 0x97, 0x59, 0x32, 0xA6, 0x07,
    0x1B, 0x1E, 0x36, 0xDC, 0x3D, 0x2F, 0x9A, 0x9D, 0xF6, 0xA8, 0xDE, 0xB4, 0x32, 0x3B, 0xA2, 0x5B,
    0x1A, 0x6E, 0xB9, 0x02, 0xBE, 0x43, 0xBC, 0x88, 0x60, 0xF3, 0x5D, 0x5A, 0xDB, 0x7E, 0x66, 0x72,
    0xF4, 0xE9, 0x48, 0x0E, 0xA4, 0x27, 0xA3, 0xE9, 0x8C, 0x0B, 0xF7, 0x97, 0x7C, 0x4D, 0xDB, 0x9A,
    0xE8, 0x84, 0x4B, 0xA2, 0x43, 0x4F, 0xA7, 0x4E, 0x74, 0x98, 0x29, 0x90, 0x8F, 0x4B, 0x13, 0xC9,
    0xD2, 0xF3, 0x16, 0x1F, 0x79, 0x6B, 0x5C, 0xF8, 0x0D, 0xF7, 0xC6, 0xF9, 0x86, 0xE3, 0x0D, 0x07,
    0x7E, 0xE1, 0x57, 0xEF, 0x00, 0xD1, 0xCF, 0xE4, 0xA7, 0x1C, 0xBD, 0xFB, 0x6E, 0xF3, 0x0B, 0x11,
    0x87, 0x09, 0xD9, 0x27, 0x65, 0xD5, 0xA1, 0x45, 0x3A, 0x9A, 0xC1, 0x69, 0x8F, 0xA4, 0x37, 0xEB,
    0xE3, 0xC1, 0x38, 0x3A, 0xC6, 0xDD, 0x13, 0x62, 0x6F, 0x9C, 0xF7, 0x7C, 0xFE, 0xEC, 0x89, 0xD4,
    0x91, 0x74, 0x48, 0x44, 0x5C, 0x24, 0xFE, 0x8B, 0x23, 0xB1, 0x3F, 0x11, 0x89, 0xF3, 0xE7, 0x45,
    0x62, 0x67, 0x9C, 0x79, 0xE3, 0x74, 0x34, 0x8E, 0x66, 0xE3, 0x40, 0x8C, 0x21, 0xCE, 0xB8, 0xE8,
    0x8C, 0x33, 0x6F, 0x9C, 0x8E, 0xC6, 0xD1, 0x6C, 0x1C, 0x88, 0x31, 0xE4, 0xE7, 0xC6, 0xC5, 0x27,
    0xC6, 0xD9, 0x89, 0x48, 0x8C, 0x36, 0x91, 0x18, 0x6C, 0x23, 0xB1, 0xD9, 0x44, 0x62, 0xC1, 0x48,
    0xE4, 0x65, 0xCC, 0x94, 0x7E, 0x0E, 0x67, 0x38, 0xCE, 0xC5, 0x86, 0x6F, 0x1B, 0xED, 0x8D, 0xC6,
    0xB9, 0x37, 0xBE, 0xF4, 0xEC, 0x62, 0xB4, 0x6C, 0x64, 0x58, 0x23, 0x63, 0xB4, 0x3C, 0xB9, 0xD0,
    0xAF, 0xD9, 0x41, 0x21, 0x4E, 0x4B, 0xAB, 0x23, 0xEB, 0x97, 0x49, 0xDC, 0x9B, 0x80, 0xAE, 0x31,
    0x7E, 0x47, 0x37, 0x8A, 0xF4, 0xCB, 0xA7, 0x13, 0xE9, 0xEB, 0x77, 0x15, 0x63, 0xDB, 0x25, 0xE7,
    0x6B, 0x20, 0x90, 0x1A, 0x95, 0x43, 0x34, 0x31, 0xB0, 0x92, 0x01, 0x88, 0x2C, 0x9E, 0xC3, 0x89,
    0x33, 0xF3, 0x81, 0xD8, 0xF3, 0x7B, 0x4D, 0x8E, 0x4A, 0x54, 0xA4, 0xBA, 0x51, 0xAA, 0x5C, 0x53,
    0xEF, 0x92, 0x1C, 0xA3, 0xE6, 0x38, 0x39, 0xD2, 0xE6, 0xDF, 0x0B, 0x25, 0x29, 0x37, 0x87, 0xCE,
    0x3A, 0xA8, 0x5B, 0x53, 0xCF, 0xB3, 0xC7, 0x23, 0x47, 0xC3, 0xC3, 0x19, 0x36, 0xA0, 0xDA, 0xD2,
    0xCA, 0x4C, 0xD8, 0x78, 0x0C, 0x44, 0x3A, 0x28, 0xDF, 0x54, 0x58, 0xAD, 0xFE, 0x49, 0xBF, 0x19,
    0x59, 0x3A, 0xF9, 0x06, 0x0E, 0x2A, 0xE9, 0x11, 0xC9, 0x7B, 0xB3, 0x5E, 0x9A, 0x55, 0x9D, 0xB5,
    0xF6, 0x46, 0x5F, 0xDA, 0x15, 0x35, 0x12, 0x5F, 0x95, 0x88, 0xFB, 0x06, 0x06, 0xD1, 0x20, 0xC7,
    0x41, 0x37, 0x10, 0xFA, 0xAA, 0x44, 0xE2, 0x8B, 0x1A, 0xA9, 0xCF, 0xF5, 0x7F, 0xD3, 0x0E, 0xB9,
    0x8B, 0x07, 0x8E, 0x05, 0xBD, 0x77, 0x6C, 0x85, 0x5D, 0x50, 0xE2, 0x86, 0x0D, 0xDD, 0x78, 0x15,
    0xC0, 0x87, 0x4A, 0x90, 0xC6, 0x5A, 0x3F, 0x52, 0x2B, 0x25, 0x13, 0xCE, 0xBF, 0x2A, 0x5C, 0x63,
    0x66, 0x2B, 0xCC, 0x06, 0x0C, 0x40, 0xF5, 0x89, 0x57, 0x3F, 0xB5, 0x40, 0x3C, 0x97, 0xCF, 0x56,
    0x24, 0x9D, 0xB5, 0xB8, 0x54, 0x42, 0x4D, 0xA0, 0xC9, 0x85, 0x13, 0xFD, 0xD4, 0x04, 0xD4, 0x65,
    0x8A, 0x6C, 0x19, 0xAB, 0x4D, 0xE7, 0xBB, 0xB4, 0x3C, 0xEF, 0x5A, 0x11, 0x2F, 0xDC, 0x40, 0x32,
    0x68, 0x73, 0xC3, 0x17, 0xCE, 0x16, 0x9D, 0x56, 0x18, 0x81, 0x31, 0xF2, 0x08, 0x7D, 0xEC, 0x9E,
    0xA9, 0x60, 0xF4, 0x38, 0x17, 0x02, 0x23, 0x16, 0x26, 0x47, 0xAF, 0x7F, 0xBC, 0x12, 0x47, 0xBF,
    0xD7, 0xC8, 0x5C, 0x34, 0x41, 0x0B, 0x89, 0x4B, 0x06, 0x2D, 0xA8, 0x72, 0x7E, 0x53, 0xC8, 0x3B,
    0x16, 0xC2, 0xBA, 0x68, 0x59, 0x00, 0x35, 0x60, 0xA1, 0xDA, 0x16, 0x9A, 0xA3, 0x42, 0xBD, 0x5B,
    0x10, 0xF1, 0x90, 0xA5, 0x70, 0xEA, 0x3E, 0x2C, 0x2C, 0x07, 0x3C, 0x79, 0x8A, 0xA3, 0x93, 0x66,
    0x9D, 0x15, 0xFA, 0x4D, 0xC5, 0xE0, 0x55, 0x21, 0x16, 0xC2, 0xD9, 0x6A, 0xE8, 0xA9, 0x92, 0xBA,
    0x50, 0x75, 0x62, 0x9F, 0x56, 0x95, 0x62, 0x41, 0x55, 0x5A, 0x04, 0xF8, 0xFA, 0x1D, 0xAD, 0x54,
    0x17, 0x8A, 0x20, 0x92, 0x7F, 0x98, 0xD2, 0x47, 0x4D, 0xAB, 0x4A, 0x14, 0x2E, 0xF5, 0x2A, 0x86,
    0x20, 0x1A, 0x55, 0x8F, 0x19, 0xE1, 0xA8, 0x92, 0x8C, 0x08, 0x26, 0x55, 0x65, 0xCD, 0x73, 0x03,
    0x65, 0x88, 0x6A, 0x33, 0x1D, 0xBC, 0x26, 0xB2, 0x66, 0x11, 0x21, 0xCF, 0xAB, 0xD5, 0x4A, 0x79,
    0x00, 0x60, 0xFB, 0x2D, 0xAC, 0x6A, 0x29, 0xAB, 0x60, 0x13, 0x00, 0xD5, 0x4C, 0x80, 0xFF, 0xA5,
    0xB2, 0x49, 0x8D, 0xAB, 0xAA, 0x5C, 0xD6, 0xEF, 0x0D, 0x6B, 0xF1, 0xC6, 0x58, 0xC4, 0x53, 0xBF,
    0x46, 0x4A, 0x4A, 0x68, 0xF3, 0x84, 0xBC, 0xEA, 0x00, 0x21, 0x05, 0xB3, 0x22, 0xCF, 0xB5, 0xBC,
    0xD6, 0x9D, 0xD6, 0xA4, 0x6B, 0xA7, 0x2E, 0x36, 0x52, 0x52, 0xAF, 0xD4, 0xC0, 0xBE, 0xAC, 0x9A,
    0x81, 0x87, 0x8A, 0x66, 0xD2, 0x76, 0x46, 0xB1, 0x72, 0xA4, 0x62, 0x43, 0xED, 0x31, 0x72, 0xBB,
    0x54, 0xD5, 0x24, 0x81, 0x52, 0x38, 0x2A, 0xFD, 0xF8, 0xB0, 0x53, 0x12, 0x81, 0xD2, 0xCA, 0xA8,
    0x94, 0x9A, 0x54, 0xB5, 0xA4, 0xDC, 0x93, 0xD2, 0x81, 0x14, 0x8F, 0xC7, 0x67, 0x06, 0xEC, 0x98,
    0x8D, 0x5B, 0xDE, 0xCF, 0x72, 0xC8, 0x46, 0x4E, 0xBB, 0x25, 0x52, 0xEB, 0x91, 0x03, 0xDD, 0x48,
    0x77, 0x14, 0x1D, 0x4C, 0x7F, 0xCC, 0xDB, 0x25, 0xF4, 0x91, 0x7E, 0x95, 0x94, 0x9F, 0x19, 0x33,
    0x6F, 0x86, 0x5C, 0xCA, 0xC3, 0xA1, 0x11, 0x17, 0x8E, 0xBE, 0x72, 0xC1, 0xEC, 0x0A, 0x17, 0x48,
    0x79, 0xC5, 0x06, 0x21, 0x0C, 0xE6, 0x23, 0x98, 0xFE, 0x0C, 0x60, 0xCD, 0x2B, 0x79, 0x48, 0xB3,
    0xCF, 0x99, 0x97, 0x4F, 0xEB, 0x0E, 0x22, 0xF1, 0xA4, 0xB4, 0x33, 0x72, 0xA4, 0xAC, 0x24, 0xE5,
    0x44, 0x7C, 0xE7, 0xCC, 0xFD, 0x7E, 0x72, 0x62, 0x88, 0x8E, 0x8A, 0x06, 0x05, 0xBF, 0x0D, 0x8B,
    0xD8, 0x29, 0x94, 0x4B, 0x7F, 0x95, 0xDD, 0xD5, 0xA5, 0xB7, 0x1A, 0xF5, 0xE3, 0x6E, 0x5F, 0xB5,
    0xF1, 0xA4, 0xC2, 0x9D, 0xE7, 0x2B, 0x89, 0x2F, 0x95, 0xA4, 0x75, 0xD4, 0x22, 0xF2, 0x59, 0x8D,
    0x60, 0xAC, 0x60, 0x9D, 0x1A, 0x14, 0x03, 0x1F, 0xF0, 0xCF, 0xEE, 0x4A, 0xDA, 0xDC, 0xAF, 0x69,
    0x16, 0xBB, 0x86, 0x99, 0x5A, 0x5D, 0x94, 0xDB, 0xF1, 0x93, 0xE3, 0x55, 0x0B, 0x56, 0x25, 0x50,
    0xC8, 0x84, 0x40, 0x5E, 0x13, 0xFE, 0x52, 0x85, 0xD3, 0x09, 0x99, 0x36, 0x73, 0x48, 0xDB, 0x7C,
    0x0D, 0xF5, 0x1A, 0x00, 0x42, 0xD6, 0xB1, 0xA3, 0xA9, 0x30, 0xF3, 0xBC, 0x7A, 0x60, 0xD1, 0x22,
    0x9F, 0x98, 0xB1, 0x4C, 0x2C, 0xD6, 0x40, 0xC8, 0x4D, 0x95, 0xDF, 0xEE, 0x9F, 0xF4, 0x2F, 0x03,
    0xF1, 0x50, 0xAC, 0xA1, 0x27, 0xF0, 0x71, 0x5D, 0xE8, 0x39, 0x32, 0x8F, 0xAA, 0x4E, 0xF4, 0x89,
    0x1E, 0x34, 0xD2, 0xB1, 0xF2, 0x1C, 0xBB, 0x5B, 0x1E, 0x60, 0xB3, 0x8D, 0xD9, 0x45, 0xED, 0xF1,
    0xF1, 0xBA, 0xBD, 0x77, 0x11, 0x88, 0xD4, 0xC9, 0xA7, 0x87, 0x3E, 0x73, 0xB1, 0xCF, 0xCB, 0xC8,
    0x17, 0x65, 0xB8, 0xCE, 0x41, 0xA9, 0xE1, 0x91, 0x0D, 0x40, 0xCA, 0x69, 0xE6, 0xC9, 0x1A, 0xC0,
    0xB1, 0x78, 0x20, 0x1F, 0xD4, 0x33, 0x2F, 0x21, 0x18, 0x2F, 0x03, 0xE3, 0xF5, 0x75, 0x2E, 0x10,
    0x0C, 0x45, 0x1D, 0xFB, 0xEC, 0x51, 0xD3, 0xC6, 0x32, 0x6F, 0x9E, 0x15, 0x07, 0xD4, 0xA4, 0x54,
    0x23, 0x1D, 0x90, 0xB0, 0xFB, 0xFA, 0xAF, 0xFC, 0x89, 0x91, 0x07, 0xEC, 0x64, 0x3E, 0xFF, 0x2E,
    0xE4, 0x2A, 0x81, 0x11, 0xC8, 0x26, 0xA0, 0x68, 0x80, 0x29, 0xAF, 0xC3, 0x3E, 0xEE, 0x62, 0x07,
    0x7F, 0x06, 0x2E, 0x7C, 0x1E, 0xBD, 0xA2, 0xFB, 0xE3, 0x21, 0x85, 0xAD, 0xB7, 0x97, 0x45, 0xD2,
    0x19, 0xD8, 0xE8, 0xF9, 0x95, 0xC6, 0xE9, 0x79, 0xD8, 0x50, 0x7F, 0x8A, 0xEE, 0xC9, 0x4A, 0x20,
    0xBD, 0x63, 0xF2, 0x60, 0x56, 0x7B, 0x34, 0xB3, 0x1C, 0xFC, 0x61, 0xB4, 0x1B, 0xE9, 0x41, 0xB9,
    0xF9, 0xE1, 0xA3, 0xFB, 0xB8, 0x0E, 0x14, 0x81, 0x9E, 0xEB, 0x67, 0x1E, 0x88, 0xD5, 0x01, 0x11,
    0x0D, 0x90, 0xE7, 0xFE, 0x42, 0xE6, 0x80, 0x9D, 0x0E, 0xD7, 0x71, 0xB0, 0x6E, 0x2A, 0x6C, 0xA0,
    0x2E, 0x1F, 0x79, 0x63, 0x3A, 0x8B, 0x28, 0xE4, 0x6B, 0x7C, 0x37, 0x0B, 0x11, 0x91, 0xA9, 0x78,
    0x74, 0xEF, 0xD1, 0xBD, 0xA9, 0xD0, 0x53, 0x4F, 0xD7, 0x14, 0xAF, 0x5D, 0x5D, 0xF0, 0xF2, 0xB7,
    0x14, 0xFF, 0x0F, 0x14, 0x71, 0x46, 0x48, 0xCB, 0xF0, 0xB2, 0xC8, 0x3B, 0x6A, 0xA0, 0xF4, 0x47,
    0xAF, 0x08, 0xC4, 0x1D, 0x71, 0xDE, 0x7D, 0xEB, 0xB2, 0x54, 0xCC, 0x89, 0x85, 0xC2, 0x4A, 0x14,
    0x65, 0xD8, 0x69, 0xDD, 0xDA, 0x02, 0x86, 0xCB, 0x9B, 0x56, 0xEC, 0x07, 0x60, 0x0F, 0x2C, 0x17,
    0xA9, 0xAB, 0x75, 0xE6, 0x63, 0x65, 0xFA, 0x12, 0x79, 0xB6, 0x48, 0xB3, 0x4E, 0xC8, 0x63, 0x87,
    0x4C, 0x1C, 0xA2, 0x5F, 0x02, 0xD1, 0x6F, 0xB6, 0x4F, 0x9E, 0xD2, 0x5E, 0x5A, 0xC8, 0x6C, 0x39,
    0xCD, 0xDF, 0x8A, 0x3D, 0x08, 0x2F, 0xDD, 0x30, 0xF9, 0x81, 0xD8, 0xC6, 0x6B, 0xFB, 0x3F, 0x6D,
    0xBC, 0xF6, 0x85, 0xD3, 0x0C, 0x9B, 0x66, 0x53, 0xC4, 0xE5, 0x8A, 0x7C, 0x4E, 0x7D, 0x23, 0xAE,
    0x71, 0x39, 0x79, 0xFA, 0x3A, 0xE0, 0xE6, 0x53, 0xF1, 0x16, 0x7B, 0x7E, 0x75, 0xA8, 0xE8, 0x9E,
    0xA8, 0xB7, 0xBE, 0x54, 0x94, 0xBE, 0x3A, 0x1F, 0xA0, 0x10, 0x29, 0x95, 0xFF, 0x5C, 0xEF, 0x1C,
    0xA5, 0xEC, 0x37, 0xB8, 0x03, 0xA0, 0x9A, 0x83, 0x0E, 0xC0, 0x23, 0xF9, 0x83, 0x03, 0xD0, 0x65,
    0xBA, 0x3B, 0xEE, 0x84, 0xF3, 0xE9, 0x2F, 0x98, 0xDC, 0xAC, 0x44, 0xB4, 0xDE, 0xFB, 0xF2, 0x10,
    0x7B, 0xF2, 0x5B, 0x88, 0xB3, 0x41, 0xE0, 0x12, 0xC8, 0xF0, 0xAC, 0xA8, 0xAA, 0x81, 0xDC, 0xFA,
    0xFB, 0xD7, 0xAD, 0x8D, 0x74, 0x9B, 0x63, 0xC9, 0xC1, 0x08, 0xA4, 0x73, 0xB9, 0xEF, 0x81, 0xD0,
    0x84, 0xC3, 0xA1, 0x4C, 0xD0, 0xB4, 0xBC, 0xA8, 0x44, 0x6F, 0x7F, 0xCD, 0xD6, 0xB3, 0x5F, 0x55,
    0xB7, 0xDC, 0x9B, 0x47, 0x55, 0x23, 0xA4, 0x36, 0x5F, 0xC3, 0x61, 0x8B, 0xD3, 0x53, 0xA1, 0x8E,
    0x70, 0xD8, 0x17, 0x5B, 0x92, 0x27, 0x40, 0x45, 0xB2, 0x96, 0xF8, 0x13, 0x26, 0x8E, 0x65, 0x58,
    0x13, 0x5C, 0xDB, 0xC8, 0x4A, 0xFD, 0xFE, 0x47, 0x2D, 0x63, 0x28, 0x9B, 0xD5, 0xBE, 0x21, 0x95,
    0xE5, 0x5D, 0xA2, 0x6F, 0xAF, 0x56, 0x25, 0xAB, 0x28, 0xF5, 0xF2, 0xE9, 0x9C, 0xAB, 0xB9, 0x67,
    0x23, 0xEC, 0x89, 0x88, 0x5F, 0x3E, 0xBD, 0x68, 0xC2, 0x5D, 0xC4, 0x05, 0xA5, 0x6B, 0x48, 0x95,
    0x72, 0xE4, 0x4A, 0xE9, 0xE3, 0x49, 0x29, 0x96, 0x41, 0x09, 0x4D, 0x8B, 0xF3, 0xAF, 0xA6, 0x3D,
    0x27, 0x11, 0xB9, 0xA0, 0x53, 0xEA, 0xE2, 0x16, 0xBA, 0xA7, 0xFA, 0x11, 0x36, 0x92, 0xC5, 0x5B,
    0xE9, 0x0B, 0x27, 0xF1, 0x92, 0x84, 0x32, 0xC6, 0x8F, 0x07, 0xA5, 0xB4, 0xBE, 0x45, 0xC2, 0xB5,
    0x5D, 0x2A, 0xAF, 0x2A, 0xC5, 0x8F, 0x06, 0xA5, 0x40, 0x3A, 0x13, 0xFB, 0x2F, 0xE1, 0x9E, 0x8C,
    0x7C, 0x20, 0x89, 0x28, 0x06, 0x3E, 0xAD, 0x55, 0xFE, 0x36, 0xDE, 0x90, 0x53, 0xB2, 0x2F, 0x31,
    0x37, 0x26, 0xF9, 0x48, 0x0A, 0xCA, 0x17, 0x2B, 0x18, 0x0E, 0xEC, 0x91, 0x2C, 0xD1, 0xA4, 0x26,
    0x4D, 0xC9, 0xC0, 0x29, 0xEF, 0xB4, 0x03, 0x6C, 0x04, 0x1F, 0xC8, 0xEA, 0xB7, 0xED, 0x96, 0x30,
    0x9C, 0xFB, 0xCB, 0x7E, 0x99, 0x0E, 0xCA, 0x8F, 0xA6, 0x83, 0xB0, 0x4C, 0x07, 0x8D, 0xC7, 0xA7,
    0x83, 0xB2, 0xF2, 0x45, 0xBB, 0xFA, 0xA9, 0x58, 0x70, 0x60, 0x8D, 0xB7, 0x54, 0x04, 0xFF, 0x5B,
    0x1E, 0x72, 0x31, 0x80, 0x4D, 0x07, 0xD5, 0xE6, 0xB7, 0xB4, 0x7C, 0x7E, 0x98, 0xBD, 0x4D, 0x18,
    0xE7, 0xAA, 0x4B, 0x47, 0x41, 0xD9, 0xF3, 0x1D, 0xF9, 0xB4, 0x2D, 0x93, 0x1E, 0xD6, 0x3E, 0x56,
    0x55, 0x90, 0xCB, 0x0C, 0xA6, 0xC3, 0xDA, 0xF8, 0xB6, 0x51, 0x30, 0x18, 0x47, 0xFE, 0x73, 0x78,
    0x34, 0x0E, 0x65, 0x53, 0x68, 0x94, 0x19, 0x10, 0xCF, 0xBD, 0xB0, 0x66, 0x62, 0x74, 0x7C, 0x14,
    0xBB, 0x26, 0xE5, 0xC7, 0xA9, 0x25, 0xA5, 0xD2, 0x29, 0xC5, 0xA4, 0xA5, 0xAF, 0xBA, 0xB4, 0xCD,
    0x23, 0x21, 0xD9, 0x4E, 0x25, 0x79, 0xF9, 0x6D, 0x18, 0x3A, 0xE2, 0x7B, 0xDD, 0xB6, 0xF8, 0xC1,
    0xD6, 0xB3, 0x08, 0x38, 0xC3, 0x7B, 0x6A, 0x62, 0xE8, 0xD9, 0xF1, 0xF9, 0xBA, 0xD4, 0xA8, 0xEA,
    0x85, 0x22, 0xEE, 0x0D, 0xF9, 0x25, 0xAF, 0xC9, 0xC3, 0x99, 0xA3, 0xBD, 0xE1, 0x4C, 0x45, 0x02,
    0x61, 0x1D, 0x68, 0x92, 0x00, 0xB1, 0x66, 0x1B, 0x6C, 0x4E, 0x64, 0x9D, 0x1D, 0x9D, 0x93, 0x36,
    0x35, 0x52, 0x3A, 0x07, 0xA9, 0x66, 0x1B, 0x9E, 0xCC, 0xF2, 0x75, 0xB6, 0x40, 0xB9, 0x92, 0x75,
    0xC8, 0x01, 0xF6, 0xB7, 0xD6, 0xF9, 0xBA, 0x15, 0xAF, 0x26, 0xEB, 0x8F, 0x1C, 0x36, 0xC1, 0x83,
    0x78, 0x9D, 0x6D, 0x5C, 0x76, 0x88, 0x06, 0x8C, 0x16, 0x06, 0xBD, 0x66, 0x2D, 0x4E, 0x81, 0x0F,
    0xD7, 0x99, 0x03, 0xC0, 0x61, 0xB7, 0xCE, 0x5A, 0x84, 0x44, 0xED, 0x3A, 0x77, 0x56, 0x74, 0x68,
    0x22, 0xFA, 0xB4, 0xF9, 0x6B, 0x87, 0x6A, 0x9D, 0x01, 0x54, 0x3F, 0xAC, 0x51, 0xFC, 0x90, 0xC5,
    0xE2, 0xE7, 0xA5, 0x66, 0xBA, 0xFE, 0x23, 0x66, 0x4A, 0xF3, 0x89, 0xFA, 0xD2, 0x5C, 0x3A, 0x33,
    0xB3, 0x38, 0x1E, 0xAD, 0x06, 0x48, 0x46, 0xD6, 0x89, 0x4A, 0x0C, 0xAC, 0xD3, 0x71, 0x81, 0x42,
    0x39, 0x12, 0xA7, 0x3E, 0x21, 0x0D, 0x7F, 0xB8, 0x87, 0x61, 0xBF, 0x95, 0x85, 0xD6, 0xFE, 0xB1,
    0x24, 0xE2, 0x31, 0x22, 0x13, 0x7F, 0x28, 0x77, 0x30, 0x21, 0x96, 0x3B, 0xC9, 0x48, 0x21, 0x3E,
    0x40, 0x34, 0x52, 0x86, 0x07, 0x56, 0x28, 0x71, 0x1F, 0xC1, 0x84, 0xA4, 0xA9, 0xD5, 0x3F, 0x33,
    0xD2, 0x8C, 0x03, 0x97, 0x82, 0x2C, 0x6D, 0xC3, 0x4E, 0xE5, 0xB9, 0x92, 0x76, 0x11, 0x47, 0x88,
    0xAF, 0xC6, 0x3E, 0xA2, 0x34, 0xB7, 0xA2, 0x3E, 0xAE, 0x81, 0xDC, 0xDD, 0x8F, 0x46, 0x55, 0x28,
    0x6B, 0x7D, 0x30, 0xA6, 0x5A, 0xE3, 0x5F, 0x7B, 0x4C, 0x99, 0x16, 0xFE, 0xA3, 0xC5, 0x7C, 0x45,
    0x8D, 0xF9, 0x4F, 0x87, 0x4A, 0x03, 0x28, 0xFA, 0x6F, 0x87, 0xE2, 0x16, 0xC0, 0x53, 0x16, 0xC3,
    0xC6, 0xE0, 0xCC, 0x2E, 0x73, 0x6A, 0x68, 0x3D, 0xCC, 0xB4, 0xDB, 0xF1, 0x4A, 0x24, 0x4B, 0xB8,
    0xD2, 0x1F, 0x16, 0xA6, 0x7E, 0x09, 0xD1, 0x53, 0xC2, 0x53, 0x83, 0x72, 0x9D, 0xCB, 0x42, 0x66,
    0x75, 0xC3, 0xBE, 0xFC, 0x0A, 0xAF, 0xCB, 0x9D, 0x50, 0x6A, 0xB5, 0x13, 0x4A, 0x03, 0x43, 0x2D,
    0xF4, 0x0C, 0x28, 0x55, 0x3D, 0xF5, 0x8C, 0xBF, 0x64, 0x60, 0xC0, 0x45, 0x13, 0x72, 0xAB, 0x16,
    0x9D, 0x2C, 0xE5, 0xA0, 0x54, 0xFD, 0xD4, 0x2B, 0xE5, 0xBF, 0xE8, 0x94, 0xD2, 0xDF, 0x39, 0x25,
    0x8D, 0xDC, 0xA5, 0x9E, 0xE1, 0xF4, 0x25, 0x69, 0xDE, 0xB1, 0x36, 0x68, 0xE4, 0x21, 0xBD, 0x23,
    0xF3, 0xB2, 0xB8, 0x36, 0xF7, 0x8A, 0x74, 0x1B, 0x66, 0x3E, 0xD4, 0x87, 0x0A, 0x7A, 0xFD, 0xA4,
    0x0E, 0x48, 0xCB, 0xB0, 0x3D, 0x35, 0x04, 0xBA, 0x54, 0xFA, 0xB5, 0xFE, 0x7B, 0xD2, 0xC5, 0x13,
    0x50, 0x31, 0xE6, 0xAE, 0xF3, 0xA4, 0xB7, 0x01, 0x86, 0x00, 0x1A, 0x60, 0x00, 0x8A, 0x3A, 0xF0,
    0x2A, 0x6C, 0xE8, 0x55, 0x4C, 0x4E, 0x00, 0xF8, 0x58, 0x1D, 0xE2, 0x93, 0x5A, 0xC3, 0x55, 0xBD,
    0x12, 0x8E, 0x19, 0x27, 0x42, 0xAE, 0xB0, 0x0E, 0xF4, 0x4C, 0x75, 0xCB, 0x6A, 0xB5, 0xD4, 0x30,
    0x35, 0x6C, 0x8F, 0xBF, 0xF7, 0xB3, 0x0C, 0xA8, 0x51, 0x38, 0x9A, 0xBC, 0x0C, 0x49, 0xF1, 0x75,
    0x6F, 0xE4, 0xF3, 0xEE, 0x5D, 0xEB, 0x22, 0x5E, 0x51, 0x9A, 0x83, 0x51, 0x49, 0xCC, 0x4F, 0x12,
    0x90, 0x6E, 0x2F, 0x6D, 0x96, 0xF3, 0x2C, 0x3C, 0x0E, 0xF8, 0xA5, 0x2C, 0xCF, 0xB1, 0xD8, 0x2F,
    0x6E, 0xCD, 0x15, 0xF0, 0x16, 0x8E, 0xA7, 0x0B, 0x5C, 0x44, 0x91, 0x8B, 0x88, 0x20, 0x7F, 0xB4,
    0x7A, 0x4F, 0xD4, 0xF1, 0x66, 0x55, 0x3A, 0xE2, 0x3A, 0x90, 0xF1, 0xC6, 0x51, 0x74, 0xF8, 0x16,
    0x5B, 0x07, 0x34, 0xF2, 0xA8, 0x02, 0xB1, 0x69, 0xB2, 0x23, 0x67, 0x41, 0x21, 0xC5, 0x2D, 0x15,
    0x99, 0x69, 0xBC, 0xED, 0xD8, 0x2F, 0x2B, 0x2C, 0x2B, 0xB7, 0xF3, 0x2B, 0x5B, 0x40, 0x5C, 0x47,
    0x93, 0x22, 0x6F, 0x7F, 0x75, 0xE6, 0x35, 0x0C, 0x8A, 0x4E, 0xE3, 0xAC, 0x11, 0x11, 0xD9, 0x20,
    0x87, 0xAE, 0xE9, 0x7C, 0xBB, 0xEC, 0x6D, 0x2A, 0xB3, 0x02, 0x40, 0x85, 0x4F, 0x09, 0xEA, 0x4C,
    0x44, 0x9C, 0x9A, 0x57, 0xE7, 0x25, 0x04, 0x57, 0xD4, 0xB6, 0xEF, 0x20, 0x1E, 0x70, 0x91, 0xA1,
    0x64, 0xF5, 0xAD, 0x6C, 0xCC, 0x9E, 0x72, 0x42, 0x37, 0xE2, 0xB3, 0x1B, 0x83, 0x32, 0x9C, 0x10,
    0xB9, 0x78, 0x58, 0x03, 0x63, 0x20, 0xFF, 0xED, 0xC1, 0x1B, 0xAE, 0x12, 0x11, 0x83, 0xA3, 0x13,
    0x1E, 0xFB, 0x7D, 0xE3, 0xA5, 0x9C, 0xD4, 0x8A, 0x78, 0xC1, 0xDD, 0xCF, 0x34, 0x32, 0x0E, 0x15,
    0x64, 0x5B, 0xC2, 0x7D, 0x05, 0x3C, 0x43, 0xF7, 0xDB, 0xFC, 0xB7, 0x4D, 0x7F, 0xA7, 0xAE, 0xB0,
    0x95, 0xDA, 0xCB, 0xDC, 0x77, 0x63, 0x52, 0xB8, 0x17, 0xDA, 0xFD, 0x25, 0x5E, 0x02, 0x7A, 0xDC,
    0x02, 0xAE, 0x87, 0x3D, 0x90, 0xFD, 0xB0, 0x03, 0x52, 0x71, 0x7C, 0x42, 0x52, 0x88, 0x67, 0xE7,
    0x7E, 0x4E, 0x2A, 0x84, 0x32, 0x03, 0xE9, 0x6F, 0xA5, 0x46, 0x5E, 0x17, 0x0E, 0x45, 0x99, 0x97,
    0xA8, 0xB4, 0xCE, 0x0D, 0x70, 0x36, 0x20, 0xF4, 0x7C, 0x0D, 0x5D, 0x13, 0x50, 0xA2, 0xD2, 0x9A,
    0xFD, 0x0F, 0xCC, 0x96, 0x81, 0xA6, 0xED, 0xDA, 0x15, 0x86, 0xBF, 0x24, 0x3D, 0x7B, 0xD1, 0x85,
    0x79, 0xD0, 0x53, 0x74, 0x21, 0x0F, 0x50, 0x6D, 0x9E, 0xE0, 0x36, 0x01, 0x8A, 0xC2, 0xC1, 0xD9,
    0xE0, 0x3E, 0xC4, 0x82, 0x02, 0xDA, 0x3B, 0xF3, 0x06, 0x3D, 0x8F, 0x70, 0x51, 0x38, 0xF7, 0xBE,
    0xC0, 0x2D, 0x25, 0x51, 0x28, 0x40, 0xA0, 0xA0, 0xB8, 0xA1, 0xA5, 0x55, 0xE8, 0x44, 0x2E, 0x6B,
    0xB7, 0x49, 0x46, 0xE7, 0x30, 0x47, 0xA6, 0xED, 0xEE, 0x6D, 0xB7, 0x38, 0xAD, 0x0E, 0x59, 0xE3,
    0xFF, 0x46, 0x92, 0x3D, 0x13, 0xFF, 0x1F, 0xD3, 0x06, 0x80, 0xEF, 0x25, 0x41, 0x80, 0x1F, 0x7C,
    0xA0, 0x90, 0x8E, 0x93, 0xC8, 0x42, 0xD4, 0xE6, 0x1F, 0x9F, 0x0A, 0x2D, 0x48, 0x8F, 0x1F, 0x1B,
    0xAA, 0x0D, 0x5C, 0xF8, 0x84, 0xF3, 0x8D, 0xC8, 0x4B, 0x64, 0x28, 0xA5, 0xA7, 0x99, 0xA1, 0x10,
    0x68, 0x27, 0x40, 0x75, 0x04, 0x86, 0x0E, 0xAF, 0x3A, 0xF4, 0x0C, 0xAA, 0x7E, 0x54, 0xE4, 0xB1,
    0x4A, 0xD6, 0xE7, 0xAF, 0xDB, 0xDF, 0xE5, 0x75, 0x5A, 0x55, 0xE9, 0xF2, 0x73, 0x6A, 0x7D, 0xEE,
    0x0E, 0x2E, 0x40, 0xB5, 0xC2, 0x49, 0x7F, 0x37, 0x28, 0x77, 0xA8, 0x03, 0x30, 0x4C, 0x69, 0x8D,
    0x5A, 0x86, 0x1D, 0xA0, 0x10, 0x99, 0x41, 0xE1, 0x1D, 0x56, 0xA7, 0x09, 0xC0, 0x2D, 0xD6, 0x5F,
    0x7D, 0xE0, 0xBC, 0xE0, 0x65, 0x29, 0x43, 0x25, 0x5F, 0xEE, 0x65, 0x70, 0x71, 0xFA, 0xE9, 0x58,
    0x4F, 0x34, 0xBB, 0x3E, 0x3F, 0x8E, 0x6D, 0xCF, 0x39, 0xE0, 0x3B, 0x4E, 0x0B, 0x03, 0xD6, 0xAB,
    0x1B, 0xF2, 0xA4, 0xEB, 0xD5, 0xD4, 0x17, 0xBD, 0xFF, 0x1C, 0xF4, 0x6F, 0x5D, 0xA0, 0x19, 0x71,
    0xB3, 0x1E, 0x11, 0xF4, 0x86, 0x8E, 0x42, 0xBE, 0xDC, 0x80, 0x26, 0xBD, 0x5E, 0x7E, 0x39, 0x8A,
    0x2E, 0xA9, 0x0B, 0x6F, 0xEE, 0xEF, 0x79, 0x75, 0x5F, 0x2F, 0x5E, 0x04, 0x27, 0x6E, 0xB9, 0xC8,
    0x03, 0x77, 0x52, 0x05, 0x64, 0x84, 0xB6, 0x0C, 0xBA, 0x0A, 0x75, 0x35, 0x25, 0xAD, 0xFB, 0xA4,
    0x1B, 0x49, 0x3B, 0x53, 0xFE, 0x77, 0xEA, 0x7B, 0x68, 0x52, 0x7E, 0xFC, 0x04, 0x34, 0x34, 0x7E,
    0x09, 0x34, 0x81, 0x62, 0x05, 0xDC, 0xDE, 0x5D, 0x02, 0x50, 0x8A, 0xC8, 0x08, 0x70, 0x95, 0x4D,
    0x05, 0xEE, 0x3B, 0xAC, 0xCA, 0x05, 0x48, 0xB9, 0x66, 0xA1, 0x5C, 0x5B, 0xC1, 0xC9, 0xB8, 0x5E,
    0x84, 0x3B, 0x19, 0x6F, 0x08, 0xF8, 0xDF, 0x05, 0x95, 0xF6, 0xEF, 0x23, 0x43, 0x94, 0x07, 0x50,
    0x19, 0x3F, 0x86, 0xF8, 0x11, 0x0D, 0x6F, 0x18, 0xF5, 0x4C, 0x21, 0x2A, 0xCB, 0xE5, 0xEB, 0x09,
    0x9C, 0x48, 0xBD, 0x43, 0x29, 0x37, 0x27, 0xC0, 0x9B, 0x8E, 0x5C, 0x7C, 0x07, 0xF2, 0x88, 0xEB,
    0xAB, 0x29, 0x0F, 0x55, 0xA8, 0xFB, 0x3C, 0x14, 0xAB, 0xCF, 0x0C, 0xC3, 0x9A, 0x11, 0xDA, 0x5B,
    0x46, 0xA8, 0x03, 0x2F, 0x54, 0xFC, 0x34, 0x3A, 0xA0, 0xB8, 0x8F, 0xC5, 0x20, 0x22, 0x33, 0x38,
    0x51, 0x5B, 0x2F, 0xF2, 0x37, 0xD9, 0xD5, 0xEA, 0x2F, 0xBE, 0x90, 0x11, 0xE9, 0x8A, 0xD8, 0xDD,
    0x44, 0x21, 0xC4, 0x41, 0x93, 0x70, 0x3D, 0xD5, 0xAE, 0x99, 0x71, 0x5E, 0x71, 0xDA, 0x75, 0xD0,
    0x73, 0x0E, 0xDC, 0xA2, 0x03, 0x08, 0xDF, 0x85, 0x36, 0xD8, 0xD0, 0x5B, 0xA6, 0x3A, 0xA8, 0x29,
    0x48, 0xAF, 0x43, 0x3A, 0x59, 0x0A, 0x3A, 0xA4, 0xB4, 0xAB, 0xED, 0xD1, 0xE0, 0xD6, 0x47, 0x43,
    0x1D, 0x8E, 0x61, 0xD6, 0x5F, 0x1E, 0x6C, 0x45, 0xBB, 0xAD, 0x90, 0x2E, 0x0F, 0x54, 0xC2, 0x31,
    0x8C, 0xF6, 0x25, 0xD8, 0x43, 0xDD, 0xED, 0x18, 0x86, 0x9E, 0x26, 0x1C, 0x83, 0x74, 0xF8, 0xC9,
    0x86, 0x42, 0x40, 0x7A, 0xCA, 0x49, 0x87, 0x6A, 0xD3, 0xD9, 0x06, 0xB7, 0xA2, 0x06, 0x54, 0x13,
    0xD2, 0xD1, 0x06, 0xCE, 0xAB, 0x0E, 0x85, 0x74, 0x77, 0x32, 0x52, 0x2F, 0x50, 0x4F, 0x57, 0x11,
    0xD9, 0xA0, 0x8D, 0x22, 0x93, 0xDA, 0xFB, 0xFE, 0x18, 0xB0, 0x7A, 0x4D, 0x71, 0x20, 0x9F, 0xD0,
    0x1C, 0x81, 0x50, 0x77, 0xBF, 0x3D, 0xF2, 0xE0, 0xFC, 0xA7, 0x05, 0x8B, 0x83, 0x4A, 0x66, 0x2C,
    0x0D, 0xB4, 0x59, 0x18, 0x66, 0x65, 0x4A, 0x01, 0x38, 0xA2, 0xC8, 0x8C, 0x3C, 0xE6, 0xFE, 0xAC,
    0x4B, 0x5B, 0x0E, 0xCA, 0x93, 0x39, 0xE2, 0xC6, 0xD8, 0xCC, 0x37, 0xD7, 0x21, 0x1C, 0x4C, 0xB9,
    0x1D, 0xFC, 0x4A, 0x3D, 0xCC, 0xAE, 0xBB, 0x90, 0x99, 0x66, 0x32, 0x9E, 0x2C, 0x67, 0x63, 0xC9,
    0xF6, 0x53, 0x6E, 0xC6, 0xDE, 0xA2, 0x30, 0xF3, 0x5D, 0xC8, 0xDE, 0xD3, 0xCC, 0xD9, 0x7A, 0xBD,
    0xED, 0xAD, 0x39, 0x8F, 0x40, 0x30, 0xE3, 0xCB, 0x9D, 0x62, 0x36, 0xDF, 0x4F, 0x2B, 0xD5, 0x6C,
    0xB6, 0xBB, 0x6F, 0xEE, 0x3F, 0x9D, 0xCD, 0xF5, 0x26, 0xCA, 0x9C, 0x4C, 0x4F, 0x9C, 0xF7, 0xC5,
    0xD7, 0xC0, 0x49, 0x02, 0xE5, 0xCC, 0x02, 0x94, 0x43, 0x80, 0xF5, 0x34, 0x03, 0xB8, 0x88, 0x6D,
    0x3D, 0x1E, 0x58, 0x4B, 0xA7, 0x78, 0x8E, 0xE8, 0x76, 0x0E, 0xAC, 0xD6, 0x8C, 0x56, 0x19, 0xEF,
    0x7E, 0x9D, 0x51, 0xE4, 0x67, 0x01, 0x4D, 0x9B, 0x93, 0xC8, 0x1F, 0x0D, 0xDD, 0xAD, 0xF8, 0x67,
    0xE0, 0x33, 0xAA, 0x8D, 0x66, 0xC6, 0x07, 0x7E, 0xC1, 0xF9, 0x46, 0x3B, 0x6A, 0x88, 0x3F, 0xC7,
    0x05, 0x7C, 0x4F, 0x1D, 0x78, 0x4D, 0xAB, 0x91, 0x98, 0x2D, 0x3D, 0x03, 0x09, 0x05, 0x24, 0xA1,
    0x19, 0xA2, 0x4F, 0x3B, 0xDD, 0x32, 0xBA, 0x90, 0xB1, 0x9D, 0xF2, 0xBD, 0xBE, 0x87, 0x21, 0x5F,
    0xC4, 0x77, 0x8A, 0xFA, 0x2D, 0xDB, 0xD3, 0xE2, 0x02, 0xE7, 0x2E, 0xBD, 0x83, 0x8B, 0x47, 0x97,
    0xDE, 0xAC, 0x9D, 0x70, 0xB8, 0xED, 0xEE, 0x2F, 0x37, 0xFC, 0x1F, 0xEE, 0x3D, 0x95, 0xC8, 0xEF,
    0xE5, 0xBD, 0xC4, 0x82, 0x61, 0xAF, 0x64, 0x4E, 0x58, 0xBC, 0x7D, 0xB4, 0x99, 0x00, 0xAF, 0xD2,
    0x4E, 0x02, 0xB4, 0x22, 0xFD, 0x45, 0xBE, 0x01, 0xBE, 0x2F, 0x0F, 0x1D, 0xD2, 0x03, 0xF8, 0x09,
    0xA4, 0x03, 0xDB, 0x24, 0xFF, 0x6F, 0xE9, 0xF3, 0x4C, 0xE1, 0xA0, 0xE2, 0x19, 0x2A, 0x13, 0x49,
    0x47, 0xA5, 0x44, 0x11, 0xA9, 0x56, 0xE2, 0x2A, 0xB1, 0x94, 0x18, 0x94, 0x66, 0x25, 0xAB, 0x97,
    0xC9, 0xF7, 0x07, 0x0D, 0xDD, 0x41, 0x72, 0x40, 0xB5, 0x19, 0x14, 0xD7, 0xC5, 0xA8, 0x92, 0xDE,
    0xA8, 0x78, 0xC7, 0x93, 0xDA, 0x52, 0x2A, 0xA5, 0x68, 0x26, 0xAA, 0x29, 0x91, 0x62, 0xB7, 0x3C,
    0xBE, 0xB2, 0x34, 0x60, 0x78, 0x49, 0xFD, 0x9E, 0xF4, 0x87, 0xA6, 0x85, 0x29, 0x1F, 0x47, 0x3F,
    0x37, 0x0D, 0x49, 0x8B, 0x6F, 0x69, 0x19, 0xD5, 0x3C, 0xDE, 0xCD, 0xE1, 0xDD, 0xFC, 0xDD, 0xCD,
    0xDD, 0x9D, 0x54, 0xCF, 0x2B, 0x85, 0xF9, 0x56, 0xAE, 0x66, 0x9A, 0xE9, 0x79, 0x49, 0x97, 0xFD,
    0x94, 0x4E, 0x9B, 0x19, 0xF9, 0xA3, 0xF6, 0x02, 0x9F, 0x71, 0x95, 0xB4, 0xE9, 0x6A, 0x27, 0xF5,
    0x01, 0x7E, 0x84, 0x76, 0x9E, 0xEF, 0xAD, 0xDE, 0xC3, 0x45, 0x3B, 0xA4, 0x3E, 0x68, 0xC7, 0x7F,
    0xBC, 0x2E, 0xDA, 0x0B, 0xE9, 0x63, 0xBF, 0xCA, 0x43, 0xEC, 0x5E, 0x24, 0x76, 0xE0, 0xE8, 0x4F,
    0x5E, 0x4C, 0xCC, 0x8C, 0x6C, 0xC1, 0x35, 0x00, 0xF6, 0x2D, 0xBC, 0x83, 0x37, 0xF1, 0x57, 0xDC,
    0xDF, 0xC7, 0xE3, 0xED, 0x20, 0x1D, 0x4E, 0xE4, 0x24, 0x12, 0x2E, 0x32, 0xF2, 0x6A, 0x78, 0x28,
    0x06, 0x79, 0x8F, 0xCC, 0x50, 0xF7, 0xB8, 0x15, 0x24, 0x80, 0xEB, 0x38, 0xDF, 0x60, 0x58, 0x13,
    0x2E, 0x11, 0xB7, 0x8C, 0xBF, 0x91, 0x8C, 0x5F, 0xC9, 0x98, 0xB1, 0x9D, 0x32, 0x36, 0x21, 0xA3,
    0xBB, 0x65, 0xAC, 0xB6, 0x8C, 0xA5, 0x64, 0x44, 0xFA, 0x8C, 0x7E, 0xCA, 0xD8, 0x84, 0x8C, 0xEE,
    0x96, 0xF1, 0xB4, 0x65, 0x2C, 0x25, 0x23, 0xF2, 0xAB, 0x8C, 0xFE, 0xEB, 0x8C, 0x8D, 0x64, 0x74,
    0x19, 0x39, 0x19, 0xAE, 0x50, 0x25, 0x54, 0xE3, 0x48, 0x78, 0x95, 0x3F, 0x83, 0x57, 0x64, 0x90,
    0x05, 0x5A, 0x45, 0xAC, 0xFE, 0x3D, 0xBA, 0xF0, 0x1C, 0x36, 0x53, 0x46, 0x3F, 0x1E, 0x74, 0x91,
    0x83, 0x68, 0x97, 0x8C, 0x6F, 0x78, 0xAE, 0xEA, 0xDE, 0x02, 0xA4, 0x9D, 0x2C, 0xBF, 0x48, 0x16,
    0x1F, 0xED, 0x78, 0xA4, 0x77, 0xEE, 0x8E, 0xF0, 0xC8, 0xD9, 0x91, 0xA3, 0x23, 0x27, 0xC7, 0x11,
    0x9C, 0x93, 0xD1, 0x72, 0xBB, 0x8B, 0x64, 0xB1, 0xB5, 0xE3, 0x91, 0x5A, 0x33, 0x6A, 0x68, 0x07,
    0x95, 0x72, 0x10, 0xD2, 0x1F, 0xE4, 0xA7, 0x83, 0x9A, 0x70, 0x90, 0xBB, 0x19, 0x69, 0x5C, 0x46,
    0xA5, 0x18, 0x69, 0x58, 0x46, 0x9A, 0x95, 0x51, 0x23, 0x07, 0xB9, 0x4C, 0xA7, 0x44, 0x29, 0xA7,
    0x48, 0x16, 0x53, 0x24, 0x4B, 0x29, 0x92, 0x85, 0x14, 0x09, 0xAB, 0xFF, 0x94, 0xDA, 0xFE, 0x20,
    0xFF, 0x74, 0x3F, 0xBE, 0xAC, 0xF9, 0xE2, 0xFC, 0x42, 0x34, 0xED, 0x01, 0x43, 0x7F, 0xC0, 0xF8,
    0xED, 0x33, 0x3F, 0xE6, 0xC5, 0x2A, 0x3E, 0x90, 0xC2, 0xAA, 0x65, 0xA6, 0x91, 0xFE, 0xBA, 0x0E,
    0x72, 0xE3, 0x22, 0x7D, 0xB9, 0xCD, 0xA7, 0x4D, 0xD7, 0x29, 0x24, 0x1E, 0xD0, 0x6A, 0x27, 0xC3,
    0x80, 0xC2, 0x7E, 0xC0, 0x06, 0xBE, 0xFB, 0xAF, 0x42, 0x25, 0x11, 0xC6, 0x08, 0x83, 0xFC, 0x15,
    0xFF, 0x10, 0x41, 0x64, 0xC5, 0x6F, 0xD9, 0xC8, 0x47, 0xD0, 0x19, 0xF8, 0x27, 0x30, 0x98, 0xB2,
    0x9B, 0x96, 0xAB, 0xC1, 0x75, 0x31, 0x90, 0xC9, 0xE0, 0xDD, 0xA3, 0xFF, 0xA4, 0xFF, 0xD5, 0xCE,
    0x15, 0x40, 0x5A, 0x92, 0x66, 0xE7, 0x53, 0x55, 0xDB, 0xAF, 0xE8, 0x22, 0x15, 0xCC, 0x60, 0xB3,
    0x76, 0x0A, 0x82, 0xB5, 0x49, 0x77, 0x01, 0x04, 0xFD, 0x5E, 0xD5, 0x24, 0x58, 0xC0, 0x04, 0xEF,
    0x75, 0x30, 0x18, 0x58, 0xC8, 0xC0, 0x83, 0x20, 0xA1, 0x67, 0xAB, 0x00, 0x08, 0xF6, 0xC1, 0x0C,
    0x04, 0x06, 0x1B, 0x92, 0x1B, 0x34, 0x0C, 0x1A, 0x3D, 0xAF, 0x7E, 0x60, 0x11, 0xA4, 0x48, 0xD6,
    0x02, 0x52, 0x59, 0x19, 0x62, 0x1A, 0x6A, 0xA3, 0x66, 0xA7, 0xBA, 0xA7, 0xEE, 0xFD, 0xF3, 0xBE,
    0xF3, 0xD5, 0x79, 0x5D, 0xF7, 0xE5, 0xEE, 0x9B, 0xCC, 0x6C, 0xEF, 0xBE, 0xE9, 0x9B, 0xFE, 0xB9,
    0xE7, 0xAB, 0x77, 0xEF, 0xED, 0xBA, 0xFF, 0xFF, 0x9F, 0xFF, 0x3F, 0xE7, 0xFC, 0xDF, 0x39, 0xD5,
    0xEF, 0x49, 0x6E, 0xF1, 0xF3, 0x1C, 0x3A, 0x5B, 0xD4, 0x3C, 0x07, 0xCC, 0x5C, 0x1A, 0xFF, 0xBB,
    0xBD, 0x66, 0xBF, 0xBB, 0xF8, 0x4A, 0xE0, 0x6B, 0xFE, 0x73, 0xA7, 0xF0, 0xEF, 0x2D, 0x20, 0xF9,
    0x31, 0x23, 0xC5, 0xB7, 0x7A, 0x40, 0x16, 0x0F, 0xAA, 0x3C, 0x5A, 0xD3, 0x43, 0xC2, 0x83, 0x60,
    0x03, 0x18, 0xC5, 0x03, 0x06, 0xBD, 0x5B, 0xA8, 0xB1, 0x9D, 0x44, 0x0C, 0x04, 0x62, 0xA7, 0x9B,
    0x3D, 0xF9, 0xD9, 0x09, 0x0C, 0x70, 0xAA, 0xAE, 0x4C, 0xB2, 0xD5, 0xEA, 0xE1, 0x20, 0x72, 0xC4,
    0xF3, 0xEA, 0x21, 0x4D, 0xF4, 0x63, 0x92, 0x12, 0xA3, 0xAE, 0xBA, 0x60, 0x00, 0x94, 0x11, 0xC3,
    0xC2, 0x58, 0xFF, 0x6A, 0x1F, 0xFA, 0x33, 0xF9, 0x23, 0xBF, 0xD1, 0x18, 0xC3, 0x7B, 0xF9, 0x73,
    0x1C, 0x21, 0x1F, 0xE1, 0x2E, 0x45, 0x80, 0x9D, 0xFD, 0x53, 0x84, 0x88, 0xBE, 0xB5, 0x40, 0xC1,
    0xCB, 0xB2, 0xDD, 0x5A, 0x95, 0x22, 0x58, 0x48, 0x91, 0xBF, 0xBF, 0x21, 0xA3, 0x10, 0x83, 0xA7,
    0x60, 0x34, 0xF3, 0x21, 0xB7, 0xC1, 0xA5, 0xB8, 0x55, 0x69, 0x5C, 0xE3, 0x22, 0xFF, 0x7E, 0xE5,
    0xD2, 0x41, 0x72, 0x97, 0x83, 0x89, 0x28, 0x1C, 0x45, 0x61, 0x02, 0x94, 0x4F, 0x1B, 0x78, 0x97,
    0x0D, 0xC9, 0x8F, 0xDB, 0xC4, 0x6F, 0xD2, 0x75, 0xE0, 0xC7, 0x74, 0x23, 0xB7, 0x4A, 0xEA, 0xE9,
    0x81, 0xE4, 0x92, 0x97, 0x93, 0xA4, 0xFF, 0x3A, 0xA8, 0x6E, 0xEC, 0x24, 0xB3, 0x8C, 0x24, 0x11,
    0xAF, 0x68, 0xAC, 0xE2, 0x6B, 0x7E, 0xD6, 0xBC, 0xE0, 0x97, 0xC7, 0x09, 0x03, 0xE3, 0x79, 0x86,
    0xDF, 0xD2, 0x7E, 0x1D, 0x4A, 0x8E, 0x95, 0x83, 0x65, 0xB3, 0xE8, 0x57, 0x2D, 0xCB, 0x06, 0x03,
    0xF4, 0x1D, 0xEB, 0x4F, 0xF5, 0x75, 0x5F, 0x18, 0x93, 0x83, 0xD6, 0x54, 0x65, 0x12, 0x60, 0x5E,
    0xB0, 0x38, 0x54, 0xC1, 0x32, 0xF2, 0x30, 0x52, 0xD1, 0x08, 0xE5, 0x54, 0x59, 0xBA, 0x36, 0x2A,
    0xE3, 0x4A, 0x23, 0xF9, 0x26, 0x42, 0xEE, 0x4D, 0x48, 0xBD, 0xCD, 0xCC, 0xDB, 0x4C, 0xBC, 0x91,
    0x77, 0x9B, 0x48, 0xBB, 0xAD, 0x8D, 0x75, 0x23, 0x19, 0x66, 0x9C, 0x5B, 0xA5, 0x50, 0xCF, 0xCC,
    0x59, 0x53, 0x2F, 0xC1, 0x6F, 0x41, 0xB3, 0x0D, 0x4E, 0x61, 0xFE, 0xE7, 0x33, 0xD1, 0xC6, 0x5B,
    0x1B, 0xCD, 0x46, 0x96, 0xCD, 0x48, 0x36, 0xE3, 0xD8, 0x48, 0xB1, 0x19, 0xC3, 0x66, 0x04, 0x1B,
    0x83, 0xD8, 0x12, 0x8B, 0x78, 0x90, 0x07, 0x22, 0x3F, 0x02, 0x93, 0x93, 0x63, 0xCF, 0xA5, 0xDE,
    0x61, 0x8C, 0xC2, 0x0D, 0xB1, 0x5C, 0xC4, 0x18, 0x7D, 0xE5, 0x07, 0x01, 0xEF, 0x26, 0xA0, 0xDD,
    0xEA, 0xAC, 0xE5, 0x92, 0x4C, 0x3B, 0xE5, 0xDC, 0x94, 0x72, 0x6B, 0x84, 0x22, 0x1A, 0xFD, 0xB6,
    0xC0, 0x07, 0x2A, 0x06, 0xA5, 0xDA, 0x94, 0x69, 0x53, 0xA2, 0x4D, 0x79, 0x36, 0xDD, 0x14, 0x64,
    0xD9, 0x48, 0xB2, 0x69, 0x07, 0x5F, 0x23, 0xC1, 0x96, 0x4B, 0x5A, 0x43, 0x37, 0x4E, 0x2D, 0x7C,
    0xF4, 0xCB, 0x89, 0x66, 0x63, 0xA0, 0x2D, 0xE9, 0xAE, 0x84, 0xF6, 0xD6, 0xC8, 0xC8, 0x1D, 0x93,
    0x90, 0xF3, 0xE4, 0xE3, 0x3E, 0x21, 0x1D, 0x57, 0x1A, 0x0B, 0x76, 0x33, 0x60, 0xDC, 0x1B, 0xA9,
    0x37, 0x63, 0xDE, 0x48, 0xBC, 0x19, 0xEF, 0x66, 0xB4, 0x1B, 0x59, 0x37, 0x92, 0x6E, 0xB6, 0x82,
    0x63, 0x17, 0x2A, 0x33, 0x37, 0xA4, 0x3A, 0xE8, 0x35, 0x2D, 0x7C, 0x41, 0x7D, 0xE5, 0x93, 0x18,
    0x63, 0xBA, 0xBB, 0x91, 0x9D, 0x13, 0xB2, 0x73, 0xA2, 0xF1, 0x2D, 0x60, 0xC9, 0xAB, 0xDD, 0x00,
    0x3B, 0x37, 0x6F, 0xB1, 0xD5, 0x4A, 0x15, 0xEE, 0x7D, 0x3D, 0xC3, 0x8E, 0xE8, 0x0B, 0xC3, 0x85,
    0x05, 0xAC, 0x9F, 0x43, 0xE6, 0x8A, 0x72, 0xEF, 0xD5, 0x6F, 0x2D, 0x51, 0x3F, 0x66, 0x80, 0x53,
    0xC4, 0x22, 0x80, 0x39, 0x0B, 0x6B, 0xAC, 0x90, 0x3E, 0xD5, 0xAF, 0x0C, 0x0A, 0x31, 0x21, 0x6C,
    0x0F, 0xEA, 0x97, 0x6D, 0x4D, 0x2C, 0xA3, 0x37, 0xBF, 0x0C, 0x51, 0xA2, 0x5E, 0x21, 0x71, 0x0A,
    0xBF, 0xC7, 0x3F, 0xCA, 0x37, 0x00, 0xB9, 0x2D, 0x8D, 0x0A, 0x30, 0xFF, 0x75, 0x5B, 0xBE, 0xBD,
    0xDF, 0x4B, 0xE3, 0x16, 0x57, 0x41, 0xDE, 0x2D, 0xA2, 0x3F, 0x0B, 0xB4, 0xE6, 0x29, 0xEB, 0x8C,
    0x9B, 0xD3, 0x15, 0x92, 0x74, 0xB6, 0x42, 0x08, 0x3A, 0xA9, 0x49, 0xFB, 0x12, 0xAE, 0x90, 0x23,
    0x2E, 0x83, 0xD4, 0x55, 0x3A, 0xCC, 0xCF, 0x76, 0xF9, 0x87, 0xEF, 0xD7, 0x3B, 0x57, 0x88, 0x5B,
    0xAE, 0x90, 0x3F, 0xD8, 0xE7, 0x15, 0x72, 0x4B, 0x04, 0x2B, 0x24, 0x6E, 0x35, 0xEC, 0x09, 0x26,
    0x86, 0x3D, 0x8D, 0xDF, 0xED, 0x34, 0xF6, 0x6C, 0x85, 0xE4, 0xDD, 0x92, 0x05, 0x88, 0xC6, 0xE5,
    0xB6, 0x90, 0x23, 0x42, 0xB2, 0xCB, 0x86, 0xB4, 0xC5, 0xD6, 0x0A, 0xB9, 0xBD, 0xD7, 0x2B, 0xE4,
    0x78, 0x19, 0xFB, 0x1A, 0x99, 0x57, 0x99, 0xDB, 0xE5, 0x87, 0x4E, 0x41, 0x4A, 0xDA, 0xE0, 0xDD,
    0x2B, 0xA4, 0x7B, 0xF9, 0x56, 0xC8, 0xC1, 0xDF, 0x6B, 0x32, 0xA1, 0x45, 0x78, 0x3F, 0x49, 0xDA,
    0xC6, 0x1B, 0xF8, 0x94, 0xA6, 0xFC, 0x16, 0xEF, 0x47, 0xD2, 0x28, 0xEB, 0xE6, 0x35, 0x64, 0x02,
    0xD9, 0x86, 0x59, 0xFC, 0xEC, 0xE4, 0x9D, 0x1E, 0xA1, 0xB0, 0x8A, 0x2E, 0x6F, 0x25, 0x6B, 0x33,
    0x9C, 0x42, 0x53, 0xA4, 0xA2, 0xA3, 0x29, 0xF0, 0x12, 0xE0, 0xCE, 0x92, 0xFB, 0xD6, 0xA2, 0xDB,
    0x77, 0x57, 0x2B, 0x6E, 0x41, 0x4F, 0x12, 0x74, 0xB3, 0x8B, 0xD2, 0xF8, 0x98, 0xEC, 0xB0, 0x5F,
    0x40, 0x25, 0xE7, 0xFB, 0x7C, 0xB4, 0xD6, 0xE6, 0xFD, 0x7A, 0x16, 0x27, 0x27, 0x46, 0xB8, 0x7F,
    0x4F, 0x7E, 0x28, 0xE2, 0x83, 0x35, 0xC4, 0x46, 0xAF, 0xF0, 0xDE, 0xA3, 0x1B, 0x3D, 0x69, 0x9B,
    0xFE, 0x08, 0xB4, 0x0B, 0xD7, 0x68, 0x65, 0x0B, 0x7E, 0xF4, 0xFF, 0x4C, 0x7F, 0x1C, 0x22, 0xCC,
    0x0A, 0xBB, 0xA7, 0xE2, 0xB1, 0xDC, 0xB4, 0xFE, 0xE4, 0x60, 0xB5, 0xFA, 0x10, 0x28, 0x60, 0xE1,
    0x19, 0x63, 0xDA, 0x3B, 0x3B, 0x93, 0xF9, 0x1A, 0x70, 0x33, 0xE1, 0x34, 0x28, 0x75, 0xBC, 0x59,
    0x35, 0x83, 0xEA, 0x67, 0x90, 0x70, 0xC4, 0x7D, 0xFE, 0x65, 0x10, 0x19, 0x55, 0x47, 0x24, 0xB9,
    0x25, 0x4B, 0xE7, 0x8B, 0x43, 0x5C, 0xFC, 0x10, 0xE3, 0x36, 0x5F, 0x3B, 0xE8, 0x05, 0xF4, 0x33,
    0x5F, 0x44, 0x6E, 0xBE, 0x48, 0xEA, 0xF9, 0x22, 0x85, 0x82, 0x36, 0xD0, 0x32, 0x2E, 0x30, 0xC3,
    0xF7, 0xCC, 0x55, 0x8F, 0xF3, 0x45, 0xF0, 0xF4, 0xE4, 0x9D, 0x99, 0x85, 0x63, 0xAF, 0x24, 0xFE,
    0x14, 0xCA, 0xD4, 0xF2, 0x86, 0xF9, 0x3B, 0x99, 0x39, 0xF8, 0x23, 0x5E, 0xA4, 0xF2, 0x80, 0x17,
    0x99, 0x8C, 0xBC, 0xC8, 0xC3, 0x81, 0x17, 0x05, 0xD2, 0x9D, 0xD9, 0x20, 0x81, 0x6F, 0xFC, 0xD9,
    0x81, 0x67, 0xEB, 0x12, 0xC8, 0x8D, 0xC8, 0xED, 0xD5, 0xEA, 0x4C, 0xEF, 0xCC, 0x1C, 0x3B, 0xFE,
    0xAE, 0xC5, 0xDA, 0x96, 0x32, 0x83, 0x77, 0xA9, 0xCF, 0x6C, 0x56, 0x69, 0xF3, 0xC4, 0xAB, 0x56,
    0xD7, 0x52, 0xD5, 0x50, 0xEC, 0x28, 0xB9, 0x83, 0x6E, 0x7B, 0x49, 0x3B, 0xA8, 0xB7, 0xA3, 0x65,
    0xCD, 0xDB, 0x4B, 0x4C, 0x06, 0xE8, 0xF9, 0x13, 0x8C, 0xEE, 0xD4, 0xA3, 0x0D, 0xD0, 0xF6, 0xA7,
    0x17, 0x0A, 0x52, 0x85, 0xD3, 0xB7, 0xE7, 0x2D, 0x19, 0x00, 0xC3, 0xA2, 0x9B, 0xB1, 0x27, 0x56,
    0x83, 0x48, 0x9D, 0xB7, 0xC1, 0xE7, 0x93, 0x84, 0x6D, 0x36, 0x24, 0xFF, 0xE1, 0xCF, 0x32, 0xA4,
    0xE4, 0xEB, 0xCA, 0x23, 0xE3, 0xB4, 0x96, 0xC4, 0x8F, 0xA2, 0xCB, 0xE1, 0x75, 0x76, 0xFC, 0x8C,
    0x5C, 0x89, 0x2F, 0xE1, 0x31, 0x3F, 0xF0, 0xBD, 0xA6, 0x54, 0xF3, 0x51, 0xB3, 0xE5, 0xC9, 0xA4,
    0xFB, 0x22, 0xE2, 0xD4, 0x47, 0xBD, 0xD2, 0x2C, 0x41, 0x89, 0x1F, 0x5F, 0x10, 0x11, 0xD5, 0x16,
    0x34, 0x33, 0xD4, 0xBB, 0x21, 0x42, 0x12, 0xDD, 0x09, 0x52, 0x3F, 0x95, 0xD3, 0x5A, 0x0C, 0x40,
    0x3C, 0xC2, 0x79, 0x03, 0x30, 0x44, 0xEF, 0xBB, 0xAC, 0x57, 0x48, 0x46, 0x7D, 0x33, 0x5A, 0x2B,
    0x04, 0xBE, 0x04, 0x60, 0x8C, 0xF8, 0x20, 0x99, 0xF5, 0xDF, 0xF8, 0x0D, 0x8B, 0x4E, 0x20, 0xE9,
    0xE6, 0x2E, 0x94, 0x81, 0xB4, 0x9E, 0xFF, 0xC2, 0x3B, 0x69, 0x3E, 0xF0, 0xEF, 0x80, 0x4D, 0xAE,
    0x42, 0x0C, 0xA6, 0xA8, 0x25, 0x82, 0x2A, 0x24, 0x1A, 0x20, 0xE3, 0x41, 0x32, 0x48, 0x5C, 0xF3,
    0x7D, 0x7E, 0x07, 0xDF, 0xC7, 0x98, 0x9E, 0x60, 0x0F, 0x67, 0xFA, 0x33, 0x47, 0x27, 0x5C, 0x85,
    0x68, 0x3D, 0x04, 0xB9, 0x35, 0xF1, 0xFE, 0x19, 0xF7, 0x48, 0x27, 0xE8, 0xF3, 0x28, 0xA1, 0x5F,
    0x35, 0x70, 0xAC, 0xB8, 0x49, 0x5E, 0x63, 0xF3, 0x17, 0x72, 0x7B, 0xE5, 0xCF, 0x0A, 0xC9, 0xE0,
    0x3E, 0xE5, 0xD6, 0xC9, 0xBA, 0xC4, 0x4F, 0x4C, 0x92, 0xB5, 0x48, 0xAD, 0x27, 0x9B, 0xFB, 0x98,
    0x11, 0x35, 0x21, 0x17, 0x1F, 0x96, 0xC6, 0x57, 0xE9, 0xAF, 0xBD, 0x07, 0x38, 0x0A, 0x46, 0x40,
    0xF6, 0xCF, 0x3D, 0x20, 0x99, 0x6D, 0xA4, 0x19, 0x4E, 0xD9, 0x6E, 0xDF, 0x54, 0xB5, 0x02, 0xB2,
    0x5E, 0xE1, 0xAB, 0xAB, 0x95, 0x6C, 0x3C, 0x78, 0x5E, 0x51, 0xA6, 0x57, 0xC0, 0xF5, 0x1A, 0x13,
    0x6F, 0x44, 0xBC, 0x31, 0xBE, 0xDF, 0xDC, 0x65, 0x20, 0x72, 0xAE, 0xF2, 0x63, 0x95, 0x93, 0x5C,
    0xBF, 0x0C, 0x30, 0xEC, 0x5B, 0xA2, 0xE3, 0xBE, 0x2B, 0x36, 0x70, 0x8C, 0xBC, 0xA7, 0x09, 0x6F,
    0x01, 0xA1, 0x25, 0x21, 0x76, 0xD9, 0xEF, 0x8B, 0x57, 0x09, 0x6F, 0x5D, 0xF9, 0x16, 0xDC, 0x77,
    0xE6, 0x6B, 0xF1, 0xB5, 0x4E, 0x36, 0x92, 0x79, 0x9D, 0xC6, 0xD1, 0x59, 0xAD, 0x70, 0x24, 0x0A,
    0x93, 0x42, 0xD4, 0x2B, 0x24, 0x4E, 0x21, 0x17, 0x85, 0xF7, 0x14, 0xDE, 0x1C, 0x15, 0xFE, 0x6C,
    0x52, 0x78, 0xCB, 0x2B, 0x54, 0xBE, 0x06, 0x8C, 0xBE, 0x05, 0x74, 0x05, 0x9D, 0x66, 0x36, 0xF2,
    0x2E, 0x6B, 0x85, 0xC8, 0x2B, 0x04, 0xDE, 0x01, 0xA4, 0xE9, 0x14, 0x8A, 0x41, 0x21, 0x9D, 0x98,
    0x08, 0xF5, 0xD0, 0x25, 0xC6, 0x04, 0x1A, 0x5D, 0xFC, 0x88, 0xCE, 0x23, 0x29, 0xC6, 0x2A, 0xB6,
    0xB4, 0x8C, 0x1D, 0xFC, 0x7A, 0x0E, 0x27, 0x3F, 0x6A, 0x68, 0xE8, 0x27, 0x4B, 0x64, 0xAA, 0x79,
    0xDC, 0x6A, 0x95, 0x27, 0xDD, 0xBD, 0xD8, 0x26, 0x94, 0xCD, 0x97, 0xC8, 0xC2, 0xF7, 0x9A, 0x6C,
    0x3F, 0x93, 0x46, 0x77, 0x4A, 0x23, 0x71, 0x07, 0x99, 0xD6, 0xFA, 0xA9, 0x40, 0x4E, 0x90, 0x9C,
    0xA7, 0xA4, 0x83, 0xCC, 0x07, 0xC8, 0x46, 0xDF, 0xFF, 0xD5, 0x06, 0xB2, 0x56, 0x5A, 0x9F, 0xA5,
    0x4B, 0x52, 0xF0, 0x0E, 0x03, 0x64, 0x82, 0xD1, 0xA2, 0x9E, 0x2A, 0x50, 0x85, 0xE4, 0x7E, 0x94,
    0x6A, 0xAC, 0x60, 0x9C, 0xA7, 0xBD, 0xE2, 0xDE, 0xE3, 0xD9, 0xA9, 0x3B, 0x85, 0x7C, 0x2B, 0x16,
    0x3C, 0x37, 0x58, 0x16, 0x87, 0x14, 0x5C, 0xCC, 0x29, 0x41, 0x4E, 0x7E, 0xF7, 0x6C, 0x7C, 0x30,
    0x5A, 0x25, 0x6E, 0x56, 0x5A, 0xA2, 0xB5, 0xBA, 0x14, 0x05, 0xB9, 0x5A, 0x67, 0x46, 0xF8, 0xC4,
    0x22, 0x28, 0x8D, 0x46, 0x06, 0xFB, 0xEB, 0xFA, 0x7C, 0xCA, 0x2B, 0x9D, 0x06, 0xAB, 0xD5, 0x3F,
    0xE8, 0x21, 0x91, 0x57, 0xD6, 0x6E, 0x50, 0xD9, 0x69, 0x4D, 0x65, 0x9B, 0x28, 0xCD, 0x0F, 0xEA,
    0x21, 0x36, 0x81, 0xD0, 0x9E, 0xD3, 0x0F, 0x1D, 0x69, 0x2D, 0x43, 0xEA, 0x30, 0xEC, 0x58, 0x73,
    0x34, 0x21, 0xC3, 0x69, 0xDF, 0x99, 0xCB, 0x5C, 0x36, 0x94, 0xC3, 0x1E, 0x43, 0xFB, 0x7E, 0x5A,
    0xC8, 0x1E, 0x27, 0x93, 0xA4, 0x95, 0xB8, 0xC4, 0x52, 0x8B, 0x41, 0x5D, 0x98, 0x37, 0x51, 0x73,
    0xC3, 0x4E, 0x19, 0x67, 0x33, 0x1A, 0x13, 0x8C, 0xDE, 0xFC, 0x27, 0x23, 0x52, 0x7C, 0x1C, 0x34,
    0x8C, 0x7C, 0x27, 0xFD, 0x7C, 0xB3, 0x34, 0x75, 0x25, 0x65, 0xA0, 0x32, 0xA3, 0xDA, 0x4B, 0x5D,
    0x57, 0xB0, 0xB0, 0x52, 0x74, 0x50, 0x78, 0x3E, 0x4A, 0x3E, 0x08, 0x6B, 0x36, 0xA5, 0xF1, 0x6B,
    0xED, 0xEE, 0xAE, 0x8C, 0xD9, 0xDF, 0x5E, 0x97, 0x31, 0x43, 0x4B, 0x71, 0x8F, 0x4B, 0xE1, 0xD2,
    0x5A, 0x0A, 0x49, 0x71, 0xEA, 0x49, 0x39, 0xA8, 0xAD, 0x79, 0xC6, 0xFB, 0x7A, 0x50, 0xB3, 0xF7,
    0x37, 0x98, 0x50, 0x3F, 0x5E, 0xD6, 0xA7, 0x34, 0xCE, 0x0C, 0x3A, 0x19, 0x17, 0xBD, 0xC3, 0x0E,
    0x91, 0xF4, 0xDF, 0x55, 0x7A, 0x02, 0xE5, 0xB1, 0x95, 0xF0, 0x0C, 0xE4, 0x25, 0x7F, 0x7A, 0xAA,
    0x93, 0xDC, 0xB2, 0x02, 0x89, 0xB9, 0xD8, 0x4C, 0xB2, 0xFA, 0x63, 0x49, 0x7E, 0x31, 0x4A, 0x04,
    0x6D, 0xE9, 0x80, 0xEB, 0x2B, 0x43, 0x70, 0xE4, 0x6B, 0x8A, 0xF9, 0x95, 0xBF, 0xB8, 0x17, 0xEF,
    0x59, 0xF3, 0xD5, 0x60, 0xDB, 0xC1, 0xB1, 0xB1, 0xCE, 0xE3, 0xB5, 0x9B, 0x2B, 0x9D, 0x7E, 0x55,
    0x3A, 0xCD, 0x89, 0x67, 0xE3, 0xBC, 0xB3, 0xCD, 0xD3, 0xCE, 0xC6, 0x59, 0x67, 0xE3, 0xA4, 0xB3,
    0x7D, 0x79, 0x89, 0xF4, 0xAB, 0x12, 0x69, 0x6B, 0xB1, 0xEF, 0x15, 0xAD, 0x44, 0xFA, 0xDA, 0xD2,
    0xB5, 0xE4, 0x4B, 0x2F, 0x5F, 0x95, 0x48, 0x2F, 0x8B, 0x74, 0x93, 0x69, 0x39, 0x83, 0xB9, 0x53,
    0x28, 0x96, 0xE4, 0x7F, 0xD0, 0xED, 0xFF, 0x41, 0xD1, 0x02, 0x0C, 0xFA, 0x27, 0xED, 0xBC, 0xAD,
    0x94, 0xCC, 0xD9, 0x8C, 0x80, 0x9E, 0xDA, 0xAF, 0x83, 0x22, 0x33, 0x34, 0x27, 0xC6, 0xCD, 0xE6,
    0xCC, 0x78, 0xE0, 0xC4, 0x87, 0x4A, 0x79, 0x2B, 0xC8, 0xAD, 0x3A, 0x33, 0x5F, 0xA6, 0xB9, 0xE6,
    0xB7, 0x75, 0xA9, 0x7E, 0xEB, 0xFB, 0xA8, 0x70, 0xE0, 0x25, 0x4A, 0xF7, 0xE7, 0x2F, 0x04, 0x18,
    0x37, 0x2F, 0xA1, 0xFA, 0x1D, 0x97, 0xC5, 0x57, 0xB9, 0xAC, 0x9F, 0xDF, 0x81, 0x97, 0x58, 0x9C,
    0x15, 0xAD, 0x1A, 0xC2, 0x5B, 0x3F, 0xB3, 0x03, 0xE9, 0x00, 0x87, 0xAB, 0xA7, 0xCA, 0xC8, 0x3F,
    0x1C, 0x39, 0x51, 0x90, 0xED, 0x72, 0x23, 0x21, 0x5A, 0x38, 0xF8, 0x47, 0x44, 0xA0, 0x1A, 0xEE,
    0x7E, 0xC7, 0x27, 0x9A, 0xC9, 0xF0, 0xF9, 0x59, 0x86, 0x2D, 0xF8, 0x58, 0x02, 0x8C, 0xA3, 0xD7,
    0x55, 0xDE, 0xC0, 0xEB, 0x31, 0x44, 0x2E, 0x3A, 0x5D, 0xE1, 0xF9, 0x0C, 0x6A, 0x32, 0xAF, 0x42,
    0x67, 0xB6, 0x59, 0xC1, 0x29, 0x54, 0x84, 0xA6, 0x56, 0xF0, 0x02, 0x08, 0x37, 0x0A, 0xD1, 0x04,
    0x30, 0xEF, 0x9D, 0x77, 0x0A, 0x1C, 0x62, 0xB8, 0x11, 0x40, 0x32, 0x28, 0x54, 0x2D, 0xE0, 0x07,
    0x1B, 0xCE, 0x7B, 0xA7, 0xB0, 0xD9, 0xDA, 0x74, 0xE5, 0x35, 0x50, 0x2B, 0xD0, 0xB5, 0x1D, 0x20,
    0xAE, 0xC4, 0xD8, 0x3D, 0xE0, 0x42, 0x7B, 0x00, 0x7B, 0x9A, 0x4C, 0xBB, 0xBE, 0x34, 0x31, 0x76,
    0x10, 0xC0, 0xBA, 0x5C, 0x26, 0x17, 0xAD, 0xCE, 0xF7, 0x4A, 0xB3, 0x3A, 0x62, 0xAB, 0x22, 0xB6,
    0x1A, 0x62, 0xAB, 0x20, 0xB6, 0xFA, 0x61, 0xAB, 0x1E, 0xB6, 0xDA, 0x61, 0xAB, 0x1C, 0xB6, 0x82,
    0x6F, 0xAB, 0xF6, 0xB6, 0x9A, 0x61, 0xAB, 0x18, 0xB6, 0x7A, 0x61, 0xAB, 0x16, 0xB6, 0x5A, 0x61,
    0xAB, 0x14, 0xB6, 0x3A, 0x61, 0xAB, 0x12, 0xB6, 0x1A, 0x61, 0xAB, 0x10, 0xB6, 0xFA, 0x60, 0x56,
    0x07, 0x13, 0x73, 0x4F, 0x4C, 0x67, 0x8C, 0x81, 0x73, 0x55, 0xB0, 0xD5, 0x04, 0x5B, 0x45, 0xB0,
    0xD5, 0x03, 0x73, 0x19, 0xD9, 0x73, 0x15, 0x7E, 0x51, 0x96, 0x9A, 0xBA, 0x45, 0x65, 0xC2, 0x47,
    0xBB, 0xCA, 0x71, 0x59, 0x8B, 0xCB, 0x42, 0x5C, 0x56, 0xE1, 0xB2, 0x04, 0x17, 0xA6, 0x98, 0xB2,
    0x11, 0x56, 0xDE, 0xB2, 0x38, 0xF6, 0x37, 0x91, 0xAC, 0xAA, 0x65, 0x49, 0x2D, 0xEB, 0x69, 0x2D,
    0x59, 0x61, 0x66, 0x13, 0xFC, 0x10, 0x59, 0x27, 0x85, 0xBF, 0x96, 0x45, 0x0B, 0x7D, 0xCD, 0x78,
    0x99, 0xA6, 0x55, 0x06, 0xC0, 0x1D, 0xDA, 0xD5, 0x43, 0x7E, 0xF5, 0x2E, 0xFF, 0x4A, 0x7F, 0xBE,
    0x24, 0xAB, 0x18, 0x0C, 0x4A, 0x68, 0x59, 0x1E, 0xC0, 0xEE, 0x2C, 0xCF, 0x11, 0x3B, 0x71, 0x2F,
    0x5C, 0x03, 0x1E, 0xB3, 0x67, 0x83, 0x4E, 0x68, 0xD0, 0x4B, 0xB3, 0x4C, 0xEF, 0xE8, 0xCA, 0x4C,
    0x3E, 0x5D, 0x35, 0xDD, 0x65, 0x7A, 0x27, 0x3F, 0x39, 0x79, 0x7B, 0x14, 0x39, 0xE2, 0x58, 0x1E,
    0x88, 0x06, 0x41, 0x23, 0x8F, 0x46, 0x83, 0xEA, 0x25, 0x5C, 0xE6, 0x75, 0xDC, 0x95, 0xBC, 0x0E,
    0xDD, 0x47, 0x34, 0xDA, 0x24, 0xE4, 0xE5, 0x96, 0xD3, 0x78, 0x57, 0x07, 0x84, 0x5F, 0xFB, 0x60,
    0x98, 0x07, 0x7A, 0x07, 0x3F, 0x72, 0x17, 0x23, 0xCF, 0xDE, 0x1C, 0x44, 0x12, 0x7C, 0x1A, 0x9C,
    0x97, 0x37, 0x99, 0xEB, 0x31, 0x57, 0x68, 0xEB, 0xD0, 0x96, 0xE5, 0xD6, 0xE6, 0x85, 0xDB, 0x61,
    0xCB, 0x09, 0x48, 0xB8, 0xFC, 0x9A, 0xF6, 0x2A, 0x1F, 0xB4, 0x65, 0x0E, 0x9D, 0x45, 0xF7, 0x5B,
    0x35, 0x04, 0xD1, 0x40, 0x4C, 0x1C, 0x31, 0x25, 0xEC, 0x4B, 0xBE, 0xC8, 0x6A, 0xAF, 0xB2, 0x7E,
    0x39, 0x09, 0x5B, 0xB5, 0x57, 0x21, 0x3F, 0x8A, 0x6B, 0xD9, 0x6E, 0x83, 0xF2, 0x60, 0xF8, 0x34,
    0xF6, 0xFE, 0x73, 0x47, 0x1E, 0xAC, 0x5E, 0xF2, 0x60, 0x39, 0x79, 0xB0, 0x8A, 0x3C, 0xD8, 0xAF,
    0x34, 0x5E, 0x0F, 0x7E, 0xE9, 0xF5, 0xE0, 0xD8, 0x2A, 0x6D, 0x91, 0x38, 0xE5, 0xC1, 0x52, 0xF2,
    0x60, 0x77, 0x49, 0x72, 0xDD, 0x23, 0x3C, 0x52, 0x02, 0x2C, 0xE8, 0x15, 0xA2, 0x56, 0xDF, 0x8C,
    0x9D, 0x42, 0x5A, 0x02, 0x5C, 0x46, 0x1E, 0xEC, 0x90, 0x3C, 0xD8, 0x23, 0xF2, 0x60, 0x1A, 0xA1,
    0x67, 0xBF, 0xE8, 0x94, 0x07, 0xFB, 0xDC, 0x29, 0x0F, 0x46, 0x8E, 0x3C, 0xF4, 0x5B, 0x3C, 0x58,
    0x45, 0x1E, 0xEC, 0x33, 0x0D, 0xDC, 0xC2, 0x4E, 0xED, 0x7C, 0xC8, 0x41, 0x32, 0x24, 0xE7, 0x12,
    0xCB, 0x3A, 0xE3, 0x09, 0xCF, 0x2D, 0xFE, 0x8B, 0xDA, 0x85, 0x9D, 0xEF, 0x2E, 0x38, 0x2E, 0xF4,
    0xCE, 0x7F, 0xE1, 0x22, 0xFF, 0x77, 0xFE, 0x92, 0xE3, 0xAA, 0x94, 0xB9, 0xE8, 0x8A, 0x3A, 0x7C,
    0xD2, 0x57, 0x65, 0xF4, 0xD3, 0xA1, 0x91, 0xF4, 0x07, 0x17, 0x22, 0x03, 0xB3, 0x75, 0x08, 0xF1,
    0xE8, 0x42, 0x04, 0x7D, 0x34, 0x36, 0x51, 0x1B, 0x8F, 0x4D, 0xE2, 0xE2, 0xA1, 0x7A, 0x0B, 0x1C,
    0xD7, 0x39, 0x38, 0xAE, 0x49, 0xD2, 0x4E, 0xD5, 0x9E, 0x0C, 0xB0, 0x2E, 0xE0, 0xB8, 0xD2, 0x87,
    0xBE, 0x93, 0x5C, 0x8E, 0x51, 0x3A, 0xC0, 0x95, 0x7B, 0x42, 0x9D, 0x79, 0x5A, 0xF7, 0x82, 0xE5,
    0x93, 0x99, 0x53, 0x27, 0x1E, 0xAB, 0xDA, 0xDE, 0x0B, 0xE6, 0xFD, 0xF2, 0x60, 0x8F, 0xEB, 0x2E,
    0x5E, 0x97, 0xE3, 0x79, 0x1A, 0xB2, 0x56, 0x69, 0xC2, 0xDC, 0x49, 0x38, 0x82, 0xC5, 0x7F, 0x8C,
    0xE5, 0x99, 0xCB, 0xE3, 0x9B, 0x4E, 0xD4, 0x73, 0xB3, 0x99, 0xD7, 0xCC, 0xFC, 0x08, 0x28, 0x3E,
    0xA0, 0x4B, 0x94, 0x43, 0xFA, 0xE3, 0x37, 0xF6, 0xBA, 0x34, 0xE6, 0xD8, 0x32, 0x9D, 0xB9, 0x9E,
    0x49, 0xEF, 0x8F, 0x22, 0x8F, 0xB0, 0x2A, 0x7B, 0xF9, 0xE3, 0x9B, 0xD4, 0x0E, 0xB6, 0x3A, 0x64,
    0x3C, 0x66, 0x30, 0x03, 0x93, 0x1E, 0x2E, 0x37, 0x1A, 0x2A, 0x14, 0x32, 0x5D, 0x96, 0xEE, 0x47,
    0x1A, 0x73, 0x5E, 0x75, 0x9E, 0xF4, 0x9C, 0xE5, 0x05, 0xB3, 0xF4, 0x4F, 0xBE, 0x56, 0xDE, 0x45,
    0x65, 0x5A, 0x2B, 0x8F, 0xB4, 0x90, 0x07, 0x25, 0xA4, 0xC8, 0xAF, 0x97, 0xDE, 0x77, 0x2A, 0x7B,
    0xBE, 0xF3, 0x7F, 0x97, 0x3D, 0x64, 0xA0, 0x32, 0xEC, 0xF9, 0x10, 0x2C, 0x1F, 0x81, 0xE5, 0x03,
    0xB0, 0x0D, 0x64, 0xB7, 0x6B, 0x87, 0x44, 0x03, 0x62, 0x85, 0x09, 0x5A, 0x3B, 0x92, 0x71, 0x3B,
    0x76, 0x2D, 0xA1, 0xA6, 0x41, 0xC4, 0x3F, 0xD9, 0x48, 0x48, 0x0F, 0xC6, 0x82, 0xB0, 0xAC, 0x4B,
    0xE1, 0xB8, 0xB2, 0x56, 0x79, 0x78, 0x88, 0x0B, 0x7F, 0x35, 0xD7, 0x91, 0xC1, 0x53, 0x91, 0x63,
    0x7F, 0x5E, 0x76, 0xD6, 0x2E, 0x09, 0xDF, 0x3A, 0x82, 0x53, 0x0A, 0x7C, 0x7D, 0xEA, 0x04, 0xEE,
    0x88, 0xBE, 0x88, 0x7B, 0x83, 0xFB, 0x44, 0xFF, 0x8E, 0xD4, 0x31, 0x27, 0x9F, 0x54, 0x9A, 0x21,
    0x4C, 0x6A, 0x38, 0xDD, 0xC8, 0xBD, 0xC4, 0xB3, 0xCF, 0x33, 0x44, 0x86, 0xFD, 0x56, 0xC1, 0x02,
    0x6C, 0xDE, 0xEE, 0xF1, 0x6F, 0x06, 0xB0, 0x9D, 0x7F, 0x25, 0xD6, 0xAC, 0x94, 0xAF, 0xF1, 0x2D,
    0x8F, 0xB4, 0xC9, 0x10, 0x6C, 0x30, 0x83, 0x9E, 0xA7, 0xE1, 0xA2, 0xBE, 0xC0, 0xAA, 0xBC, 0x10,
    0x8D, 0x40, 0xBC, 0x7F, 0x52, 0x39, 0x3D, 0x8C, 0xFB, 0xD5, 0x6A, 0x55, 0x93, 0x88, 0xBD, 0xEC,
    0x5C, 0x05, 0x61, 0xE5, 0x7F, 0xA1, 0x66, 0xA4, 0xCA, 0x78, 0x13, 0x34, 0xA0, 0x19, 0x96, 0x0F,
    0xAA, 0x9C, 0x04, 0xC7, 0xD2, 0xFC, 0xE9, 0x5A, 0xD7, 0x46, 0xDA, 0x61, 0x9B, 0xA5, 0x4E, 0xC6,
    0xA8, 0x93, 0x43, 0xB1, 0x88, 0x52, 0xEB, 0xA0, 0x42, 0x9C, 0x29, 0x4E, 0xFD, 0xBF, 0x91, 0x97,
    0x5D, 0x8B, 0x84, 0x2F, 0xF6, 0x45, 0x4A, 0xC8, 0x83, 0x47, 0xFA, 0x2F, 0xFC, 0x16, 0x16, 0x6C,
    0xF5, 0x26, 0xFA, 0xD5, 0x2C, 0xFB, 0xD5, 0x6F, 0xF5, 0xCB, 0x1E, 0x49, 0x3D, 0x9D, 0xEF, 0x11,
    0x7C, 0xDD, 0x17, 0xC6, 0xE4, 0x45, 0x1E, 0xFA, 0x51, 0x30, 0xCE, 0xD7, 0xF1, 0x67, 0xA7, 0xE9,
    0x8B, 0xFC, 0xFD, 0x49, 0x0E, 0xF5, 0x20, 0x90, 0xDE, 0xE8, 0xD3, 0x67, 0x72, 0x4C, 0xEF, 0x91,
    0xF9, 0x41, 0xFD, 0xC6, 0x03, 0x39, 0x94, 0x8F, 0xE4, 0xCE, 0x6F, 0xFF, 0xC9, 0x33, 0x2C, 0x10,
    0x4C, 0x73, 0x38, 0x2D, 0x63, 0x8D, 0xB6, 0x28, 0x17, 0xB1, 0xC6, 0x18, 0x77, 0xF4, 0x2F, 0xFD,
    0xFE, 0x3F, 0x79, 0x76, 0xBD, 0x25, 0xC5, 0xE1, 0xF1, 0x86, 0x9F, 0x3C, 0x33, 0x36, 0x39, 0xF7,
    0x0A, 0x8D, 0x57, 0x15, 0xAD, 0xDF, 0xC6, 0xE7, 0x61, 0xA7, 0x2A, 0x8A, 0x9C, 0xEC, 0xBD, 0xA6,
    0xD0, 0x20, 0x53, 0x5F, 0x8B, 0xD6, 0x7F, 0xC8, 0xF9, 0x5F, 0x0C, 0x22, 0x03, 0xF4, 0xD3, 0xCB,
    0xBD, 0x9B, 0x55, 0xD2, 0xAD, 0x52, 0x7D, 0x5E, 0xD6, 0x61, 0xB7, 0x71, 0x0D, 0xE1, 0x46, 0xCA,
    0x4D, 0x70, 0x1D, 0x59, 0xF4, 0x21, 0x69, 0x79, 0xB8, 0xEB, 0xE0, 0x6E, 0xAC, 0x6C, 0x8D, 0x43,
    0xFB, 0xAA, 0x19, 0x19, 0x80, 0x6D, 0x14, 0xCC, 0x1E, 0x55, 0x4E, 0xA1, 0x98, 0xA1, 0xDD, 0x02,
    0xB7, 0x00, 0xA3, 0x5A, 0xBD, 0x00, 0xC2, 0x09, 0xF0, 0xFE, 0x69, 0xB7, 0x28, 0x10, 0x5E, 0x11,
    0x4A, 0x5F, 0x1B, 0x47, 0x09, 0xC8, 0x7B, 0x85, 0x74, 0x54, 0x88, 0xA7, 0xED, 0xB2, 0xA0, 0x1A,
    0x00, 0xED, 0x30, 0xC9, 0xA4, 0xE6, 0x2C, 0x9B, 0xD4, 0xA2, 0x25, 0xBE, 0xC6, 0x9D, 0x83, 0xC6,
    0xC1, 0xBC, 0xC0, 0x01, 0xE9, 0x9E, 0xA2, 0x61, 0xA1, 0x59, 0xA1, 0x51, 0xB9, 0x6A, 0x52, 0xC2,
    0x9F, 0x48, 0x33, 0xE6, 0xBE, 0x3C, 0x1D, 0x1B, 0xEF, 0xC2, 0xA9, 0xAF, 0x5C, 0xB0, 0x71, 0xE0,
    0xA0, 0xCB, 0xBB, 0x4C, 0x93, 0x53, 0x6C, 0x2E, 0xC5, 0xFA, 0x2B, 0x08, 0xED, 0x79, 0xE5, 0x9F,
    0x72, 0xD8, 0x8C, 0x49, 0x2C, 0x28, 0xB1, 0xA8, 0x44, 0xD2, 0x4F, 0x2A, 0x05, 0x66, 0xBE, 0xDF,
    0x90, 0xB8, 0xDE, 0x63, 0xED, 0xD0, 0x96, 0xE4, 0x9E, 0x76, 0x44, 0xAD, 0x08, 0x6D, 0x48, 0xE4,
    0xE4, 0x06, 0x15, 0xC3, 0x88, 0x9D, 0x21, 0xBB, 0xC5, 0xEC, 0x0C, 0xDA, 0x6D, 0xDF, 0x30, 0x6C,
    0x67, 0xDC, 0xBE, 0xFF, 0x4F, 0x57, 0x06, 0xC7, 0xCA, 0xE2, 0x84, 0x6B, 0x4D, 0x21, 0x88, 0x8F,
    0xE8, 0xAB, 0xCB, 0x35, 0x20, 0x73, 0x15, 0x2B, 0x50, 0xB2, 0x5A, 0xB9, 0xD6, 0xD8, 0xBD, 0x8C,
    0x0F, 0x52, 0x12, 0x83, 0x99, 0x0F, 0xF4, 0x6B, 0x6E, 0xC5, 0x06, 0x90, 0x89, 0xAA, 0xF8, 0x8E,
    0x24, 0xFB, 0xAF, 0x69, 0xF3, 0xEE, 0xA4, 0xF7, 0x25, 0x60, 0xCD, 0x50, 0xF4, 0xF4, 0xD4, 0x01,
    0x9C, 0x12, 0x53, 0x71, 0x1D, 0x74, 0x2F, 0x9F, 0x8A, 0x83, 0x55, 0x89, 0xFE, 0x21, 0x45, 0x72,
    0xDF, 0x97, 0x3C, 0x6E, 0x76, 0x92, 0xB5, 0x19, 0x6A, 0x63, 0xE0, 0x4D, 0x6B, 0x3B, 0xF4, 0xDB,
    0xC3, 0x4C, 0x03, 0x84, 0xF2, 0xFA, 0x5E, 0x03, 0x05, 0x5C, 0xE6, 0xBE, 0xB3, 0xE5, 0x91, 0x63,
    0x6A, 0x42, 0xFD, 0xA8, 0xEA, 0xED, 0xFB, 0xC9, 0x70, 0x1B, 0x76, 0xA3, 0x80, 0xB3, 0xA6, 0xA8,
    0xE1, 0xB1, 0xF1, 0x1B, 0x19, 0x98, 0x90, 0x04, 0x11, 0x40, 0xD0, 0xF8, 0xCE, 0x62, 0x08, 0x6D,
    0x2B, 0x88, 0x8D, 0xA5, 0xC6, 0xC2, 0xD1, 0x48, 0xD1, 0xA8, 0x85, 0xA8, 0xB5, 0x66, 0x41, 0x75,
    0x91, 0x7C, 0x76, 0xDA, 0x67, 0x2E, 0xEE, 0xF3, 0x32, 0xEA, 0x8B, 0x32, 0xBC, 0x78, 0x05, 0x25,
    0x66, 0x23, 0x1B, 0x19, 0x88, 0x84, 0xE8, 0x59, 0xE5, 0x6B, 0x96, 0x4E, 0xE4, 0x23, 0x28, 0x95,
    0x6F, 0x49, 0x30, 0xDD, 0x11, 0x99, 0x8E, 0x44, 0xA6, 0x42, 0x82, 0xB1, 0xA8, 0xE3, 0x3E, 0x7B,
    0xD6, 0xB4, 0x31, 0x06, 0x64, 0xE4, 0xF4, 0xED, 0x0F, 0x99, 0xB9, 0x48, 0x71, 0x33, 0x5D, 0x3A,
    0x4C, 0xCF, 0xFD, 0xC9, 0x7C, 0x14, 0x3E, 0xD6, 0xD2, 0x97, 0x75, 0xF1, 0xEC, 0xE1, 0xB3, 0x87,
    0xEB, 0x02, 0xB1, 0xD2, 0xFA, 0x10, 0xF2, 0xF0, 0xDE, 0x73, 0x79, 0xE7, 0x7B, 0x90, 0xDF, 0x16,
    0x48, 0xF9, 0x5D, 0xC9, 0x6C, 0x44, 0xEF, 0xBD, 0x47, 0xFF, 0x19, 0x59, 0x5A, 0xB3, 0x61, 0x71,
    0x60, 0x1C, 0x1A, 0x07, 0xC7, 0xE1, 0x71, 0x80, 0xE4, 0x3A, 0xB5, 0x7D, 0x57, 0x37, 0xB9, 0x28,
    0x5B, 0xF6, 0x31, 0xE9, 0xA7, 0x9C, 0xBC, 0x76, 0xAD, 0x2E, 0x65, 0xFD, 0x35, 0x5E, 0xEA, 0x92,
    0x2D, 0x9D, 0xFE, 0x85, 0x93, 0x0C, 0xCB, 0x74, 0x56, 0xFC, 0xC1, 0x87, 0x2C, 0x35, 0xB0, 0x79,
    0x4F, 0xB9, 0x73, 0xB5, 0x1F, 0x07, 0xAB, 0x92, 0x27, 0xE9, 0x74, 0x73, 0xDF, 0xBB, 0xA2, 0x93,
    0xBC, 0xD7, 0x9A, 0x27, 0x04, 0x8A, 0x53, 0x85, 0x40, 0x35, 0x87, 0xB0, 0x47, 0x12, 0x93, 0xD1,
    0x26, 0xA4, 0x68, 0x67, 0x57, 0x78, 0x3A, 0x20, 0x36, 0x40, 0xCA, 0xF9, 0xE7, 0x5E, 0xE4, 0x0F,
    0x59, 0x15, 0x95, 0x0E, 0x56, 0xF9, 0x11, 0xA9, 0x58, 0x43, 0x6C, 0x2E, 0xC5, 0xDA, 0x84, 0x7E,
    0x05, 0x8E, 0x9D, 0xB4, 0xBF, 0x55, 0xF1, 0x71, 0x45, 0xF9, 0x56, 0x02, 0x24, 0x62, 0x0B, 0x2D,
    0x0C, 0x38, 0x7B, 0x1E, 0xDF, 0xFF, 0x44, 0x6D, 0x8A, 0x93, 0xF4, 0xE9, 0x3B, 0x60, 0xCA, 0x50,
    0xE8, 0x50, 0x06, 0x5A, 0x9C, 0xE0, 0x25, 0x87, 0x08, 0x20, 0xE6, 0x59, 0x09, 0xB5, 0xF3, 0xC3,
    0x4C, 0xE4, 0x1C, 0xD0, 0x03, 0x3B, 0x91, 0xBF, 0x49, 0x06, 0x73, 0xCB, 0xD8, 0xE4, 0xC6, 0x34,
    0xD4, 0x10, 0xCE, 0xAE, 0xAA, 0xDA, 0x78, 0x08, 0x7F, 0xD9, 0x65, 0xED, 0x2D, 0x28, 0x36, 0xA5,
    0x41, 0x46, 0x28, 0xCF, 0xFA, 0xF7, 0xFB, 0xDB, 0xFF, 0xD7, 0xE5, 0x91, 0x64, 0x4C, 0xB0, 0xD6,
    0x2C, 0x43, 0x8D, 0xFF, 0x7B, 0x02, 0x58, 0x4D, 0x26, 0x2B, 0xFD, 0x76, 0xD4, 0x65, 0xB2, 0x59,
    0xED, 0x84, 0x15, 0x4E, 0x5C, 0x56, 0x4D, 0x58, 0xC9, 0x84, 0xD5, 0x4B, 0x34, 0xBF, 0x29, 0x62,
    0xCB, 0x19, 0xDA, 0xFB, 0x2F, 0x10, 0x3D, 0x91, 0xF5, 0xF5, 0x1D, 0x22, 0x33, 0xE4, 0xE7, 0x6A,
    0x1B, 0xD7, 0xE5, 0xFF, 0x09, 0xD3, 0x6A, 0x8C, 0x1C, 0x8C, 0x7C, 0xBA, 0xF9, 0x3C, 0xAF, 0x01,
    0xC5, 0xF2, 0xFF, 0x84, 0xE1, 0xE4, 0xEF, 0xAA, 0xA5, 0x97, 0x9C, 0x10, 0x10, 0x64, 0x86, 0xE6,
    0x5A, 0xF8, 0xCB, 0x12, 0x90, 0xFA, 0x01, 0x50, 0xF8, 0x35, 0xE0, 0xA3, 0xD0, 0x03, 0x5A, 0xAB,
    0x7F, 0x60, 0xCC, 0xFA, 0xE2, 0xFD, 0x8A, 0x57, 0x08, 0x7C, 0x8D, 0x9D, 0x84, 0x3A, 0xFB, 0x62,
    0x23, 0x95, 0x5F, 0x63, 0xBC, 0xFF, 0x03, 0xBD, 0x95, 0x01, 0x84, 0x2C, 0xC9, 0x19, 0xC7, 0x7F,
    0xD5, 0xFD, 0xF6, 0xB5, 0x6C, 0xB9, 0xD7, 0x8B, 0xD9, 0x38, 0xF7, 0x6E, 0xB7, 0x83, 0xC3, 0x89,
    0xDD, 0x6D, 0x38, 0xAC, 0xE8, 0x99, 0xAE, 0xBB, 0x73, 0x82, 0x43, 0x06, 0x33, 0x09, 0x07, 0x39,
    0x04, 0x1C, 0xB1, 0xB0, 0x78, 0x17, 0xBB, 0x3B, 0x2D, 0x27, 0x02, 0x24, 0x0B, 0x09, 0x12, 0x62,
    0x49, 0xC2, 0xDD, 0x12, 0xBB, 0x58, 0x2C, 0x76, 0xAF, 0x2B, 0x02, 0x22, 0xD0, 0x41, 0x40, 0x82,
    0x4E, 0x1C, 0xC4, 0x43, 0xCA, 0x69, 0xF4, 0xBD, 0xF4, 0x4C, 0xA5, 0xBA, 0xDB, 0xBE, 0x9D, 0xEC,
    0xBD, 0xF7, 0x04, 0xE4, 0xFF, 0xFD, 0xAB, 0xBE, 0xAA, 0xAF, 0xAA, 0xAA, 0xEB, 0x9B, 0xFA, 0xBE,
    0x9A, 0x75, 0x45, 0x5C, 0x12, 0x1A, 0xFC, 0x1A, 0xE6, 0x10, 0x83, 0xCC, 0x00, 0x26, 0xFE, 0x3C,
    0xA8, 0xC3, 0x32, 0xCE, 0x86, 0x54, 0x00, 0xEB, 0x80, 0xD5, 0x08, 0x5B, 0xE0, 0xFF, 0xDB, 0x20,
    0xFF, 0xDC, 0x10, 0xA9, 0x23, 0x12, 0x42, 0x45, 0x0F, 0x64, 0xCD, 0xF7, 0x62, 0x9B, 0x5D, 0x8C,
    0xF2, 0x27, 0x66, 0x5F, 0xDA, 0xE2, 0x7D, 0x72, 0x05, 0x70, 0x7A, 0x7A, 0x6A, 0xED, 0xE2, 0x83,
    0xD3, 0x4F, 0xD6, 0xA7, 0xD3, 0xA9, 0x4A, 0xAD, 0xB5, 0xBA, 0xAB, 0xD6, 0xB8, 0xF7, 0x88, 0xED,
    0x21, 0x07, 0xA9, 0x6D, 0x42, 0x6B, 0x3C, 0x9B, 0x01, 0x10, 0x67, 0xA9, 0x9E, 0xE9, 0x54, 0x47,
    0x6A, 0xC0, 0x20, 0x67, 0x6E, 0x59, 0xE4, 0x2C, 0x46, 0x5C, 0x89, 0x09, 0x91, 0xCD, 0xD2, 0xB3,
    0xE2, 0x0D, 0xBF, 0xC4, 0x31, 0xD2, 0xC2, 0x2A, 0x61, 0x70, 0xE4, 0x04, 0x40, 0x2E, 0x48, 0xAD,
    0x3E, 0xF0, 0x8B, 0x0B, 0x51, 0x3A, 0x5E, 0xF9, 0x65, 0x7A, 0xA6, 0x43, 0x0B, 0x63, 0x98, 0x08,
    0xE7, 0x51, 0x58, 0x07, 0x75, 0x64, 0xC2, 0x32, 0xD5, 0xB1, 0x9E, 0x91, 0xD2, 0x50, 0x7B, 0x06,
    0x80, 0x35, 0x04, 0x43, 0x22, 0xA2, 0xEC, 0x1A, 0xF9, 0x8F, 0x1A, 0xDF, 0x9A, 0xCE, 0x5F, 0xF2,
    0x8C, 0x0E, 0x49, 0x87, 0x01, 0x54, 0xD1, 0xAD, 0x8C, 0x57, 0xD6, 0x99, 0x90, 0x6A, 0x4B, 0x54,
    0xCC, 0x94, 0x34, 0xB1, 0xF6, 0xAB, 0xB0, 0xA0, 0xF1, 0x0D, 0x23, 0x6A, 0x00, 0x0E, 0xC1, 0x76,
    0xFC, 0x94, 0x8B, 0xC1, 0xE6, 0x01, 0xC3, 0xF4, 0xE7, 0x4D, 0x64, 0xAB, 0xC0, 0x16, 0x4C, 0x71,
    0x74, 0x0D, 0xD7, 0x75, 0x46, 0x37, 0x74, 0xC1, 0x26, 0x1D, 0xB6, 0x44, 0x1D, 0x64, 0x21, 0x3B,
    0x8C, 0x48, 0x75, 0x6A, 0xD2, 0x2A, 0x36, 0xB2, 0x00, 0x69, 0xA2, 0x26, 0x6A, 0xC2, 0x46, 0x34,
    0x5C, 0x71, 0x89, 0x09, 0x74, 0xCA, 0x6B, 0x80, 0x73, 0xA8, 0x72, 0x62, 0x52, 0x35, 0x62, 0x87,
    0x10, 0xBF, 0xA0, 0xE1, 0xE5, 0xE7, 0xCD, 0x9F, 0x92, 0xEB, 0xB8, 0x90, 0xC6, 0xAB, 0x9D, 0x35,
    0x02, 0xA6, 0xFE, 0xA2, 0xBD, 0xEA, 0x28, 0x1B, 0x71, 0x01, 0xF0, 0x3A, 0x09, 0x49, 0xDA, 0xA4,
    0x4D, 0xAB, 0x19, 0x0C, 0x3A, 0xD5, 0xF6, 0xBB, 0x2E, 0x40, 0x6E, 0x8D, 0x23, 0xE2, 0x59, 0x04,
    0xA1, 0x64, 0x15, 0xD6, 0xB2, 0xF6, 0x6A, 0x61, 0xBC, 0x32, 0xD2, 0xD7, 0x28, 0x20, 0x28, 0xA2,
    0xC2, 0xDD, 0xB5, 0x93, 0x84, 0x34, 0x93, 0x05, 0xCA, 0xD7, 0xBD, 0x58, 0x07, 0xC8, 0x17, 0xD6,
    0xDE, 0x58, 0xC0, 0xCB, 0x5A, 0xDD, 0xDA, 0xBE, 0xF3, 0x97, 0xDE, 0x02, 0xED, 0xE5, 0x3A, 0xB2,
    0x4A, 0xD8, 0x0B, 0xD1, 0x6B, 0x47, 0xE9, 0x3C, 0x6D, 0x64, 0x79, 0x82, 0xE9, 0x85, 0x8A, 0xEB,
    0x97, 0x67, 0xEE, 0xAC, 0xAB, 0xE5, 0xAA, 0x4A, 0x75, 0x5A, 0xA4, 0x45, 0xAC, 0xE1, 0x4E, 0x24,
    0x31, 0x26, 0xB4, 0xA4, 0x67, 0x6D, 0xAC, 0xF4, 0x4C, 0xF7, 0xB4, 0xB3, 0x88, 0x09, 0xAF, 0x1C,
    0xC7, 0x3A, 0xCD, 0x52, 0x46, 0x1C, 0xB0, 0x0F, 0x0A, 0x51, 0xE2, 0x55, 0x78, 0x56, 0x11, 0x6B,
    0xC2, 0x8E, 0x91, 0xFE, 0x86, 0x55, 0xE9, 0x82, 0x95, 0x31, 0x5C, 0x12, 0x14, 0x44, 0x19, 0x29,
    0x37, 0xD4, 0xC4, 0x56, 0x4B, 0xAB, 0x99, 0x32, 0x48, 0x3A, 0xF4, 0x67, 0xB7, 0x4D, 0x57, 0xC6,
    0x2B, 0xCD, 0x10, 0x5A, 0x63, 0xB2, 0x0B, 0x5B, 0x6B, 0x2B, 0xA8, 0xFD, 0x07, 0xA2, 0xD8, 0x8D,
    0x3C, 0x3D, 0xCA, 0xFF, 0x95, 0x45, 0x9F, 0x5B, 0x00, 0x4E, 0x58, 0x3D, 0xE4, 0x30, 0xFE, 0x61,
    0x1D, 0x3E, 0x36, 0xBE, 0xD5, 0x6D, 0x72, 0x9C, 0xE2, 0xE8, 0x0E, 0xE2, 0xBA, 0xCE, 0xE8, 0x86,
    0xDC, 0x04, 0x37, 0xED, 0x36, 0x8D, 0x1E, 0x2F, 0xA5, 0xD1, 0x80, 0xE5, 0xC8, 0xDA, 0x67, 0x03,
    0x10, 0x1F, 0x73, 0x4F, 0xDA, 0x2C, 0x71, 0xE6, 0xCB, 0xA1, 0xB4, 0x26, 0xC1, 0x16, 0xB0, 0x42,
    0x6E, 0x17, 0x8E, 0x2E, 0x39, 0x67, 0xD6, 0xDA, 0xA2, 0xAB, 0xBA, 0x54, 0xED, 0xAA, 0x5B, 0x1B,
    0x4F, 0xF1, 0x75, 0x97, 0xD2, 0x59, 0x67, 0xEB, 0x5A, 0x00, 0xDE, 0x9C, 0xD7, 0x43, 0x5B, 0x24,
    0xF1, 0xD9, 0x93, 0x3A, 0x71, 0xD9, 0xF3, 0x3A, 0xB3, 0x0C, 0x7A, 0xB8, 0x89, 0xA6, 0x2D, 0xDC,
    0xC2, 0x2D, 0xBE, 0xD9, 0x77, 0x79, 0x67, 0x14, 0x48, 0x0D, 0x33, 0x8D, 0xBF, 0x80, 0xD8, 0x20,
    0xAC, 0x22, 0xAC, 0x3B, 0x0B, 0x43, 0x9E, 0xE2, 0x1E, 0x40, 0x04, 0x90, 0x02, 0xFD, 0xC8, 0x15,
    0x40, 0x0D, 0x7D, 0x14, 0xFA, 0x5D, 0x55, 0xD0, 0x6F, 0x48, 0x98, 0xFD, 0x9F, 0x17, 0x6C, 0x73,
    0x8B, 0x43, 0x66, 0x2A, 0xD0, 0x7E, 0xE1, 0x44, 0xC7, 0xFA, 0x88, 0x35, 0x00, 0x12, 0xC7, 0xB6,
    0x0C, 0xE1, 0x20, 0xFD, 0xD9, 0xB7, 0x9B, 0x9B, 0x10, 0x01, 0x68, 0xF5, 0xE8, 0xF4, 0xF4, 0xAA,
    0x0D, 0x91, 0x9B, 0xB2, 0x3C, 0x2E, 0xC6, 0x03, 0xC2, 0x2F, 0xAC, 0x1A, 0xCD, 0x1E, 0xEB, 0xDD,
    0xF0, 0x2D, 0xBD, 0x2F, 0x45, 0xB1, 0x26, 0x50, 0xF0, 0xC6, 0xAB, 0x87, 0x47, 0x71, 0x2D, 0x4D,
    0x54, 0x1D, 0x5D, 0x3F, 0xDA, 0x06, 0xA1, 0x22, 0x9D, 0xAA, 0x36, 0xEF, 0x52, 0xE2, 0x4C, 0x76,
    0xA7, 0x70, 0x21, 0xCE, 0x1A, 0x1D, 0x9E, 0x75, 0xBD, 0x77, 0xEE, 0xFD, 0xB9, 0xFF, 0x11, 0x53,
    0xBC, 0x05, 0x7E, 0x83, 0x34, 0x44, 0x9A, 0x11, 0x5C, 0x02, 0xF0, 0xA2, 0x70, 0x18, 0x30, 0x53,
    0x33, 0x1D, 0x6B, 0xA9, 0xA5, 0xDA, 0xE1, 0x02, 0x7A, 0xF8, 0x25, 0x04, 0x0D, 0x83, 0xA0, 0x1E,
    0xCC, 0x02, 0x33, 0xCF, 0xDF, 0xFD, 0xFB, 0x22, 0x7F, 0xF7, 0xF7, 0x8B, 0x91, 0x54, 0x57, 0x48,
    0x7A, 0xB4, 0x2B, 0x9D, 0xA4, 0x59, 0x5A, 0x45, 0x25, 0xBC, 0x28, 0xA9, 0xFE, 0xE7, 0xC0, 0xBD,
    0xF3, 0x9A, 0xDF, 0x3C, 0x7A, 0x9D, 0xD0, 0xE3, 0xC2, 0xF9, 0x62, 0x9C, 0x2F, 0xA5, 0xF3, 0x65,
    0x51, 0x27, 0xD2, 0xBA, 0xCE, 0x2C, 0x63, 0x93, 0x1E, 0x42, 0x81, 0x2C, 0x21, 0x34, 0xBD, 0x76,
    0x7D, 0xEF, 0x0B, 0xB6, 0x5A, 0xDF, 0xA3, 0xDC, 0x56, 0x49, 0x60, 0xCD, 0x2E, 0x7B, 0x19, 0x5E,
    0x76, 0x77, 0xDE, 0xF3, 0x7F, 0xA7, 0x17, 0xA7, 0x53, 0x40, 0x11, 0x4D, 0xAB, 0x99, 0x9D, 0x3B,
    0xBA, 0x86, 0xEB, 0x02, 0xE0, 0x65, 0xB2, 0x4C, 0xEB, 0x87, 0x9F, 0xC9, 0xB2, 0x97, 0xFB, 0xC7,
    0xEB, 0x13, 0xA6, 0x63, 0x31, 0x55, 0x69, 0x83, 0x6D, 0xDF, 0x90, 0x1B, 0x9D, 0x00, 0xE0, 0x2F,
    0xEB, 0xD5, 0x5E, 0x07, 0x3F, 0xDD, 0x76, 0x1A, 0xBE, 0xA9, 0x36, 0xD6, 0x00, 0x4C, 0x47, 0x38,
    0x86, 0xF7, 0x81, 0xFB, 0x7D, 0x19, 0x84, 0x40, 0x88, 0x4A, 0x56, 0x80, 0x95, 0xA5, 0x7D, 0xB6,
    0x5B, 0xF5, 0x07, 0x9D, 0xBC, 0xDA, 0xEA, 0x8F, 0x6E, 0xED, 0xAB, 0xC0, 0xAA, 0xAF, 0xE9, 0xD7,
    0x2D, 0xA1, 0x84, 0xF3, 0x65, 0x1D, 0xFC, 0x68, 0x1B, 0x48, 0x08, 0xBE, 0xB5, 0xD1, 0x9F, 0x6B,
    0x85, 0x5E, 0xB3, 0xAC, 0xEF, 0xFA, 0x33, 0xE6, 0x92, 0xF4, 0x38, 0x98, 0x8B, 0x45, 0xF8, 0xC5,
    0x4C, 0x5D, 0xA0, 0x00, 0xE9, 0x62, 0x6C, 0x48, 0xE2, 0x64, 0x44, 0xA4, 0x03, 0xFD, 0xE5, 0x17,
    0x71, 0xB0, 0xC1, 0xA7, 0x60, 0x3B, 0x1E, 0x02, 0xB4, 0xA9, 0x73, 0xBD, 0x9C, 0x3A, 0xB0, 0xC2,
    0xCE, 0xFD, 0x66, 0x56, 0xE4, 0x6A, 0xCF, 0x88, 0x39, 0x9B, 0x88, 0x2F, 0x7F, 0x4A, 0x01, 0x15,
    0x52, 0xE7, 0x59, 0x58, 0x44, 0xF3, 0xB0, 0xF4, 0xE6, 0x91, 0x89, 0xE6, 0xA3, 0x2A, 0xCF, 0x0E,
    0x0E, 0x2A, 0xAA, 0xA1, 0xE2, 0xF8, 0x2B, 0x6B, 0x8C, 0x48, 0xB3, 0x40, 0xFB, 0x4E, 0xA4, 0x4E,
    0xD5, 0x10, 0x80, 0x94, 0x3C, 0xCB, 0xDD, 0xBA, 0x1D, 0x30, 0x7C, 0xCD, 0x64, 0x07, 0xBF, 0x2E,
    0xF6, 0xEC, 0xB1, 0x57, 0x93, 0x9F, 0x95, 0xBB, 0x9F, 0xEB, 0x35, 0xA3, 0x38, 0x41, 0xA8, 0x01,
    0xF1, 0x13, 0x9B, 0x1D, 0xE5, 0x8F, 0x8B, 0x8B, 0x50, 0x94, 0x26, 0xC4, 0x54, 0xA1, 0x30, 0x47,
    0xB3, 0xBF, 0x16, 0xAD, 0x5D, 0x8C, 0x27, 0x6C, 0x93, 0x30, 0x9C, 0xCC, 0x16, 0x79, 0x43, 0xC2,
    0x23, 0xD6, 0xCE, 0x01, 0x10, 0x65, 0xFF, 0x99, 0x40, 0x87, 0x19, 0x40, 0xDC, 0xA5, 0x2F, 0x5E,
    0x03, 0xF9, 0x3F, 0xD5, 0x57, 0xF3, 0x12, 0x1E, 0x5A, 0x6B, 0x17, 0x0A, 0xD8, 0xB3, 0xF6, 0x98,
    0xA7, 0x38, 0xA1, 0x57, 0x37, 0xBF, 0x77, 0xA4, 0x00, 0x22, 0x15, 0x7C, 0x06, 0x88, 0x6B, 0x44,
    0x3B, 0x79, 0xCF, 0x40, 0x6C, 0x1D, 0x32, 0x10, 0xB9, 0xB5, 0xED, 0x18, 0x4C, 0xC7, 0xDD, 0xF3,
    0xE1, 0x30, 0xC9, 0xAD, 0xC3, 0xA2, 0xAF, 0xE9, 0xF0, 0xC1, 0xA9, 0xC3, 0x27, 0xBD, 0xA5, 0x6F,
    0xF3, 0xCA, 0x27, 0x00, 0x2F, 0x8B, 0xFE, 0x1C, 0x07, 0x72, 0xD1, 0x36, 0xBC, 0x2A, 0x52, 0xED,
    0x91, 0x5C, 0xCA, 0x41, 0xDB, 0x50, 0x03, 0x80, 0xF5, 0x31, 0xB0, 0x72, 0xFA, 0x5B, 0x00, 0xCF,
    0x8D, 0xD6, 0x40, 0x6C, 0x9F, 0xB4, 0x27, 0x10, 0xED, 0xEA, 0x87, 0x15, 0xB2, 0x00, 0x38, 0x62,
    0x07, 0x00, 0x99, 0x3D, 0x02, 0xC0, 0x2B, 0xC6, 0x74, 0x38, 0xE6, 0x16, 0x7A, 0xDA, 0xC2, 0x74,
    0xA7, 0x69, 0xBA, 0x7A, 0xDE, 0x59, 0x2A, 0x00, 0x0A, 0x6E, 0xB0, 0x73, 0xC9, 0xEE, 0x06, 0xBC,
    0x84, 0xF8, 0x3E, 0xC3, 0x0D, 0xCE, 0x5F, 0xE2, 0x7C, 0x83, 0x0F, 0x7F, 0xC5, 0x2B, 0xEF, 0x28,
    0x40, 0x5E, 0xB2, 0x15, 0xB2, 0x2B, 0xF9, 0xC1, 0x99, 0xFA, 0x70, 0xCA, 0x1B, 0x90, 0x40, 0xF4,
    0x1E, 0xE2, 0x37, 0x78, 0x48, 0x25, 0x80, 0x58, 0x05, 0x4B, 0xF2, 0xF0, 0xB8, 0x73, 0x23, 0x72,
    0xBB, 0x86, 0x9C, 0x07, 0xEA, 0xDC, 0xCF, 0x8C, 0x9F, 0xB9, 0xC6, 0xBE, 0x64, 0x7B, 0x83, 0xFB,
    0x27, 0x00, 0xD7, 0x52, 0x6F, 0x78, 0xFF, 0xC5, 0x07, 0xBE, 0x0E, 0x7F, 0x51, 0x8A, 0x93, 0x09,
    0x10, 0xFC, 0x8E, 0x0D, 0x49, 0x72, 0x8F, 0x5D, 0x5A, 0x26, 0xB0, 0x05, 0xE1, 0x2F, 0xDB, 0x6F,
    0xB2, 0x9A, 0xE1, 0xEB, 0x96, 0x9E, 0x96, 0x4F, 0xF4, 0x76, 0xA0, 0x13, 0x5F, 0xEF, 0xDE, 0x70,
    0xCB, 0x6D, 0xF2, 0x5E, 0xE1, 0x1D, 0x4F, 0x3E, 0x86, 0x6D, 0xD8, 0xE8, 0x69, 0x89, 0xFC, 0xBB,
    0x9F, 0xDB, 0xF1, 0xCA, 0xE9, 0x9B, 0x13, 0x00, 0x46, 0xF9, 0x77, 0x0D, 0xE1, 0x5B, 0x66, 0x97,
    0x50, 0x14, 0x09, 0x0F, 0x9E, 0x51, 0x45, 0x6F, 0x96, 0x43, 0xD6, 0xD5, 0x64, 0x1D, 0x60, 0x67,
    0x46, 0xF8, 0x63, 0x24, 0xCB, 0x24, 0x52, 0x38, 0xB7, 0xEF, 0xF3, 0x80, 0xD4, 0x3C, 0xE0, 0x56,
    0xC2, 0xB1, 0x38, 0x01, 0x66, 0x6F, 0x57, 0x9B, 0xE8, 0x50, 0x64, 0xD2, 0x57, 0xFE, 0x47, 0x78,
    0x7F, 0x44, 0xFC, 0x0D, 0x6A, 0x18, 0x03, 0xA4, 0x7F, 0x2A, 0xE5, 0xDB, 0xAD, 0x91, 0x0A, 0x2E,
    0x11, 0x3F, 0x21, 0x08, 0xD4, 0x66, 0x50, 0x4C, 0xDF, 0x19, 0xFF, 0x07, 0xE4, 0x7C, 0x3F, 0x8C,
    0xE7, 0xE6, 0x99, 0xDE, 0x4B, 0xF2, 0x66, 0x88, 0x88, 0x40, 0x98, 0x42, 0xF2, 0x01, 0x5A, 0x40,
    0x4C, 0x91, 0xEA, 0xD6, 0x5E, 0xB6, 0x57, 0xCC, 0x0C, 0x69, 0xA9, 0x70, 0x91, 0xC2, 0x1B, 0x60,
    0x47, 0x07, 0x48, 0xC5, 0xF6, 0x32, 0x92, 0x69, 0x8D, 0x60, 0x57, 0x64, 0x9C, 0x32, 0x45, 0xB6,
    0x90, 0xDC, 0xA4, 0x71, 0xA1, 0x00, 0xE7, 0xB9, 0x62, 0x1B, 0x17, 0x0A, 0xB2, 0x5E, 0x7E, 0x8E,
    0x0A, 0x97, 0x61, 0x7C, 0x30, 0x5C, 0x86, 0x48, 0x56, 0xB8, 0x83, 0x5C, 0x98, 0xB8, 0xA3, 0x63,
    0xEE, 0x9A, 0xE4, 0x9B, 0xEF, 0x79, 0x5E, 0x72, 0x7E, 0xBF, 0xD9, 0x5D, 0xAD, 0xF6, 0x56, 0xD2,
    0xD9, 0xD2, 0x11, 0xBF, 0x79, 0x9E, 0x67, 0xE6, 0x47, 0xF2, 0xFB, 0xFF, 0x7D, 0xEF, 0xFB, 0x7E,
    0xE4, 0x48, 0xDA, 0x8B, 0x3F, 0x92, 0x11, 0x18, 0x4E, 0x40, 0x69, 0x88, 0x79, 0x09, 0x8C, 0x1D,
    0x50, 0xA0, 0x79, 0xBC, 0x72, 0xEA, 0x0F, 0xA9, 0xD4, 0x1F, 0xF5, 0x15, 0xA2, 0x68, 0x29, 0x45,
    0x2D, 0x4D, 0x29, 0x29, 0x31, 0x21, 0xC6, 0x7B, 0x28, 0xF2, 0xE9, 0xA8, 0xDA, 0x5F, 0xE0, 0xFB,
    0xA7, 0xA5, 0xFD, 0xFD, 0x79, 0xB0, 0x07, 0x06, 0xC4, 0xB0, 0x47, 0x1E, 0xA2, 0x3E, 0xF0, 0x98,
    0xF5, 0x67, 0xC8, 0x55, 0x5F, 0x11, 0x25, 0x75, 0x89, 0x13, 0xC9, 0xBB, 0xAC, 0xDB, 0x30, 0x6B,
    0xD3, 0x56, 0x24, 0x90, 0xC0, 0x8A, 0xF4, 0xD5, 0x2C, 0xD7, 0x01, 0x72, 0x7B, 0x43, 0xA4, 0xC0,
    0x6F, 0xF3, 0xCA, 0x8B, 0xE7, 0x32, 0xED, 0xE5, 0xBE, 0xC8, 0x89, 0xA4, 0xBD, 0x07, 0x39, 0x06,
    0x5F, 0x13, 0x39, 0xDA, 0xE7, 0xD7, 0x44, 0x04, 0x2C, 0xCF, 0xE6, 0xAB, 0x4B, 0x09, 0xFE, 0xBD,
    0xEA, 0x00, 0xD6, 0x47, 0xCD, 0x02, 0x7E, 0x28, 0x91, 0x96, 0x76, 0x9E, 0x3A, 0xE3, 0xA2, 0x5D,
    0xB9, 0x33, 0xCE, 0x9F, 0xCD, 0xBB, 0xF3, 0x9D, 0x31, 0xEE, 0x97, 0x8F, 0x12, 0x2E, 0x22, 0x2F,
    0xA9, 0xFE, 0xA8, 0x1A, 0x44, 0x32, 0x14, 0xB5, 0x64, 0xC3, 0x10, 0xB5, 0xF6, 0x10, 0x2C, 0x90,
    0xD1, 0x08, 0x8C, 0x3B, 0x60, 0x5A, 0x03, 0xBF, 0x05, 0x78, 0x7A, 0x5B, 0x0A, 0xDB, 0x92, 0x49,
    0x54, 0xAC, 0xDF, 0x8C, 0x98, 0x1A, 0x96, 0x3B, 0x14, 0xF9, 0xD2, 0x51, 0x81, 0x81, 0x3A, 0x8F,
    0x67, 0xFA, 0xA8, 0x16, 0xE4, 0x90, 0xA3, 0xEB, 0x1B, 0x3F, 0x2E, 0x45, 0x42, 0xD5, 0x51, 0x24,
    0x5F, 0xBE, 0xA7, 0x22, 0x4D, 0x2D, 0x5A, 0x87, 0xB3, 0x48, 0xE5, 0xE2, 0x11, 0xF5, 0xC4, 0xDA,
    0x13, 0x74, 0xDF, 0x97, 0x59, 0x7B, 0xF8, 0x1B, 0xB0, 0x22, 0x36, 0xF5, 0x0E, 0xF5, 0x97, 0xBE,
    0xE8, 0x62, 0xBD, 0x41, 0x3F, 0x39, 0xFF, 0xB1, 0x47, 0xFB, 0xD6, 0x70, 0xEF, 0xAA, 0xC2, 0xB0,
    0x03, 0x66, 0x3D, 0x30, 0xB5, 0x9A, 0x9D, 0x45, 0xA2, 0x3A, 0x44, 0x9F, 0xAB, 0xA5, 0x79, 0x78,
    0xA8, 0x6C, 0x8D, 0x99, 0x39, 0xC4, 0xC9, 0x07, 0x37, 0x50, 0x8C, 0xF3, 0x12, 0xF9, 0x9F, 0x25,
    0xD4, 0x1F, 0x6A, 0x1D, 0x8F, 0x52, 0xB4, 0x69, 0x27, 0x69, 0x97, 0xB5, 0x92, 0x74, 0xB9, 0x93,
    0xD8, 0x79, 0x08, 0x24, 0x6F, 0xB7, 0x9B, 0xF3, 0xDE, 0x09, 0xAA, 0x20, 0x62, 0x7F, 0x52, 0xC8,
    0x0C, 0x32, 0x50, 0x15, 0x48, 0x07, 0x89, 0x04, 0xF2, 0x8B, 0xF3, 0xE3, 0xF1, 0x25, 0x91, 0x68,
    0xCA, 0x3D, 0x8C, 0x05, 0xA1, 0x96, 0x78, 0xC8, 0x9D, 0xA4, 0x7D, 0x3A, 0xA0, 0x72, 0xF4, 0xAF,
    0x50, 0x5B, 0xBC, 0xCB, 0x0D, 0xB6, 0xBB, 0x54, 0x6C, 0xF3, 0x87, 0xD6, 0x39, 0x9B, 0xF2, 0x8B,
    0xFF, 0xD1, 0x92, 0x6D, 0x78, 0xA6, 0x0B, 0xD3, 0xCA, 0xE5, 0xB6, 0x14, 0xB5, 0x4A, 0xE5, 0x7F,
    0x8A, 0xF2, 0xBE, 0x1C, 0xF8, 0x16, 0xB2, 0xE3, 0x0F, 0x93, 0x9F, 0xE0, 0xF4, 0xF4, 0x7A, 0xAC,
    0xDA, 0x07, 0x8D, 0xDE, 0x91, 0x74, 0x12, 0x49, 0x86, 0x7F, 0xBC, 0x9F, 0xB4, 0x5F, 0x7F, 0x3A,
    0x61, 0xD3, 0x57, 0xB5, 0x5C, 0x59, 0x3C, 0x0D, 0xBE, 0x2E, 0x2E, 0x06, 0xE6, 0xF5, 0x75, 0x7E,
    0x54, 0x1D, 0xA1, 0xDE, 0x86, 0x7A, 0x0F, 0x4A, 0x46, 0x89, 0x66, 0xD9, 0xD4, 0x64, 0xEA, 0xC3,
    0x0B, 0x35, 0x3E, 0x45, 0x0D, 0xCF, 0xAF, 0x54, 0x1F, 0x42, 0xF5, 0x50, 0x8A, 0x15, 0xA0, 0xC7,
    0xB7, 0xF9, 0xB8, 0x29, 0x24, 0x1D, 0x52, 0x05, 0xBA, 0x29, 0xF1, 0x2A, 0xEA, 0x4C, 0x95, 0xA6,
    0x38, 0x92, 0xE2, 0x76, 0x53, 0x89, 0xDB, 0xBE, 0x4D, 0x2F, 0x54, 0x5E, 0x6F, 0xD7, 0x56, 0x25,
    0x54, 0xB8, 0x08, 0x06, 0xB5, 0x57, 0xF1, 0x24, 0x18, 0x48, 0xC9, 0x14, 0x54, 0xBD, 0x34, 0xA3,
    0x84, 0x0D, 0x17, 0x9A, 0xA2, 0x63, 0xA6, 0x1E, 0x88, 0x1C, 0xEC, 0xF7, 0x1D, 0xFE, 0x70, 0x96,
    0x40, 0x75, 0x89, 0xB0, 0x1F, 0x5D, 0xD1, 0xDF, 0x72, 0x98, 0xBB, 0x6D, 0x60, 0xAF, 0x7D, 0x60,
    0x53, 0xF2, 0x39, 0x15, 0x56, 0xAB, 0x53, 0x3D, 0x2D, 0xA1, 0x94, 0x47, 0x7D, 0xA1, 0xC6, 0xED,
    0xBC, 0x58, 0x37, 0x25, 0x5A, 0x6F, 0xAA, 0x70, 0x17, 0xAA, 0xDD, 0x54, 0xDE, 0x3D, 0x9F, 0xDA,
    0x5D, 0x51, 0x39, 0x51, 0x2A, 0x4F, 0xE8, 0xD7, 0x81, 0x96, 0x57, 0x16, 0xF6, 0x6E, 0xAC, 0x7F,
    0xC3, 0x56, 0x1B, 0x4B, 0x29, 0xDB, 0x1A, 0xB8, 0x2D, 0x82, 0xBB, 0x55, 0x70, 0x5B, 0x06, 0x77,
    0xEB, 0xE0, 0xB6, 0x10, 0xEE, 0x56, 0xC2, 0xBD, 0xA5, 0x10, 0x42, 0x3E, 0x5B, 0x5C, 0x59, 0x4A,
    0x8A, 0xDF, 0xA9, 0x0E, 0x14, 0x4C, 0x95, 0x4B, 0x22, 0x2B, 0x64, 0xB7, 0x96, 0x51, 0x34, 0xF5,
    0x2A, 0xAA, 0x0B, 0xE1, 0x56, 0x51, 0xFC, 0x83, 0x45, 0x3E, 0xB2, 0x8E, 0xB8, 0x3C, 0x4A, 0xB1,
    0x94, 0x5C, 0x1F, 0xA5, 0xB0, 0x1E, 0x70, 0x03, 0xB0, 0x0D, 0x9D, 0x64, 0x20, 0xA5, 0x1D, 0x29,
    0xAF, 0x49, 0xB7, 0xB7, 0x51, 0xF0, 0xF8, 0x61, 0xBD, 0xAC, 0x44, 0xA5, 0x16, 0xDA, 0xA1, 0x7F,
    0x65, 0x5A, 0xA3, 0x73, 0xC5, 0xD6, 0xD6, 0x49, 0x47, 0xCA, 0x6A, 0x52, 0x21, 0xA4, 0x89, 0x14,
    0xF6, 0xA4, 0xC4, 0x91, 0xB2, 0x92, 0xC4, 0x84, 0x9A, 0x6F, 0x8F, 0x24, 0x9D, 0x8C, 0x16, 0xD2,
    0x0F, 0xD5, 0x4E, 0x51, 0x47, 0xAA, 0x7A, 0x52, 0x3E, 0x92, 0xD2, 0x99, 0x14, 0x29, 0x29, 0x50,
    0x4B, 0xAF, 0x69, 0x49, 0x45, 0x4F, 0x4A, 0x6D, 0x74, 0xC5, 0xCA, 0xF9, 0x2E, 0x54, 0x87, 0x4E,
    0x21, 0xCD, 0x88, 0xCC, 0xCB, 0x95, 0x79, 0x5B, 0xD0, 0xD0, 0xAD, 0x8C, 0x93, 0xDE, 0x38, 0x1C,
    0x8D, 0xE5, 0xA7, 0x2B, 0x67, 0x2B, 0x07, 0x8F, 0x55, 0x05, 0xBA, 0x14, 0xEB, 0x22, 0x55, 0x6D,
    0x51, 0x19, 0x87, 0xE8, 0x67, 0xEA, 0x64, 0xCB, 0x02, 0x57, 0xE0, 0x7D, 0x2E, 0x56, 0x56, 0xE3,
    0x70, 0xE5, 0xE4, 0x37, 0xC6, 0x79, 0x66, 0x7C, 0xDB, 0x38, 0x18, 0x8C, 0xE3, 0xD6, 0x38, 0xAD,
    0x8D, 0x4F, 0xC4, 0x78, 0x32, 0x7E, 0xA3, 0x37, 0xFE, 0xD7, 0xCE, 0xF8, 0x4C, 0x8C, 0xE7, 0x95,
    0x87, 0x95, 0xDB, 0x95, 0xEB, 0xCB, 0xF9, 0xD2, 0x92, 0x55, 0x10, 0x58, 0xBE, 0x39, 0x74, 0x12,
    0xD5, 0x7A, 0x2B, 0x97, 0x6C, 0x85, 0x1F, 0x05, 0x8D, 0x86, 0x39, 0xD0, 0xB1, 0xF7, 0x54, 0x5C,
    0x80, 0x7F, 0xCD, 0x66, 0xCA, 0x6D, 0xB2, 0x94, 0x53, 0x22, 0x0F, 0x3F, 0xD6, 0xD0, 0x55, 0x54,
    0x27, 0xA9, 0xB4, 0x3F, 0xD3, 0x07, 0x72, 0x45, 0xEF, 0xA0, 0xDF, 0x07, 0x93, 0x84, 0x9E, 0x64,
    0xB4, 0xB5, 0xA8, 0xA7, 0x95, 0x11, 0x76, 0xEC, 0xB0, 0x51, 0xCB, 0xBC, 0x24, 0x8E, 0x56, 0x40,
    0x5A, 0x62, 0x5D, 0x67, 0xF5, 0xC7, 0x13, 0x07, 0x61, 0xB4, 0xC8, 0x11, 0x8D, 0x22, 0xB9, 0x65,
    0x56, 0xDE, 0x60, 0xF6, 0x49, 0x0F, 0x2A, 0x7E, 0x61, 0xB6, 0xC9, 0xDF, 0x3B, 0xA1, 0x21, 0x5A,
    0x83, 0x62, 0x2D, 0x41, 0x91, 0x5A, 0x21, 0x66, 0x92, 0x6C, 0x0B, 0x03, 0x31, 0xE4, 0xD5, 0x2F,
    0x5F, 0xE1, 0xD5, 0x85, 0x3A, 0x50, 0x6E, 0x97, 0xA5, 0x76, 0x7E, 0x70, 0x7D, 0x7F, 0x8A, 0xB5,
    0xDE, 0xAF, 0x35, 0x5A, 0xFC, 0x1B, 0x17, 0x4B, 0xF5, 0xBA, 0x5C, 0x57, 0x2B, 0x17, 0x7F, 0xC4,
    0xAC, 0xC6, 0x01, 0xB8, 0x6A, 0x39, 0x51, 0x62, 0x86, 0xAC, 0xC8, 0x5A, 0x6F, 0x26, 0x17, 0x97,
    0x0D, 0xE3, 0xAA, 0x36, 0x2E, 0xCA, 0x95, 0x8D, 0x24, 0x5F, 0xF9, 0xDA, 0xCA, 0xFF, 0xCC, 0x68,
    0xB3, 0x69, 0x74, 0x25, 0x5E, 0x15, 0x6A, 0x0D, 0x8A, 0xEC, 0x9E, 0xF1, 0xFF, 0x6E, 0x41, 0xC9,
    0x7F, 0x36, 0xBB, 0xFC, 0xBB, 0x3D, 0x28, 0xB3, 0xD9, 0xE8, 0xC4, 0x96, 0xE1, 0x63, 0xA3, 0x7B,
    0x66, 0xC6, 0x8F, 0xBC, 0x5B, 0x30, 0xB0, 0x14, 0x61, 0xCF, 0x2C, 0x45, 0x1D, 0xCB, 0x13, 0x3B,
    0x5A, 0x0F, 0xE9, 0x2F, 0x4F, 0xCF, 0x7A, 0x9B, 0x67, 0x3D, 0xE5, 0xE7, 0xE7, 0x77, 0x07, 0x7F,
    0x2F, 0xF6, 0x1D, 0xCC, 0x68, 0xB8, 0xDB, 0x3D, 0xA1, 0xD7, 0x30, 0x32, 0x6F, 0xC1, 0x00, 0x2A,
    0x23, 0xCE, 0x2C, 0x75, 0xCC, 0xDF, 0x5A, 0x98, 0x41, 0x57, 0x75, 0x51, 0xED, 0xD0, 0xC6, 0xCF,
    0xF2, 0x0C, 0x72, 0x62, 0xFA, 0x04, 0xCA, 0x53, 0xF1, 0xFD, 0x1B, 0x40, 0xE5, 0x80, 0xFF, 0x44,
    0x67, 0xCE, 0x88, 0x4A, 0x4F, 0xA2, 0x72, 0x40, 0x5B, 0xD1, 0x6C, 0x85, 0xCB, 0xFA, 0xA7, 0xA3,
    0x7D, 0x5B, 0x70, 0xC5, 0xD3, 0x1A, 0x2B, 0x9D, 0xB2, 0xF1, 0x46, 0xE4, 0x70, 0x29, 0x77, 0xEB,
    0xBF, 0xDE, 0x61, 0x6E, 0x39, 0x01, 0xAE, 0x6B, 0xAF, 0xD6, 0xFB, 0x69, 0x3D, 0x81, 0x8E, 0xDF,
    0xF2, 0x1C, 0x9E, 0x1F, 0x4F, 0xCC, 0x6D, 0x4B, 0x1C, 0x90, 0xFF, 0xBF, 0x50, 0xD9, 0xDD, 0x21,
    0xEB, 0x80, 0x69, 0x4F, 0x1C, 0x80, 0xC9, 0xB8, 0xC3, 0x74, 0xD8, 0x90, 0x39, 0x57, 0xA4, 0x12,
    0x68, 0x79, 0xA8, 0x35, 0x72, 0x3B, 0x5B, 0x0E, 0xBF, 0x6A, 0x5E, 0x17, 0xB3, 0x7B, 0x83, 0xF9,
    0xDD, 0x32, 0xFC, 0xB1, 0xC8, 0x64, 0x17, 0xDC, 0xF2, 0x24, 0xCF, 0xA6, 0x0F, 0x9F, 0x46, 0x83,
    0x51, 0xBF, 0x4F, 0x81, 0x51, 0xD8, 0xED, 0x53, 0xD4, 0x1A, 0x39, 0x52, 0x62, 0x94, 0xD6, 0xA4,
    0x4C, 0x48, 0xB9, 0xD1, 0xB1, 0xD1, 0xB4, 0xD7, 0xC5, 0xD7, 0x4C, 0xEB, 0x46, 0x1D, 0xE7, 0xC5,
    0xCA, 0x8A, 0x5B, 0xD9, 0x80, 0xBE, 0x6D, 0x74, 0x8B, 0x94, 0xAD, 0xF4, 0x7D, 0x52, 0xFA, 0xAF,
    0x48, 0x87, 0x5F, 0xB5, 0x90, 0xC7, 0x75, 0xF8, 0x36, 0x9E, 0x24, 0xD5, 0x11, 0x2E, 0x8E, 0x27,
    0x39, 0xD4, 0x16, 0x9E, 0xCE, 0x21, 0x8C, 0xE7, 0xAA, 0xA6, 0xD7, 0xC8, 0x28, 0x85, 0x83, 0x21,
    0x14, 0xD0, 0x87, 0xEC, 0x20, 0xA3, 0x8E, 0x93, 0x0D, 0x64, 0xE2, 0x38, 0x0B, 0x41, 0x66, 0x56,
    0x49, 0x90, 0xC7, 0x94, 0x69, 0xED, 0xE5, 0x48, 0x19, 0xB7, 0xC9, 0x10, 0xF6, 0x94, 0x61, 0x9F,
    0x0C, 0xB1, 0xA3, 0x94, 0x29, 0x19, 0xD2, 0xDA, 0x24, 0xB2, 0xE5, 0xA8, 0x22, 0xC8, 0xCE, 0x2E,
    0x9B, 0x6F, 0x3E, 0x3C, 0xB3, 0xCB, 0xD2, 0xD1, 0x9F, 0x3B, 0x51, 0xE6, 0xB8, 0xC3, 0x42, 0x59,
    0xE1, 0xBE, 0x4A, 0xA9, 0x48, 0x8D, 0xB7, 0x08, 0x15, 0x79, 0xA8, 0x5A, 0xDE, 0x00, 0xB2, 0xA0,
    0x0F, 0x3C, 0x41, 0x7A, 0xC4, 0x0D, 0x98, 0x75, 0x5A, 0xB9, 0x56, 0x20, 0xB5, 0xE9, 0x3C, 0x1D,
    0x40, 0xFC, 0x35, 0xC3, 0x18, 0xEF, 0xA5, 0x9A, 0xE5, 0x10, 0xB9, 0xC9, 0x17, 0xA9, 0x3A, 0x41,
    0x45, 0x09, 0x7C, 0xF8, 0x83, 0xF3, 0x3B, 0x9B, 0x35, 0x96, 0xE8, 0x0F, 0xB5, 0x93, 0x6C, 0xC0,
    0x27, 0x6F, 0x25, 0x99, 0xA4, 0x80, 0xF3, 0x42, 0xC7, 0xC5, 0x5F, 0x5C, 0x02, 0x51, 0xAA, 0x09,
    0x18, 0x13, 0x6D, 0x22, 0xCF, 0x3A, 0x6B, 0xB2, 0x6D, 0x45, 0x89, 0x15, 0x27, 0x06, 0x6F, 0x6A,
    0xCB, 0x6F, 0x47, 0xA0, 0x5D, 0x6B, 0x25, 0x0C, 0x80, 0xEC, 0xB7, 0xC4, 0x8C, 0x58, 0xC0, 0x61,
    0x45, 0x8A, 0xE1, 0x82, 0xD9, 0x2A, 0x86, 0x13, 0x86, 0x9C, 0x24, 0xFA, 0x6B, 0x2E, 0xBC, 0x34,
    0x3D, 0x82, 0xD3, 0x7F, 0x82, 0x26, 0x99, 0xC8, 0xBB, 0x92, 0xF0, 0xB7, 0x65, 0x75, 0x3C, 0xB4,
    0xCC, 0xC8, 0xD5, 0x23, 0x3B, 0x2B, 0x41, 0xF3, 0x59, 0x54, 0xEC, 0x9F, 0xA0, 0xE9, 0xFA, 0x35,
    0xF2, 0x56, 0xB6, 0xE5, 0xA7, 0x31, 0xDF, 0xF5, 0x6D, 0x35, 0xFF, 0x7F, 0xE4, 0x90, 0x01, 0x2D,
    0x5C, 0x54, 0x48, 0xE3, 0x25, 0x1A, 0x3E, 0x9B, 0x7A, 0x52, 0x70, 0x89, 0xC2, 0x4B, 0x14, 0x75,
    0xFB, 0x14, 0xB7, 0xA4, 0xC4, 0x91, 0x52, 0xA3, 0xBC, 0x26, 0x55, 0x25, 0xE8, 0x7B, 0x2A, 0x20,
    0x9D, 0x69, 0x79, 0x37, 0x23, 0x87, 0x29, 0x7A, 0x90, 0xEA, 0x7C, 0xB0, 0x75, 0xC2, 0xEB, 0x1C,
    0xB7, 0x37, 0x2A, 0xE5, 0xDC, 0xA5, 0xD3, 0x15, 0x06, 0x78, 0x32, 0x5F, 0x2E, 0xE5, 0x14, 0xA6,
    0xD6, 0x11, 0xE4, 0x64, 0x11, 0xB9, 0xBF, 0xA0, 0xB7, 0xCF, 0x22, 0xF7, 0xD4, 0x8B, 0xFF, 0x47,
    0x51, 0x8A, 0xFC, 0x1D, 0x44, 0x55, 0x4B, 0xF8, 0x7F, 0x20, 0x30, 0x2B, 0xFD, 0x02, 0x22, 0x6F,
    0x25, 0xFE, 0x1F, 0x10, 0x59, 0x2F, 0xC9, 0x0F, 0x20, 0xD2, 0x5E, 0xD2, 0xD7, 0x21, 0x92, 0x51,
    0xB2, 0x10, 0x02, 0x1E, 0x05, 0x45, 0x34, 0xCB, 0x11, 0x45, 0xB8, 0xC8, 0x2D, 0x0A, 0x51, 0x19,
    0x56, 0x51, 0xF6, 0x26, 0xAA, 0x1F, 0x74, 0x26, 0x8A, 0x8F, 0x5A, 0x13, 0xF9, 0xAF, 0x9C, 0x89,
    0xEC, 0xF7, 0xB5, 0x89, 0x54, 0x4B, 0x13, 0x89, 0x0A, 0xC4, 0x24, 0xF1, 0x82, 0x49, 0x2B, 0x98,
    0x19, 0x2F, 0x82, 0xAD, 0xD6, 0x85, 0x93, 0xC7, 0x11, 0x45, 0x1E, 0xD0, 0x85, 0xF6, 0x47, 0x62,
    0xAE, 0xEA, 0x6C, 0x24, 0x3E, 0x5C, 0x47, 0xE2, 0x36, 0xF2, 0xDA, 0xCF, 0x6F, 0xF2, 0xB3, 0xDF,
    0xEC, 0x98, 0x51, 0x9B, 0xEA, 0x8B, 0x76, 0x29, 0x5A, 0x1B, 0x89, 0x55, 0xC7, 0x91, 0x78, 0x45,
    0x97, 0x7A, 0x2B, 0x97, 0xC8, 0xAB, 0x3F, 0x36, 0x6F, 0x8C, 0x6D, 0x5C, 0x3C, 0x7C, 0x5B, 0x4B,
    0x33, 0xF7, 0x5A, 0x2E, 0x00, 0x29, 0x57, 0x5A, 0x54, 0x13, 0xE6, 0xB1, 0x70, 0xA6, 0x4F, 0x6E,
    0xB3, 0x3E, 0x4E, 0x23, 0x35, 0x75, 0x65, 0xD4, 0xD4, 0xF4, 0xF9, 0x56, 0xD2, 0x67, 0xD0, 0x76,
    0xA6, 0x23, 0xAD, 0x97, 0x6F, 0xF7, 0x6C, 0x41, 0x5B, 0x42, 0x48, 0x36, 0x9A, 0x39, 0x31, 0xC4,
    0xB6, 0xB3, 0x90, 0x99, 0x63, 0x8A, 0x6B, 0xF3, 0xE5, 0xEE, 0x22, 0x5B, 0x3C, 0xDB, 0x02, 0xDA,
    0x36, 0x1E, 0xCD, 0x1C, 0xDA, 0x19, 0x44, 0x74, 0x06, 0xB7, 0x9A, 0xF9, 0x8A, 0xB0, 0x9A, 0xD3,
    0x1A, 0x28, 0x74, 0x8B, 0x96, 0x83, 0xFF, 0x53, 0x6E, 0x4E, 0xAE, 0x2F, 0x27, 0x4E, 0x50, 0x2F,
    0x69, 0xF4, 0x0E, 0xF4, 0x29, 0x16, 0x5E, 0x7F, 0xC9, 0x7F, 0xB9, 0xEC, 0xC5, 0x10, 0x9F, 0xEE,
    0x65, 0x34, 0x35, 0x7D, 0x1F, 0xF1, 0x78, 0xD3, 0xBC, 0x8C, 0x0E, 0xF8, 0xF0, 0x8B, 0xDF, 0x1B,
    0xF1, 0xBD, 0xEC, 0xF3, 0xED, 0x8D, 0x3C, 0x86, 0xCF, 0xD8, 0x1B, 0x69, 0x5F, 0x7C, 0x6F, 0xC4,
    0xE2, 0x92, 0x16, 0x94, 0x24, 0x2E, 0x45, 0x99, 0x0C, 0x72, 0xFF, 0x44, 0x3C, 0x9E, 0x1C, 0x03,
    0xAF, 0x1D, 0xED, 0xF0, 0x35, 0x01, 0xCA, 0x97, 0x8F, 0x29, 0x31, 0x9B, 0x84, 0x61, 0xC4, 0x07,
    0x74, 0xAC, 0x87, 0xAF, 0x61, 0x58, 0x07, 0x56, 0x92, 0x76, 0xFB, 0x2C, 0xD9, 0x70, 0x29, 0x9A,
    0xFB, 0xAA, 0xEA, 0x07, 0x9E, 0x0E, 0xD5, 0x1F, 0x2D, 0xFA, 0x55, 0xDA, 0x9F, 0x4D, 0xC8, 0x66,
    0xDA, 0x87, 0x2A, 0xD1, 0x8C, 0xF3, 0x2A, 0x97, 0x8C, 0xE0, 0xBC, 0xF3, 0xC0, 0x4F, 0x6E, 0x3C,
    0x16, 0x1D, 0x38, 0x99, 0x8A, 0x16, 0x1C, 0x7F, 0x2A, 0xE7, 0x76, 0xDE, 0x98, 0xD9, 0x75, 0x43,
    0x3A, 0x80, 0xB3, 0x3E, 0x9E, 0xC0, 0x45, 0x1B, 0x2A, 0x18, 0x7E, 0xBC, 0x4F, 0x02, 0x96, 0x7D,
    0xA6, 0x77, 0x1F, 0x61, 0xED, 0x0C, 0x2C, 0xBE, 0xED, 0x8F, 0x9B, 0xBF, 0xDD, 0xCF, 0x37, 0xC3,
    0xC0, 0xFB, 0xE5, 0x3A, 0x3C, 0x87, 0x4D, 0xFF, 0x8A, 0xB5, 0x60, 0xA1, 0x8B, 0x34, 0xEA, 0xB0,
    0x3F, 0x70, 0x06, 0xD3, 0xAF, 0x65, 0xFC, 0xB3, 0xF2, 0x84, 0x19, 0xEF, 0xA2, 0x95, 0x0A, 0x6B,
    0xA5, 0x5B, 0x56, 0xD9, 0xAC, 0x17, 0x7D, 0xC3, 0xCC, 0xFA, 0x9F, 0x5B, 0xD7, 0xFF, 0x4D, 0x09,
    0xCA, 0x16, 0x4B, 0x6A, 0x22, 0x45, 0x8B, 0x91, 0x92, 0x12, 0xAB, 0xFC, 0xAC, 0x6A, 0x41, 0x27,
    0x79, 0x0F, 0xBA, 0xC7, 0x11, 0x12, 0xF4, 0xF1, 0x8C, 0x13, 0x3B, 0xF6, 0x9D, 0xD4, 0x71, 0x84,
    0xE5, 0x36, 0xAC, 0x4E, 0xCC, 0x18, 0x9D, 0xD8, 0x1E, 0x11, 0x0A, 0x3C, 0x73, 0x09, 0x55, 0xED,
    0x1A, 0xED, 0x23, 0xD5, 0xFE, 0xEB, 0x19, 0x91, 0xC3, 0xE6, 0x1C, 0x0F, 0x57, 0xAD, 0x6C, 0xBD,
    0xD5, 0x18, 0x27, 0x1A, 0x67, 0x2B, 0xA7, 0x2B, 0x27, 0x2B, 0xC7, 0x8F, 0x71, 0x58, 0x6E, 0xF5,
    0x54, 0xA8, 0x96, 0xF8, 0xE1, 0xC6, 0xD0, 0x56, 0x4F, 0xAC, 0x2B, 0xCC, 0xA0, 0x9F, 0xE7, 0xC7,
    0x19, 0x17, 0x1B, 0x77, 0xC6, 0x19, 0x7C, 0xCB, 0x9A, 0x3D, 0x50, 0xC1, 0xA1, 0xEA, 0xC2, 0xD9,
    0xF3, 0xD5, 0x47, 0xE5, 0x16, 0x53, 0x7C, 0x51, 0x56, 0x47, 0xCA, 0x75, 0x21, 0x17, 0xAA, 0x28,
    0xA7, 0xF7, 0xF9, 0x3D, 0xDD, 0xA8, 0x54, 0x23, 0x45, 0x34, 0x4F, 0x7D, 0x39, 0x83, 0x66, 0x29,
    0xDF, 0xD6, 0x8F, 0xE9, 0xFE, 0xC2, 0x62, 0xB6, 0x88, 0x05, 0x63, 0x2F, 0x54, 0xFD, 0xD7, 0x40,
    0xE9, 0xA6, 0x02, 0xB5, 0xB2, 0x59, 0xB0, 0x8D, 0xC7, 0xA3, 0x6A, 0x53, 0xBA, 0xAB, 0x21, 0xD9,
    0x55, 0x91, 0xEC, 0xD5, 0xD1, 0x5E, 0x25, 0xED, 0x6A, 0xC9, 0x64, 0xFF, 0x35, 0x95, 0xBA, 0xC9,
    0x5D, 0xDD, 0x95, 0x36, 0x04, 0x79, 0x48, 0xB5, 0x93, 0xDB, 0x11, 0xEF, 0xA4, 0xEC, 0xC9, 0x62,
    0x27, 0xF3, 0x9D, 0xCC, 0x76, 0x32, 0x7D, 0xAA, 0x3C, 0xA4, 0x0D, 0x50, 0xB2, 0x0F, 0xAB, 0x23,
    0xCD, 0xF8, 0xAD, 0xA4, 0x41, 0x71, 0x62, 0xD6, 0xC5, 0xB1, 0x8D, 0xFB, 0xA3, 0x4B, 0x24, 0x9F,
    0x42, 0xAD, 0x91, 0x6A, 0x67, 0xB4, 0x80, 0x5C, 0xA0, 0x0E, 0x24, 0x45, 0x47, 0x4A, 0x7B, 0xA3,
    0x81, 0x94, 0x8C, 0xA4, 0x78, 0x7A, 0x92, 0xF8, 0xDD, 0xEE, 0xCC, 0xAC, 0x07, 0x31, 0x91, 0xAA,
    0x3D, 0xD4, 0x72, 0x8B, 0x35, 0xE7, 0xAA, 0x4B, 0x6D, 0x41, 0xE8, 0x60, 0xF5, 0x69, 0x24, 0x55,
    0x73, 0xBC, 0xE5, 0xA0, 0x59, 0xAE, 0xDB, 0x90, 0xCD, 0x07, 0x9B, 0xF7, 0x90, 0xFE, 0xE7, 0x16,
    0xAA, 0xF5, 0x26, 0x46, 0x13, 0x65, 0xAC, 0xDB, 0x39, 0x5A, 0xAF, 0xA2, 0x70, 0x26, 0x6C, 0x75,
    0xB6, 0xB0, 0xF4, 0x67, 0x8A, 0xDD, 0xC9, 0x45, 0x7B, 0xE9, 0x3E, 0x0A, 0xCB, 0xD7, 0x0B, 0xDB,
    0x6A, 0xCE, 0x47, 0xDB, 0x69, 0x7E, 0x49, 0xF5, 0x0E, 0xC3, 0xF0, 0x28, 0xF2, 0x16, 0x89, 0xDF,
    0x76, 0xE1, 0x39, 0x5D, 0xBD, 0x50, 0x4C, 0x5A, 0xB5, 0x26, 0x8E, 0x1E, 0x2F, 0xC7, 0xF2, 0x0B,
    0xF7, 0xDC, 0x3B, 0x06, 0x2D, 0xD1, 0x59, 0xCE, 0x2D, 0xDB, 0xCC, 0xB3, 0x30, 0xC3, 0x30, 0x0C,
    0x3C, 0x04, 0xBA, 0xC5, 0xFA, 0x1C, 0x03, 0x7D, 0xFE, 0xC3, 0x68, 0x9B, 0x45, 0xDE, 0x72, 0xC6,
    0x9A, 0x0F, 0x4B, 0x8F, 0xF5, 0x13, 0xCF, 0x04, 0xB5, 0x7B, 0x68, 0xCF, 0x26, 0x74, 0x12, 0x03,
    0xD1, 0x11, 0xAA, 0xCE, 0xFE, 0xBE, 0x7F, 0xE6, 0xBE, 0xD5, 0x1D, 0xD0, 0xA2, 0xDE, 0xC5, 0xFA,
    0x16, 0x29, 0xF8, 0x40, 0x04, 0xEC, 0xA2, 0x01, 0xD5, 0x0B, 0x9B, 0x84, 0xFB, 0x8C, 0x41, 0xA3,
    0xC3, 0x7E, 0xAC, 0x4F, 0x0E, 0x7F, 0x6C, 0xBE, 0x09, 0xF2, 0x3E, 0x5A, 0x4D, 0xA7, 0xCB, 0x5B,
    0x74, 0x2D, 0xD9, 0x3F, 0xF3, 0xD6, 0xEA, 0xCB, 0xF6, 0x76, 0x1B, 0xBA, 0xE7, 0xD1, 0xB4, 0xED,
    0x6F, 0x04, 0x33, 0x14, 0x8D, 0x5D, 0x85, 0x42, 0xDB, 0x9A, 0x4F, 0x93, 0x41, 0xD1, 0x4F, 0xC9,
    0x7B, 0xE6, 0x11, 0xAA, 0xDB, 0x54, 0xB1, 0xA9, 0x75, 0x78, 0x51, 0xB5, 0xAB, 0x7A, 0xBF, 0xA2,
    0xB2, 0xF3, 0x76, 0xEA, 0xC9, 0xBB, 0xEC, 0xD2, 0x48, 0xA9, 0xCA, 0x4D, 0x29, 0x73, 0x35, 0x6E,
    0x0A, 0xF9, 0x0D, 0x99, 0x53, 0x78, 0xA5, 0x11, 0xCD, 0x6B, 0x7C, 0xD8, 0x01, 0x31, 0x96, 0x71,
    0x3B, 0x8B, 0x7C, 0xC1, 0x4B, 0x65, 0x9F, 0x6B, 0xF4, 0x81, 0xD8, 0x11, 0xDC, 0x20, 0x31, 0xC8,
    0x40, 0xDF, 0x43, 0xE1, 0xA4, 0xB3, 0xD5, 0x93, 0x85, 0x79, 0xC8, 0x06, 0x1B, 0xD0, 0x9D, 0x64,
    0x9C, 0x16, 0x48, 0xD5, 0x33, 0xA8, 0x68, 0x49, 0x79, 0x4F, 0x4A, 0x47, 0x52, 0xA4, 0x77, 0x40,
    0x5B, 0x9D, 0xA4, 0x46, 0x45, 0x97, 0x59, 0x79, 0x49, 0x5A, 0x82, 0x42, 0x15, 0x50, 0x3C, 0xEF,
    0x5F, 0x6E, 0x37, 0xDB, 0x32, 0xA1, 0x9C, 0x63, 0xE0, 0x35, 0x15, 0x83, 0xE4, 0xB3, 0x60, 0x68,
    0x15, 0x9D, 0x85, 0x3E, 0x0F, 0xD0, 0xE4, 0x8D, 0x8E, 0x12, 0x2D, 0x6F, 0x2E, 0x12, 0x8F, 0xA8,
    0xAB, 0x5E, 0x8A, 0x3A, 0xF2, 0xE0, 0xE4, 0x47, 0xDC, 0x9C, 0xDE, 0xC1, 0x81, 0x19, 0x53, 0x2E,
    0xD2, 0x4F, 0x2A, 0x97, 0x8E, 0x92, 0xBB, 0xBC, 0xF5, 0x50, 0x38, 0x83, 0xC2, 0x15, 0x35, 0x00,
    0x6E, 0x3E, 0xA7, 0xC7, 0x6C, 0x48, 0xFE, 0x67, 0x9B, 0xAA, 0xA6, 0x73, 0xA8, 0x63, 0xBA, 0xC8,
    0x41, 0x29, 0x3C, 0xFE, 0x84, 0x78, 0x8C, 0x0A, 0xFD, 0xDE, 0xB4, 0x45, 0xFF, 0x12, 0x55, 0x54,
    0x1C, 0x47, 0x10, 0x56, 0x4E, 0x36, 0x93, 0x48, 0xDC, 0xEF, 0x8C, 0xB1, 0xB4, 0x7C, 0xEB, 0xBA,
    0x48, 0x16, 0xA3, 0x51, 0xAE, 0x15, 0xEF, 0x37, 0xAD, 0x7C, 0xEB, 0x1E, 0xDD, 0xBA, 0x81, 0x3D,
    0xBC, 0x47, 0x1F, 0xC4, 0x68, 0xD0, 0x0D, 0xDD, 0x63, 0x58, 0x1A, 0xE6, 0x40, 0x31, 0xCC, 0x78,
    0x66, 0xCA, 0x50, 0x5C, 0xD2, 0x23, 0xD1, 0x68, 0xC4, 0xDD, 0x02, 0x0B, 0x02, 0x57, 0x9F, 0xA8,
    0x43, 0xDE, 0xE6, 0x4B, 0x61, 0xDF, 0x0A, 0x5E, 0xE7, 0x55, 0x2C, 0x2F, 0xC1, 0x82, 0xDA, 0xF6,
    0xE7, 0x0E, 0x1E, 0xE2, 0x0D, 0x90, 0x29, 0x5E, 0xBF, 0x20, 0x15, 0x0B, 0x64, 0xA0, 0x60, 0x8B,
    0x9C, 0x75, 0xC2, 0x7A, 0x5E, 0x90, 0xC6, 0x82, 0xE4, 0x00, 0xFC, 0x95, 0x10, 0x2E, 0xEB, 0xC6,
    0x4B, 0x5B, 0xE1, 0xB2, 0x2D, 0x35, 0x75, 0x5B, 0x6A, 0x99, 0xC3, 0x9D, 0x01, 0xF1, 0x05, 0x44,
    0xB5, 0x07, 0x91, 0x7F, 0x18, 0xA8, 0x08, 0x3A, 0x05, 0x3D, 0xFE, 0x6D, 0x72, 0xE5, 0x11, 0x2A,
    0x17, 0xA0, 0x33, 0xC6, 0x44, 0x63, 0x17, 0x70, 0xA3, 0x2C, 0x58, 0x88, 0xF3, 0x65, 0x8C, 0xF7,
    0x30, 0xA9, 0x89, 0x25, 0x30, 0x35, 0x14, 0x60, 0x46, 0xBC, 0x46, 0x3C, 0x26, 0xDE, 0x22, 0x8E,
    0xC0, 0xB0, 0x07, 0x56, 0x4C, 0x71, 0xC5, 0x16, 0x6E, 0x4F, 0x25, 0x70, 0x81, 0xDF, 0xA5, 0x17,
    0x7A, 0x0B, 0x78, 0x8F, 0x78, 0x8B, 0x78, 0xF4, 0x7D, 0xE2, 0x36, 0x26, 0xD1, 0x85, 0x73, 0xC5,
    0x48, 0xFE, 0xA1, 0xA2, 0xF1, 0x0A, 0x97, 0xF4, 0x92, 0xF1, 0x81, 0xC8, 0x3E, 0x77, 0x92, 0xF4,
    0x85, 0x87, 0xC1, 0x43, 0x3C, 0x16, 0xBF, 0x3C, 0x7D, 0x7B, 0x2C, 0x54, 0x75, 0x2C, 0x3E, 0x39,
    0x3F, 0xFF, 0x80, 0x73, 0xE6, 0x0E, 0xEC, 0x71, 0xC9, 0x6E, 0x5D, 0x0C, 0xAF, 0xC7, 0x93, 0x04,
    0x5D, 0xA8, 0x75, 0xD6, 0xDA, 0xBA, 0x61, 0x2B, 0xCF, 0x2B, 0x72, 0x71, 0x34, 0xFA, 0x1F, 0xD5,
    0x7F, 0xA6, 0xB3, 0xE5, 0xDB, 0xCD, 0x12, 0xE8, 0x18, 0x4D, 0x18, 0x68, 0x55, 0x89, 0xE0, 0x65,
    0xE7, 0x41, 0x0A, 0xCF, 0x41, 0x8F, 0xEA, 0x48, 0xBB, 0xA8, 0x45, 0x45, 0xA5, 0x5D, 0x02, 0xBB,
    0xBD, 0x4F, 0x3B, 0x9A, 0x31, 0x63, 0xDA, 0x1D, 0x83, 0x31, 0x85, 0x6C, 0x35, 0xCF, 0xA7, 0x42,
    0xD2, 0xAE, 0x72, 0x02, 0xAF, 0xB5, 0x43, 0x4F, 0xCE, 0x70, 0x3E, 0x06, 0x07, 0xAE, 0x1F, 0x31,
    0xCF, 0xF9, 0xFB, 0x4D, 0xD6, 0x6F, 0xE1, 0x32, 0x2F, 0x9E, 0x45, 0xEB, 0x64, 0x42, 0x5F, 0xAC,
    0xDA, 0xA6, 0x0F, 0x55, 0xCB, 0x7C, 0xD6, 0x3A, 0x52, 0xAD, 0x0F, 0x17, 0x79, 0xEB, 0x03, 0x0E,
    0x2F, 0x27, 0xF9, 0x6F, 0xCF, 0x06, 0xA9, 0xEA, 0x78, 0x92, 0x0A, 0xBD, 0xEE, 0x04, 0x70, 0x00,
    0x58, 0x1F, 0x3E, 0x8F, 0x06, 0x14, 0x1E, 0x96, 0xC8, 0xC2, 0x7E, 0x57, 0x63, 0xC1, 0x1D, 0x2E,
    0xC6, 0xA2, 0x1A, 0x7C, 0x53, 0xA4, 0x91, 0xDB, 0x50, 0x0D, 0xA0, 0xAA, 0xB1, 0x79, 0xF5, 0xE8,
    0xEE, 0x20, 0xB1, 0xE2, 0x8A, 0x57, 0xAE, 0xCB, 0x76, 0x54, 0x3A, 0xA4, 0xAA, 0x72, 0x55, 0x3B,
    0x1F, 0x86, 0x95, 0x50, 0x6D, 0xA1, 0x5B, 0x50, 0x92, 0x7D, 0x52, 0x52, 0x64, 0x94, 0x1A, 0x9D,
    0x14, 0xA4, 0x91, 0x14, 0x77, 0xA4, 0xAC, 0x26, 0xDD, 0x16, 0x90, 0x0E, 0x46, 0xAD, 0xD1, 0xA5,
    0x7B, 0x2A, 0x89, 0xE9, 0x21, 0x06, 0x37, 0x24, 0xBA, 0x6C, 0x79, 0x91, 0xA0, 0x96, 0x3B, 0x74,
    0xF3, 0x82, 0x11, 0xD4, 0x86, 0x13, 0xA8, 0x8F, 0x41, 0xB1, 0x36, 0x3D, 0xF3, 0x8D, 0x49, 0x68,
    0xFF, 0xF8, 0xA3, 0x2E, 0xD1, 0x96, 0xB1, 0x42, 0xBB, 0xAB, 0xB0, 0x0F, 0xEF, 0x84, 0x1C, 0x07,
    0x98, 0x1D, 0x3A, 0x60, 0x5A, 0x03, 0x73, 0x01, 0xDE, 0x03, 0x06, 0x3D, 0x30, 0x6E, 0xD9, 0xF3,
    0x3A, 0xE2, 0x80, 0xBF, 0x24, 0x13, 0x30, 0x5A, 0x80, 0xA2, 0x25, 0xD0, 0x4A, 0x57, 0x74, 0x40,
    0xF3, 0x5E, 0x62, 0x46, 0xA6, 0x42, 0x45, 0x2E, 0x44, 0x87, 0xCA, 0x23, 0xBB, 0x08, 0x7D, 0x6A,
    0x0C, 0xAD, 0x6D, 0xE6, 0x68, 0xD7, 0x99, 0x63, 0xFE, 0x74, 0x8C, 0x3F, 0x65, 0x16, 0x49, 0x0D,
    0xCB, 0xDD, 0xFC, 0x91, 0x13, 0xDF, 0x05, 0x86, 0xFC, 0xE8, 0xC4, 0xBD, 0x90, 0x1E, 0xD9, 0xA8,
    0x5A, 0xA9, 0x74, 0x3C, 0x78, 0xAC, 0xA1, 0x30, 0x80, 0xB4, 0xBF, 0xAA, 0x18, 0x40, 0xA8, 0x13,
    0x0C, 0xA0, 0x89, 0xB5, 0x2C, 0x95, 0xE7, 0xDF, 0x8F, 0x22, 0xFF, 0xDD, 0xFF, 0xFC, 0xFD, 0xE4,
    0x7F, 0x3C, 0xFF, 0xDD, 0x22, 0x21, 0xB8, 0x57, 0x89, 0xFE, 0x1A, 0xDC, 0x94, 0xF1, 0x47, 0xE0,
    0xCA, 0xA5, 0x6F, 0x80, 0x8B, 0x36, 0x8B, 0xC0, 0x59, 0x77, 0x8D, 0x9C, 0xF6, 0x47, 0xE4, 0x64,
    0xFC, 0x90, 0x1C, 0x4D, 0x03, 0x39, 0xD4, 0x9E, 0x1C, 0x68, 0x0B, 0x1E, 0x44, 0x1D, 0x1E, 0x43,
    0x1D, 0xA5, 0xAA, 0x13, 0x84, 0x5C, 0xEA, 0x42, 0x1A, 0xED, 0x2A, 0x6D, 0xAF, 0x89, 0x6A, 0xBF,
    0xDF, 0xAD, 0xAC, 0x57, 0x31, 0x98, 0xEB, 0xD8, 0xF0, 0xF5, 0x67, 0xA0, 0xFA, 0x63, 0x43, 0x58,
    0x2B, 0x9F, 0x79, 0x3E, 0xCE, 0xE1, 0xFD, 0x5B, 0xEB, 0x43, 0x5B, 0x17, 0x7A, 0x07, 0x63, 0x36,
    0xE3, 0x2A, 0xA7, 0xEF, 0x37, 0xCE, 0xB6, 0x0E, 0xB0, 0x1E, 0xC6, 0x23, 0xE6, 0x16, 0x0C, 0xF0,
    0x96, 0xAB, 0x2B, 0x76, 0xA7, 0x80, 0xA2, 0xCF, 0x8B, 0x58, 0xB3, 0x5A, 0x09, 0x19, 0xD6, 0x8B,
    0xB8, 0xA5, 0x1E, 0x33, 0xFE, 0x94, 0xD9, 0xB3, 0x3B, 0x35, 0xD2, 0x1D, 0x2F, 0x3F, 0xED, 0xC6,
    0x95, 0x60, 0xB9, 0x0A, 0x1C, 0xC3, 0x85, 0x76, 0x1D, 0x50, 0xBE, 0x60, 0x54, 0x59, 0x43, 0xE7,
    0xEA, 0x58, 0x1B, 0x0F, 0x2B, 0x1D, 0x32, 0x4C, 0xC4, 0xC1, 0x3B, 0xA5, 0x34, 0x53, 0x8A, 0xAE,
    0x8C, 0x55, 0xC9, 0x67, 0x7E, 0x08, 0xB5, 0x0E, 0xD4, 0xC1, 0xBE, 0x56, 0xF8, 0x01, 0x81, 0x62,
    0xCE, 0x58, 0x71, 0xD9, 0x30, 0x19, 0x82, 0xF9, 0x09, 0x5C, 0x0C, 0xB7, 0xF3, 0x0D, 0x33, 0x8F,
    0x35, 0x9F, 0xE3, 0x69, 0xA5, 0x71, 0xC1, 0xE2, 0x63, 0xD9, 0xBE, 0xB3, 0x57, 0x3A, 0x4B, 0x30,
    0x27, 0xDA, 0x79, 0x94, 0x53, 0x01, 0xCA, 0xA7, 0x63, 0xB8, 0x00, 0x63, 0xBD, 0xB3, 0x59, 0x50,
    0xF2, 0xCE, 0xF9, 0x07, 0xB2, 0xBD, 0x1D, 0x90, 0xE3, 0x5E, 0x78, 0x3B, 0x20, 0x9A, 0xCC, 0xD1,
    0xCA, 0xB1, 0x77, 0x9C, 0xC1, 0x62, 0xFB, 0xE7, 0xB6, 0x03, 0xF4, 0x3C, 0xD0, 0x7A, 0xC8, 0xB7,
    0x15, 0xB1, 0x4C, 0x26, 0x09, 0xDB, 0x48, 0xCB, 0xCC, 0x09, 0x17, 0x2A, 0x6B, 0xB8, 0xAD, 0xDD,
    0x18, 0x6D, 0x37, 0x90, 0xAA, 0x2C, 0x4E, 0x3C, 0xE4, 0xC7, 0x1E, 0xB2, 0x23, 0x0F, 0xE9, 0x9F,
    0x7B, 0x78, 0x49, 0x3C, 0xC8, 0x8B, 0x80, 0x3A, 0x86, 0xA6, 0x98, 0x88, 0xD8, 0xA1, 0xDA, 0x25,
    0x3A, 0x9E, 0xF1, 0xE9, 0x93, 0x78, 0x86, 0x7F, 0x1F, 0x01, 0xB9, 0x54, 0x1D, 0xB3, 0x71, 0x6F,
    0xD1, 0x0F, 0xF8, 0x90, 0x3D, 0x9F, 0xBE, 0x36, 0xE6, 0xBD, 0xAC, 0x8D, 0x3A, 0x14, 0x27, 0x72,
    0x68, 0x97, 0xC4, 0x63, 0x34, 0xA6, 0x25, 0xD6, 0xBF, 0x0C, 0x55, 0xB7, 0x5C, 0xE3, 0xBD, 0x8F,
    0x81, 0xD5, 0x3D, 0x60, 0x31, 0x02, 0xF3, 0x61, 0x17, 0x09, 0x4E, 0x3A, 0x60, 0xEC, 0xF6, 0x0D,
    0xD3, 0x5D, 0x90, 0xE2, 0x04, 0x10, 0x4C, 0x1E, 0xC2, 0xBB, 0xB8, 0x34, 0xD2, 0x9E, 0xC8, 0x13,
    0xEF, 0xCB, 0xDE, 0x11, 0xE8, 0x44, 0xBE, 0x6B, 0x14, 0x19, 0x85, 0x9F, 0x4D, 0x57, 0x16, 0x0C,
    0xD7, 0xD8, 0xBC, 0xCD, 0xEA, 0xD1, 0xD2, 0xC0, 0x79, 0x09, 0xA6, 0x18, 0x8F, 0xB8, 0x07, 0x13,
    0xF7, 0xDF, 0x82, 0x09, 0x5E, 0x60, 0xE7, 0xA9, 0xF0, 0x4D, 0xEE, 0x29, 0x6F, 0x0B, 0xE7, 0x29,
    0xEB, 0x8C, 0x7A, 0x52, 0xFA, 0x24, 0xD9, 0x29, 0xA4, 0xF5, 0xBA, 0xAC, 0xE7, 0x5D, 0xD2, 0x01,
    0xF7, 0x2C, 0x23, 0xA4, 0x80, 0x15, 0xEE, 0x3F, 0x4C, 0xC9, 0xC4, 0x46, 0xD1, 0xCE, 0x22, 0x91,
    0x8C, 0xBD, 0xCC, 0xCF, 0x5B, 0x86, 0x68, 0xB6, 0xA2, 0xAC, 0x5B, 0x4F, 0x56, 0x15, 0xE7, 0xE7,
    0x7F, 0x09, 0xB2, 0xDE, 0x34, 0xF1, 0x29, 0x83, 0x07, 0x7E, 0x3D, 0x13, 0xAD, 0x23, 0xC6, 0x4C,
    0xD0, 0x74, 0x59, 0x17, 0xB3, 0xE9, 0x52, 0x56, 0x19, 0x9D, 0x88, 0xE5, 0x43, 0x9A, 0x63, 0xFD,
    0xCE, 0x1B, 0xCE, 0x4C, 0x8F, 0xB2, 0x6E, 0x6F, 0x4B, 0xD8, 0x29, 0xDB, 0x8C, 0x2F, 0x3D, 0x71,
    0xEE, 0xE1, 0x86, 0x90, 0xDC, 0x13, 0xCC, 0xCD, 0x58, 0x4B, 0xCA, 0xBB, 0x7A, 0xE7, 0x4C, 0x07,
    0x86, 0xC3, 0x47, 0xE1, 0x61, 0xF3, 0xC1, 0x55, 0x76, 0x34, 0x8C, 0x5A, 0xFD, 0x72, 0xE6, 0x21,
    0x62, 0x48, 0x64, 0x9C, 0x6C, 0xA9, 0x88, 0xBB, 0x31, 0x2E, 0x86, 0x27, 0x7B, 0x78, 0x8D, 0xF8,
    0xDA, 0x0E, 0x77, 0xF5, 0x36, 0x66, 0x3A, 0xFB, 0x7A, 0x4B, 0xF4, 0x6F, 0x99, 0xE7, 0xF2, 0x39,
    0x66, 0xC1, 0x0D, 0x1B, 0x07, 0x51, 0x2C, 0x77, 0xD5, 0x82, 0xCC, 0x82, 0x95, 0xA1, 0x11, 0x1C,
    0x4F, 0xA2, 0x02, 0x30, 0x8D, 0x6D, 0x0F, 0x2C, 0x17, 0x3A, 0xEF, 0xDB, 0x49, 0x05, 0x3E, 0x23,
    0x2D, 0x92, 0x2E, 0xD7, 0x07, 0xA1, 0x0A, 0x3F, 0x48, 0x37, 0xF0, 0x9F, 0x19, 0x42, 0xFE, 0x70,
    0x22, 0x34, 0xA1, 0x17, 0xB1, 0xC9, 0xA1, 0x32, 0xD6, 0xF1, 0xAB, 0x56, 0x0A, 0x88, 0xAD, 0x14,
    0x53, 0xB5, 0x09, 0xB1, 0x23, 0xD9, 0x44, 0xB8, 0x09, 0xB9, 0x10, 0xF7, 0x36, 0x71, 0xEB, 0x09,
    0x71, 0x24, 0xFB, 0x87, 0x45, 0x51, 0x89, 0x0F, 0x3C, 0xD2, 0x38, 0x3C, 0x61, 0x0F, 0x38, 0x26,
    0x1E, 0x11, 0xFF, 0x9C, 0x28, 0x1B, 0x9E, 0xBF, 0x07, 0xA4, 0x4F, 0xA0, 0xA7, 0x55, 0x6F, 0xC6,
    0x23, 0x30, 0x9A, 0x81, 0x81, 0xE1, 0xB2, 0xC3, 0x70, 0x06, 0xF2, 0x1D, 0x20, 0xC6, 0xCC, 0x54,
    0xB5, 0x45, 0x92, 0x0F, 0xF7, 0x1A, 0x04, 0xD6, 0x27, 0xAC, 0xBA, 0x07, 0x12, 0x34, 0xB4, 0x74,
    0xAD, 0x84, 0x8B, 0xE7, 0x78, 0x34, 0x8E, 0x9E, 0xC1, 0xC8, 0x14, 0x59, 0xB5, 0x26, 0x9F, 0x36,
    0xBD, 0x7D, 0x9F, 0x8C, 0xC6, 0xD1, 0x74, 0x99, 0xC3, 0x79, 0xE5, 0xC7, 0xFE, 0x1E, 0x4F, 0xF6,
    0x68, 0x43, 0xDE, 0xA7, 0xE6, 0x2C, 0xFF, 0x8C, 0x56, 0x9D, 0x3E, 0x44, 0xFE, 0x2E, 0x32, 0x2B,
    0xC8, 0xA9, 0x84, 0xFA, 0x4C, 0x57, 0x1C, 0x99, 0x62, 0x8E, 0x98, 0x1D, 0xE6, 0x85, 0x09, 0x5D,
    0x8E, 0x12, 0xD8, 0xAF, 0x4C, 0x99, 0xC9, 0x22, 0x4D, 0x67, 0x51, 0x82, 0xB7, 0xDE, 0x13, 0x3A,
    0x5F, 0x70, 0xF0, 0xFA, 0x4B, 0x0E, 0x9E, 0xA8, 0x1C, 0x88, 0x34, 0xBB, 0xD5, 0xB4, 0x06, 0x38,
    0x1F, 0xF0, 0x6B, 0x9C, 0xED, 0xF2, 0xFF, 0xD9, 0xB9, 0x57, 0xFC, 0x82, 0x80, 0x93, 0xBF, 0x89,
    0xCB, 0x6E, 0x23, 0x73, 0xF7, 0x91, 0x6C, 0x85, 0xA8, 0x5E, 0xF1, 0xA8, 0x41, 0xE0, 0x70, 0xD9,
    0x0B, 0x83, 0x1C, 0xFE, 0x57, 0x8E, 0x90, 0x40, 0xB5, 0x13, 0x4C, 0x92, 0x0F, 0xDF, 0x46, 0xE3,
    0xC0, 0xDA, 0x53, 0x3A, 0x0D, 0x35, 0x92, 0x5C, 0xA4, 0xC1, 0xCC, 0xED, 0x59, 0xE9, 0x61, 0x2F,
    0x68, 0xEA, 0xAC, 0xF3, 0x3C, 0x0B, 0x23, 0x24, 0xA1, 0xB1, 0xEA, 0x3E, 0xF3, 0xEF, 0xFB, 0xBC,
    0xBB, 0x8E, 0xDC, 0xAE, 0xF7, 0x73, 0x17, 0xF7, 0x57, 0x40, 0x63, 0xF1, 0x30, 0x0E, 0x87, 0x21,
    0x5E, 0xEE, 0x0E, 0xC8, 0x9F, 0x34, 0x5A, 0xEF, 0x6F, 0x50, 0xDB, 0xB2, 0x83, 0xA2, 0x73, 0xA7,
    0x37, 0x54, 0xB3, 0x4C, 0x61, 0xE7, 0xC6, 0x23, 0x71, 0xD8, 0xE1, 0x66, 0xFF, 0x02, 0x03, 0xAD,
    0x3D, 0xA2, 0xD6, 0x3C, 0x26, 0x44, 0x78, 0xE8, 0xC8, 0x16, 0xB0, 0x70, 0xC0, 0xA6, 0xE6, 0x99,
    0xBC, 0x6A, 0x06, 0x22, 0x4E, 0x36, 0x08, 0x7D, 0xF2, 0x7A, 0x29, 0x23, 0xA4, 0xCB, 0x0A, 0x2C,
    0xDC, 0x16, 0x6D, 0x88, 0x87, 0xCD, 0x62, 0x90, 0x77, 0xF7, 0xF7, 0x32, 0xFE, 0x60, 0xF1, 0x8D,
    0x97, 0xE5, 0x5F, 0x88, 0x2C, 0xC8, 0x91, 0x72, 0x48, 0x06, 0x1E, 0x6E, 0x0B, 0xA7, 0xC5, 0x3F,
    0x74, 0xD6, 0x78, 0xE8, 0x0C, 0x3C, 0x23, 0x86, 0xC4, 0x80, 0xF8, 0xE6, 0x82, 0xA7, 0xE0, 0x94,
    0xE3, 0xEF, 0x1D, 0x3D, 0xFF, 0xD1, 0xE3, 0x56, 0x73, 0xF8, 0xA8, 0xF4, 0x98, 0x6B, 0xEF, 0xB1,
    0x69, 0x10, 0xE3, 0xEB, 0xA2, 0x85, 0x4B, 0x98, 0x7A, 0x14, 0x69, 0x0C, 0x4B, 0x7B, 0xF2, 0x2E,
    0x98, 0x5F, 0x08, 0x79, 0x6D, 0xA4, 0xC0, 0xBB, 0x3A, 0x7A, 0x54, 0x9D, 0x6C, 0xEC, 0x5D, 0xC6,
    0xC7, 0x57, 0x52, 0x59, 0x76, 0x93, 0x74, 0x36, 0xF0, 0xCB, 0x16, 0x78, 0x03, 0x70, 0x40, 0xFF,
    0xAC, 0x67, 0x75, 0x6D, 0x17, 0x4F, 0xDB, 0x53, 0x19, 0x71, 0x2D, 0xBB, 0xE3, 0x1F, 0x37, 0x64,
    0xF8, 0x02, 0xCE, 0x86, 0xEF, 0x08, 0xA5, 0x14, 0x18, 0x06, 0xBE, 0x23, 0x94, 0x2F, 0xE2, 0x6C,
    0x7C, 0xE3, 0x3D, 0xC1, 0x60, 0x4A, 0xFD, 0x5C, 0x97, 0xD7, 0xD1, 0x50, 0x48, 0xE8, 0x7F, 0x82,
    0xBE, 0x28, 0x85, 0x69, 0xE5, 0xA3, 0x48, 0xAA, 0xB5, 0x84, 0x3A, 0x5A, 0x0C, 0x2B, 0xD6, 0xDE,
    0x8B, 0x51, 0x24, 0x9E, 0xFE, 0x44, 0x82, 0xF9, 0x48, 0x64, 0xBE, 0x2D, 0x32, 0x55, 0x12, 0x4C,
    0x45, 0x19, 0x0D, 0xF9, 0xA3, 0xA6, 0x8B, 0x75, 0x29, 0xB7, 0x79, 0xED, 0xA7, 0xE8, 0x05, 0xF6,
    0x91, 0xEF, 0x5F, 0xAE, 0xD5, 0x45, 0xAE, 0x72, 0xD9, 0x97, 0xE7, 0xFF, 0xA8, 0x84, 0x30, 0x2D,
    0x1F, 0xAE, 0xEF, 0x48, 0x06, 0x63, 0xF3, 0xFA, 0xD4, 0xBC, 0x31, 0x57, 0xAF, 0x4F, 0xD7, 0xE4,
    0x27, 0x5F, 0xEC, 0xCD, 0x25, 0xE7, 0xE3, 0x63, 0xFC, 0x5C, 0x36, 0x0A, 0x25, 0xD3, 0xFA, 0x25,
    0xAD, 0x31, 0xBF, 0x17, 0x9F, 0xEF, 0x53, 0x95, 0xD2, 0xAC, 0x4B, 0xF5, 0xCD, 0x51, 0xB4, 0xB5,
    0xEE, 0xB9, 0x17, 0xFE, 0xE9, 0x31, 0x32, 0x55, 0xE9, 0x95, 0xC6, 0xAD, 0xF9, 0x34, 0x91, 0x8B,
    0xC6, 0xE7, 0xE1, 0xD8, 0x45, 0xCB, 0xF9, 0x75, 0xB2, 0xEA, 0x42, 0x9E, 0xDF, 0x54, 0x27, 0x09,
    0x96, 0x6A, 0x6C, 0x59, 0x80, 0x53, 0x3C, 0x4C, 0x63, 0x9C, 0x89, 0xE7, 0xA4, 0x97, 0x5C, 0xEC,
    0xF7, 0x77, 0x8D, 0x2D, 0x86, 0x9F, 0x75, 0x3A, 0xF1, 0x0D, 0x1A, 0xD7, 0xF4, 0x41, 0xC3, 0x9D,
    0xE7, 0x36, 0x60, 0x64, 0xEA, 0xE0, 0xC9, 0x98, 0x1E, 0x43, 0x1F, 0x34, 0xF4, 0xFF, 0xD6, 0x56,
    0x6B, 0xF4, 0x72, 0xAB, 0xE1, 0xE7, 0x60, 0xC5, 0x3B, 0xBB, 0x60, 0x1E, 0xA5, 0xE8, 0xF9, 0xB9,
    0x9E, 0x6B, 0x6F, 0xDF, 0x27, 0x93, 0x71, 0x34, 0x1B, 0x07, 0xCB, 0xD3, 0x19, 0x31, 0x2D, 0x33,
    0x7F, 0x42, 0xA5, 0x01, 0x34, 0x9E, 0x69, 0x97, 0xA9, 0x6A, 0xC7, 0xFC, 0x61, 0xC4, 0xF1, 0xD0,
    0x05, 0x78, 0x46, 0x0C, 0x89, 0x01, 0xF1, 0x74, 0x9B, 0xFC, 0x06, 0x9B, 0xFC, 0x2C, 0x7F, 0x3B,
    0xC4, 0xE4, 0x27, 0x9C, 0xFC, 0x84, 0x93, 0x9F, 0x70, 0xF2, 0x13, 0x4C, 0x7E, 0x3B, 0x27, 0x80,
    0x2B, 0xF6, 0x8B, 0xE3, 0xDE, 0xE4, 0xE7, 0x38, 0xF9, 0x3D, 0xE4, 0xE4, 0xB7, 0x33, 0x1A, 0x2A,
    0x07, 0xD4, 0xDD, 0x4C, 0x17, 0xED, 0x6D, 0xEF, 0x5C, 0xEE, 0xB2, 0xF2, 0xC7, 0x11, 0xD8, 0xE4,
    0xCC, 0xBB, 0x59, 0xD1, 0x68, 0x24, 0x1E, 0x8D, 0x51, 0x5E, 0xEF, 0x3F, 0x2A, 0x84, 0xD4, 0xBF,
    0x3A, 0x51, 0xE3, 0x43, 0x09, 0x31, 0x73, 0x97, 0x68, 0x81, 0x82, 0xEF, 0xEB, 0xE5, 0xDC, 0x98,
    0x4F, 0x17, 0xBE, 0x9F, 0xDF, 0x2C, 0xB2, 0x7F, 0x7C, 0x4D, 0x82, 0x2E, 0xFB, 0x1E, 0x7D, 0xF8,
    0xE5, 0x7A, 0xF4, 0x65, 0x08, 0x74, 0xF4, 0xCB, 0x1E, 0x6E, 0x1E, 0x7D, 0x35, 0xEF, 0x95, 0x88,
    0x18, 0x77, 0xC0, 0xA8, 0x25, 0xBA, 0x1D, 0xB2, 0x40, 0x7F, 0x89, 0x95, 0x1F, 0x94, 0x60, 0x01,
    0x1C, 0x24, 0x56, 0x3E, 0x7A, 0x99, 0x4E, 0xF8, 0xC3, 0xBF, 0xD7, 0x0E, 0x7D, 0x96, 0xDB, 0xD6,
    0xBD, 0xB0, 0x1D, 0x9C, 0x64, 0x23, 0x9B, 0x3B, 0xE3, 0x49, 0x8C, 0x37, 0x3A, 0x41, 0x43, 0x69,
    0x09, 0x15, 0x31, 0x98, 0x0A, 0x65, 0x7D, 0x10, 0x0A, 0x27, 0x15, 0x2D, 0xC7, 0x92, 0x96, 0x9C,
    0x65, 0x4B, 0x9E, 0x54, 0x60, 0x7E, 0xE5, 0x49, 0x0D, 0x66, 0x58, 0xDE, 0x5D, 0x07, 0x39, 0x81,
    0x6A, 0x83, 0x5F, 0x8F, 0x72, 0xCC, 0xE5, 0x3A, 0xFA, 0xB9, 0x3D, 0xCE, 0x98, 0xF5, 0xF1, 0x47,
    0x93, 0x0C, 0x2C, 0x5D, 0xFA, 0xC6, 0x2C, 0x3D, 0xD4, 0x90, 0x86, 0x4B, 0xD8, 0xA1, 0xAC, 0xE3,
    0xB7, 0x02, 0x65, 0xC1, 0xE2, 0xF1, 0x48, 0x34, 0xA9, 0x19, 0xBC, 0xF9, 0x89, 0xE8, 0x77, 0x05,
    0x6A, 0xEE, 0xA5, 0xF9, 0x77, 0x50, 0xA1, 0x76, 0x0C, 0xCE, 0x8B, 0x15, 0x6B, 0x80, 0x12, 0x65,
    0x66, 0xA8, 0x98, 0x55, 0xB6, 0xA9, 0x0D, 0xBE, 0xC0, 0x1C, 0x91, 0xB2, 0xE0, 0xBE, 0x5B, 0xDE,
    0xEA, 0x28, 0x05, 0xAA, 0xE3, 0x4F, 0x67, 0xA1, 0xFD, 0x09, 0x43, 0xBC, 0x95, 0xA8, 0xE7, 0xD3,
    0x00, 0xE0, 0xA2, 0x4E, 0x8C, 0x5D, 0xC4, 0xD7, 0xD2, 0x32, 0x2C, 0x51, 0x51, 0x8B, 0x8D, 0xB4,
    0x49, 0x62, 0x5E, 0x32, 0x8B, 0xCF, 0x5E, 0x3C, 0x84, 0x8A, 0x9A, 0x88, 0xC6, 0x48, 0x25, 0x43,
    0x4F, 0x8D, 0x9B, 0xF2, 0x18, 0x46, 0x64, 0x5A, 0xD4, 0x28, 0xEF, 0xF2, 0x5A, 0xEE, 0x90, 0x3D,
    0xFD, 0x66, 0xF6, 0x0B, 0x64, 0xAE, 0xF9, 0x7E, 0xFA, 0x37, 0xB4, 0x62, 0x86, 0x54, 0x4B, 0x70,
    0x1F, 0x2F, 0xEC, 0x9F, 0xEB, 0x1A, 0x98, 0xB9, 0xA8, 0xB7, 0xF7, 0xB8, 0x6D, 0x1C, 0x2D, 0xA0,
    0x9B, 0xFA, 0xB1, 0x95, 0xDA, 0x9A, 0x7B, 0x25, 0x7C, 0xE5, 0xDD, 0x32, 0x45, 0x34, 0xB7, 0x30,
    0x4F, 0xBE, 0x38, 0xD5, 0x37, 0x3D, 0x1D, 0xF9, 0xEF, 0x6E, 0x19, 0x1D, 0x6D, 0x67, 0xEE, 0x48,
    0xCF, 0xEF, 0x90, 0x54, 0x6B, 0xD0, 0x41, 0x35, 0xF0, 0xBB, 0x78, 0x26, 0x05, 0x4A, 0x12, 0x2D,
    0x49, 0x4D, 0x4D, 0xAA, 0xDC, 0x3E, 0x35, 0xB5, 0x51, 0x49, 0xB2, 0x0B, 0xF8, 0x9C, 0xC4, 0x82,
    0x8E, 0x25, 0x77, 0xED, 0x89, 0x5D, 0xDD, 0xF3, 0xC8, 0x0B, 0x16, 0xF6, 0x2A, 0x51, 0x0C, 0xAB,
    0xE7, 0xC5, 0x42, 0xB5, 0x37, 0x7C, 0xDE, 0xAB, 0xF4, 0x51, 0x09, 0xD4, 0x09, 0x7F, 0x39, 0xD4,
    0xD2, 0xA3, 0x54, 0x0E, 0x58, 0x10, 0xF3, 0xD6, 0x70, 0xFB, 0x0B, 0xBF, 0xD5, 0x32, 0xC0, 0xD4,
    0x8B, 0xAB, 0x8A, 0xED, 0x55, 0x59, 0xD8, 0xAD, 0x77, 0xE0, 0x5B, 0xE0, 0x76, 0x8B, 0xE0, 0xB1,
    0xDD, 0x90, 0x8F, 0xEA, 0x68, 0x2D, 0xE9, 0x80, 0x4E, 0xA6, 0xBC, 0x03, 0xDF, 0xCC, 0xC5, 0x27,
    0xA5, 0xB0, 0xF1, 0xC4, 0x27, 0x5F, 0xCC, 0xAD, 0xB6, 0xB6, 0xDD, 0x17, 0xF1, 0x26, 0x92, 0xF1,
    0x31, 0xA1, 0x38, 0x2E, 0x44, 0x89, 0xAF, 0x52, 0x7E, 0xB5, 0x2F, 0x92, 0x69, 0x13, 0x4F, 0xDC,
    0x30, 0x9A, 0x37, 0xB1, 0xAC, 0x22, 0xD4, 0x55, 0x20, 0xDB, 0x26, 0xE0, 0xCB, 0x5B, 0xE6, 0x07,
    0xEE, 0xC0, 0x39, 0x49, 0x97, 0x7F, 0x53, 0x39, 0x18, 0xEC, 0xA1, 0xAA, 0xB2, 0xC8, 0x5C, 0xE0,
    0xEC, 0x38, 0x5D, 0xF9, 0x9D, 0x3B, 0xA8, 0x1B, 0xF8, 0xF7, 0xF4, 0xB5, 0x8A, 0x8F, 0xF9, 0xAE,
    0x86, 0xBD, 0xD0, 0x51, 0x95, 0x21, 0x62, 0xC3, 0x9E, 0xE9, 0x06, 0x7B, 0x8E, 0x07, 0x0C, 0x11,
    0x86, 0x05, 0x44, 0xC0, 0xBD, 0x71, 0x6A, 0x6C, 0x31, 0x34, 0xE3, 0x89, 0x7F, 0xFF, 0x2D, 0x7A,
    0xBD, 0x7D, 0xBF, 0x7F, 0x7E, 0x3C, 0x18, 0x47, 0x23, 0x99, 0x95, 0xF8, 0x2F, 0x3D, 0xA3, 0xAB,
    0xF6, 0x02, 0x07, 0xFD, 0xC1, 0x15, 0xBF, 0xF2, 0x2F, 0x7C, 0xE9, 0x05, 0xF9, 0x8B, 0x2F, 0xBF,
    0x80, 0xF7, 0x32, 0xB5, 0x6C, 0xDD, 0x9F, 0x14, 0x6E, 0x8F, 0xB2, 0xD7, 0xA0, 0xF8, 0x37, 0xB6,
    0x54, 0xDC, 0x6C, 0x49, 0x96, 0x81, 0x6B, 0x96, 0xEF, 0xE3, 0x78, 0x04, 0xDD, 0xB2, 0xA6, 0x1B,
    0x6D, 0x69, 0x1F, 0x56, 0x27, 0x47, 0x41, 0x91, 0x0D, 0xA5, 0xF8, 0xAF, 0xA7, 0x0A, 0x0B, 0xD7,
    0x47, 0x13, 0xDF, 0x8B, 0x7F, 0x63, 0x82, 0xA3, 0x9A, 0x45, 0x53, 0xDA, 0xF3, 0xE5, 0xFA, 0x64,
    0xE4, 0xCB, 0xF5, 0x7C, 0x21, 0xDE, 0xD3, 0x2C, 0x32, 0x46, 0x13, 0x06, 0x5C, 0x1F, 0x4D, 0xB0,
    0xEB, 0x3C, 0xA1, 0xD1, 0x40, 0x95, 0x4B, 0xF9, 0x5B, 0xDB, 0x2C, 0xFE, 0x3A, 0x9D, 0x54, 0xFD,
    0x5D, 0x94, 0x09, 0xEF, 0xA2, 0xD6, 0xF9, 0x5E, 0xEC, 0xFA, 0xBF, 0x4D, 0xC0, 0x61, 0xA6, 0x75,
    0xD1, 0x70, 0xA1, 0xA8, 0x4A, 0xC6, 0xB1, 0x6B, 0xEC, 0x95, 0xE6, 0x6E, 0x7B, 0x38, 0x28, 0xE7,
    0x28, 0x3A, 0x2A, 0xBE, 0x33, 0xF8, 0x12, 0x15, 0x6F, 0x4C, 0x22, 0x43, 0xF1, 0xBA, 0xC7, 0xBE,
    0x28, 0x17, 0x09, 0xBB, 0xA2, 0x54, 0x89, 0x5C, 0x51, 0xFA, 0xBA, 0xF7, 0x58, 0xB8, 0x0C, 0xBA,
    0x6B, 0xFA, 0xE2, 0xDB, 0x3A, 0x69, 0x5F, 0xBC, 0x6E, 0xEF, 0x4E, 0xB1, 0x53, 0x8B, 0xF5, 0x11,
    0x41, 0x0A, 0x18, 0x18, 0x9B, 0x7B, 0x66, 0x7D, 0xAC, 0x69, 0x29, 0x4B, 0x40, 0xBF, 0x3D, 0x58,
    0x17, 0xFC, 0xEE, 0x42, 0x86, 0xFF, 0x77, 0xDC, 0x64, 0xF4, 0xD1, 0xB4, 0xC9, 0xF8, 0x67, 0xF3,
    0x26, 0xD3, 0x5A, 0x37, 0x99, 0xC9, 0x85, 0xCC, 0xB7, 0xD0, 0x93, 0x3D, 0x99, 0x09, 0xA9, 0x3C,
    0xDA, 0x9D, 0xEC, 0xEC, 0x84, 0x60, 0xD0, 0xB4, 0x37, 0x19, 0xF6, 0x4D, 0x32, 0x98, 0x8C, 0xBA,
    0x26, 0x9A, 0x4C, 0xC6, 0xAE, 0x89, 0x66, 0x93, 0x89, 0x6B, 0x82, 0xC5, 0x64, 0x5A, 0x36, 0xA2,
    0x26, 0x33, 0x69, 0x3C, 0x51, 0x9E, 0x78, 0x59, 0x39, 0xCA, 0x63, 0x2F, 0x0B, 0x93, 0xF7, 0xBC,
    0xCC, 0x3B, 0x16, 0x73, 0xF2, 0x32, 0xE3, 0xB3, 0x61, 0x11, 0x64, 0x3E, 0xC2, 0xF7, 0xCD, 0xB5,
    0x6E, 0x42, 0xD5, 0xB2, 0x51, 0x2D, 0xB4, 0x6D, 0x22, 0x2F, 0xF7, 0xE3, 0xA4, 0xB4, 0x86, 0x38,
    0x8E, 0x22, 0x2B, 0xA0, 0x93, 0x44, 0xD7, 0x59, 0x2C, 0xAD, 0x6A, 0x13, 0x59, 0xE6, 0x4C, 0x9C,
    0xA4, 0xAD, 0x89, 0x5B, 0x69, 0x6F, 0xE2, 0xC3, 0x78, 0x30, 0x81, 0xC8, 0xE4, 0x6E, 0x1C, 0x99,
    0x58, 0x6C, 0xE4, 0xFC, 0xBC, 0x57, 0x8A, 0xF4, 0x3B, 0x7D, 0x55, 0x52, 0xC4, 0x7D, 0xE1, 0x20,
    0xAE, 0xC5, 0x7D, 0x4E, 0x71, 0x14, 0xF7, 0x69, 0x07, 0xF1, 0xA1, 0x17, 0x3D, 0xC4, 0x18, 0xF7,
    0xE8, 0xAC, 0xFA, 0x3A, 0xC4, 0x24, 0x57, 0xF5, 0xBB, 0x8B, 0xBF, 0x4A, 0xEB, 0x42, 0x6F, 0x2A,
    0xC5, 0xF6, 0x2F, 0xA2, 0xF6, 0xC7, 0x30, 0xB9, 0xF8, 0xF8, 0xF4, 0xF4, 0x2F, 0x7A, 0xB3, 0x5C,
    0x92, 0xD6, 0x42, 0xAD, 0x59, 0x6D, 0xF6, 0xF0, 0x89, 0x6C, 0xEF, 0xC8, 0xB3, 0xD7, 0x84, 0x3D,
    0x38, 0x6B, 0xE3, 0xD6, 0x8C, 0x9C, 0xB4, 0x06, 0x47, 0x53, 0xB1, 0xAE, 0x55, 0xF7, 0xC8, 0xAF,
    0xEA, 0xB2, 0x2D, 0x56, 0x0C, 0xDD, 0xCE, 0xD9, 0xFF, 0xD2, 0x1A, 0x16, 0x43, 0xD6, 0xA2, 0x18,
    0x59, 0x9F, 0xB5, 0x18, 0x6C, 0x79, 0x9B, 0xB5, 0xF6, 0xE4, 0x4B, 0xD6, 0xB2, 0x0C, 0x9E, 0x93,
    0x81, 0x4F, 0x38, 0xB6, 0x16, 0x4B, 0xE6, 0x02, 0x1E, 0x90, 0x11, 0x0D, 0xF7, 0xEC, 0xC1, 0xB6,
    0x97, 0xE9, 0x7B, 0x15, 0x98, 0x48, 0x9A, 0xE1, 0x50, 0xB5, 0x2E, 0x46, 0xAD, 0x13, 0x55, 0x67,
    0x53, 0xEB, 0x36, 0x27, 0x2F, 0x17, 0x54, 0xB4, 0x34, 0x21, 0xD3, 0x8E, 0x5E, 0x09, 0x26, 0x39,
    0xC7, 0xD8, 0x51, 0xCE, 0x53, 0xE5, 0x36, 0x28, 0xFF, 0x99, 0xD9, 0xA4, 0xBF, 0xEB, 0x2C, 0xF7,
    0x4B, 0x49, 0x8B, 0xB9, 0xE9, 0x70, 0xF9, 0x82, 0xDA, 0xAD, 0xEA, 0x85, 0x0F, 0x45, 0x5A, 0x84,
    0x53, 0x65, 0xB1, 0x50, 0xF7, 0x62, 0x8B, 0xC4, 0x82, 0xE8, 0x2C, 0x88, 0x1B, 0x6A, 0x98, 0x5F,
    0x9B, 0xFE, 0x8A, 0x76, 0xE9, 0xAC, 0x75, 0xA6, 0x7D, 0xB8, 0xD8, 0x2B, 0x8C, 0xDB, 0xCB, 0xA9,
    0x0C, 0x81, 0xEB, 0xCC, 0x61, 0x68, 0x92, 0xC3, 0xD0, 0xCF, 0xA7, 0xA7, 0x30, 0x07, 0xB4, 0x64,
    0x43, 0x44, 0xBD, 0x8D, 0x86, 0x99, 0x6D, 0x03, 0x29, 0xCA, 0xE6, 0xA1, 0x84, 0x3D, 0x24, 0x94,
    0xA8, 0x93, 0x69, 0x95, 0xC9, 0x10, 0x0E, 0xAB, 0x8C, 0xA6, 0xB8, 0x5D, 0xA5, 0x68, 0x5A, 0x6F,
    0xB2, 0x6A, 0x64, 0x37, 0xF6, 0x3E, 0xD8, 0x49, 0x2D, 0x2D, 0x35, 0xFD, 0xCE, 0x50, 0x31, 0x35,
    0xDC, 0x60, 0xC8, 0x7A, 0xCA, 0x78, 0x8C, 0x87, 0x74, 0xA0, 0x4C, 0x87, 0x78, 0x88, 0x47, 0x93,
    0x7D, 0x3C, 0x44, 0x13, 0x65, 0xD6, 0x79, 0x39, 0x53, 0x16, 0x6D, 0x3C, 0x84, 0x8B, 0x49, 0x17,
    0x0F, 0xA2, 0x94, 0x15, 0x65, 0x09, 0xD9, 0xD4, 0xF1, 0xE0, 0x01, 0xBF, 0xD9, 0x0B, 0xFA, 0x0E,
    0xC3, 0x50, 0x61, 0xD9, 0x16, 0x1D, 0x86, 0xE1, 0x14, 0xAA, 0xDE, 0xC9, 0x16, 0x0C, 0xC3, 0x2E,
    0x52, 0xED, 0x42, 0x95, 0xFD, 0x71, 0x98, 0x22, 0xB7, 0x0E, 0x03, 0xD1, 0x14, 0x46, 0x62, 0x3C,
    0xD2, 0x70, 0xE4, 0xA2, 0x86, 0xAE, 0x0B, 0xC5, 0xCE, 0x4B, 0xC5, 0x27, 0x1F, 0x4D, 0xA5, 0x5D,
    0xE2, 0x4C, 0xC5, 0x43, 0x2E, 0xA6, 0x82, 0x89, 0x7D, 0xC0, 0xC6, 0xE1, 0x9D, 0x4D, 0xA9, 0x5D,
    0x1B, 0xCD, 0xD9, 0xCF, 0x94, 0x2A, 0x19, 0x32, 0x57, 0xD5, 0xB6, 0xE0, 0x65, 0xCE, 0x46, 0x65,
    0xDE, 0x22, 0x1A, 0x06, 0x85, 0xC9, 0xD7, 0x86, 0x63, 0x55, 0x7B, 0x35, 0x40, 0x69, 0x99, 0xB5,
    0xC8, 0x99, 0x7E, 0x5B, 0x61, 0x52, 0xCF, 0x18, 0x9A, 0x73, 0xA8, 0x4B, 0xC0, 0xB1, 0xF9, 0x20,
    0x52, 0x95, 0xB3, 0x56, 0x7E, 0x24, 0xAF, 0x8A, 0xDC, 0xC6, 0x74, 0x92, 0xBF, 0xFE, 0xA8, 0x96,
    0xF4, 0x57, 0xF0, 0xA3, 0xD0, 0x1C, 0x7F, 0xEA, 0x21, 0x44, 0xE7, 0x48, 0xE7, 0x37, 0xFD, 0x15,
    0xAD, 0x14, 0x5D, 0xE5, 0xBF, 0xC7, 0x82, 0x91, 0x8C, 0x15, 0x20, 0x07, 0x88, 0x81, 0xB9, 0x1F,
    0x99, 0x3D, 0x4E, 0x6B, 0x36, 0xE1, 0x9F, 0x35, 0xD8, 0xD5, 0x51, 0x0F, 0xAF, 0xBC, 0xAD, 0x9C,
    0xA0, 0x76, 0xFF, 0x04, 0x70, 0xA2, 0x81, 0xFE, 0x24, 0xF0, 0x8B, 0x14, 0x80, 0x05, 0xEB, 0x1B,
    0xBA, 0x3D, 0x36, 0xBB, 0x5C, 0x37, 0xBF, 0xCD, 0x02, 0x95, 0x2B, 0xBC, 0xFA, 0x00, 0xCF, 0x3A,
    0xCC, 0x39, 0xDA, 0x2A, 0x56, 0xFD, 0x58, 0xF1, 0x94, 0xD8, 0xDE, 0x16, 0x53, 0xEC, 0xC2, 0x49,
    0xC2, 0x21, 0x9D, 0x45, 0x7E, 0x9A, 0xA3, 0xD3, 0xDE, 0x13, 0x0B, 0xE4, 0xC5, 0x68, 0xB7, 0xEC,
    0xE1, 0x4D, 0x38, 0xB9, 0x08, 0x2E, 0x96, 0x1C, 0x8F, 0x1E, 0x0E, 0x00, 0xDB, 0x63, 0x6B, 0xE3,
    0x5A, 0x20, 0xD5, 0x12, 0x70, 0xC7, 0x4A, 0xBA, 0x59, 0xC6, 0x0A, 0x68, 0x2E, 0x40, 0xB7, 0x2F,
    0x30, 0x0F, 0xBC, 0xA5, 0x1D, 0xF2, 0x8C, 0x19, 0x6E, 0xFB, 0xFE, 0xBE, 0x41, 0x70, 0x1F, 0x0F,
    0x18, 0xD3, 0xEE, 0x50, 0x17, 0xEB, 0xC7, 0xEC, 0x0E, 0xA1, 0xBC, 0x72, 0xC3, 0xDB, 0xF0, 0xE5,
    0x01, 0xDE, 0x92, 0x12, 0xC5, 0xB7, 0xFC, 0xB7, 0x31, 0x4B, 0x59, 0xD0, 0xAF, 0x4F, 0x18, 0xA7,
    0x12, 0x95, 0x18, 0x19, 0xFE, 0x12, 0x44, 0x53, 0x7A, 0x81, 0xCE, 0xB5, 0x8D, 0x13, 0x0E, 0x23,
    0xDA, 0x3E, 0x1C, 0x70, 0xAC, 0x0E, 0xFD, 0xAB, 0x47, 0xB6, 0x19, 0x7E, 0x66, 0x13, 0x14, 0x56,
    0xA3, 0xCD, 0x62, 0x8F, 0x87, 0xCF, 0x16, 0xC9, 0x68, 0x6C, 0xCD, 0xBB, 0x7B, 0x57, 0x97, 0x16,
    0x51, 0x2F, 0xFB, 0x47, 0xFA, 0xC2, 0xF4, 0xB2, 0x54, 0xEA, 0x09, 0x06, 0xA7, 0xA4, 0x01, 0xC7,
    0x78, 0x8A, 0x92, 0x81, 0x72, 0x27, 0x8D, 0xA7, 0xD4, 0x28, 0x31, 0x8A, 0x8D, 0xA2, 0xF6, 0x69,
    0xE4, 0xF6, 0x29, 0x36, 0x4A, 0x6A, 0x52, 0x5A, 0x62, 0x24, 0x4A, 0xC6, 0x1D, 0x1A, 0x0C, 0xF9,
    0xBC, 0x4F, 0x39, 0xCF, 0x2F, 0x37, 0x6F, 0xF6, 0x2C, 0x92, 0xB2, 0x97, 0xAA, 0x55, 0xD1, 0xCD,
    0xF2, 0x73, 0x15, 0xEC, 0x25, 0xC0, 0xEE, 0xFD, 0xEC, 0xC1, 0x53, 0xFE, 0xE8, 0x6D, 0x35, 0xFB,
    0xA9, 0x72, 0x1C, 0x3B, 0x7C, 0x31, 0xF1, 0x69, 0xEF, 0x67, 0x33, 0x70, 0xB5, 0xDA, 0x3F, 0xE5,
    0x63, 0xEF, 0x67, 0xFF, 0x27, 0x2D, 0x41, 0xB8, 0x65, 0xE3, 0xF4, 0x41, 0xA6, 0xBF, 0x51, 0xA7,
    0x75, 0xD0, 0x68, 0xE3, 0xFC, 0x29, 0x87, 0x1F, 0x3C, 0xD7, 0xFB, 0xD9, 0x18, 0x24, 0x7C, 0xB2,
    0x99, 0xA9, 0xC7, 0xD3, 0xE5, 0xF7, 0xB3, 0x5B, 0xC1, 0xB5, 0x99, 0x32, 0xF6, 0xC3, 0x6D, 0x3D,
    0xB0, 0x6D, 0x40, 0xA0, 0x40, 0x08, 0x89, 0x45, 0xFA, 0x5F, 0x18, 0x30, 0xAB, 0xEA, 0x6C, 0x7D,
    0xF6, 0x3B, 0xED, 0x8A, 0x5A, 0x92, 0x9E, 0x33, 0x65, 0x23, 0x80, 0xB3, 0x3A, 0x1A, 0x55, 0xE7,
    0x9B, 0xA3, 0xBE, 0xAF, 0x3A, 0xAA, 0x5C, 0xF9, 0x9B, 0xB1, 0xC1, 0x28, 0xE5, 0xB7, 0x55, 0x89,
    0x7D, 0x21, 0x4C, 0x4F, 0x39, 0xAE, 0x4D, 0x3B, 0xC9, 0x1D, 0x1F, 0x3C, 0x0F, 0xF4, 0xEE, 0x2C,
    0x92, 0x33, 0x55, 0x9F, 0x26, 0xED, 0x90, 0xE0, 0x3A, 0xA7, 0xD7, 0x74, 0x3A, 0xD3, 0xF7, 0x44,
    0x8A, 0x25, 0xA2, 0x09, 0xF7, 0x53, 0xE4, 0x58, 0xA6, 0x3F, 0x09, 0xD4, 0x76, 0x40, 0x3C, 0x45,
    0xDC, 0x7A, 0x63, 0x1C, 0xA5, 0x72, 0x5C, 0xB8, 0x91, 0xB3, 0x5A, 0x24, 0x67, 0x40, 0xC3, 0xA2,
    0xC5, 0xA4, 0xDC, 0x3A, 0xF8, 0xB1, 0xB0, 0x0A, 0x8E, 0x8C, 0x6E, 0xD9, 0x9C, 0x30, 0xDA, 0xFC,
    0x30, 0x90, 0x02, 0xF3, 0x52, 0x7E, 0xD0, 0x81, 0x8A, 0x8F, 0x5A, 0x50, 0xFE, 0x91, 0x03, 0x65,
    0xBF, 0xAA, 0x41, 0xE9, 0xAF, 0x4B, 0x50, 0xA2, 0x36, 0x7C, 0x8C, 0xA2, 0x65, 0x7F, 0xB7, 0x3D,
    0x20, 0xE1, 0xB8, 0x8E, 0xA1, 0x93, 0xCE, 0x3E, 0x76, 0x26, 0xC5, 0x12, 0xE3, 0x61, 0xC6, 0x7F,
    0x8B, 0x35, 0x71, 0x42, 0xFB, 0x23, 0xC5, 0x65, 0x2D, 0x4A, 0xD4, 0x71, 0x35, 0x69, 0x51, 0x02,
    0x84, 0xBB, 0x72, 0x97, 0xD4, 0x98, 0xDD, 0xAC, 0x14, 0x29, 0xD2, 0x1B, 0x5E, 0x63, 0x20, 0xC5,
    0x8A, 0x70, 0xC4, 0xC4, 0x50, 0x00, 0x59, 0x7E, 0x02, 0x54, 0xCB, 0x37, 0xB1, 0xE8, 0x80, 0xB9,
    0x43, 0x0B, 0x96, 0xAF, 0x30, 0xEB, 0x1D, 0x2D, 0xD0, 0x04, 0xB5, 0x8F, 0x0B, 0xCD, 0x17, 0x9B,
    0xA3, 0x01, 0x54, 0xC8, 0x04, 0x4A, 0xEB, 0x13, 0xB9, 0x7C, 0x7C, 0x7D, 0x5A, 0x03, 0xA5, 0x38,
    0xB0, 0x67, 0xAC, 0x19, 0x2C, 0x36, 0x13, 0x9B, 0x5F, 0xE4, 0xF5, 0x7D, 0x5C, 0xDF, 0xE6, 0x25,
    0x0A, 0x82, 0x5C, 0x6F, 0xC7, 0x1F, 0x4B, 0x1B, 0xE2, 0x49, 0xEE, 0xED, 0x48, 0x54, 0xDB, 0x4D,
    0x17, 0x0F, 0xCF, 0xC6, 0x55, 0x06, 0x0C, 0x77, 0xD8, 0x81, 0xBC, 0x55, 0xB5, 0xE9, 0x84, 0x01,
    0x5E, 0xD3, 0x69, 0xBF, 0xF7, 0x52, 0x33, 0x77, 0xB1, 0x4D, 0x17, 0xB4, 0xEC, 0x2B, 0xED, 0x13,
    0x65, 0xBC, 0x39, 0x9E, 0x72, 0xC4, 0xDC, 0x1F, 0x54, 0x0E, 0xF7, 0x8A, 0xF8, 0x0C, 0x69, 0x03,
    0x3D, 0x87, 0xD0, 0x68, 0xE2, 0x75, 0x5B, 0xE3, 0x44, 0xD4, 0x74, 0x23, 0x72, 0xCB, 0xF4, 0x82,
    0xA4, 0xEF, 0x6D, 0xBA, 0x70, 0x32, 0x6E, 0xE7, 0x67, 0x6D, 0xD0, 0x6F, 0x3A, 0xED, 0x43, 0xAF,
    0x1D, 0x75, 0xD2, 0x47, 0xAD, 0x58, 0x5A, 0x12, 0x8D, 0xB1, 0x13, 0xCB, 0x83, 0xFF, 0x35, 0xA9,
    0x99, 0xB7, 0x64, 0x44, 0xFC, 0x0D, 0x46, 0xA4, 0xE5, 0x7F, 0xC9, 0xC8, 0xFC, 0xBD, 0xBA, 0xC6,
    0xB9, 0x8C, 0xD7, 0x14, 0xB7, 0x79, 0x3F, 0xF3, 0x2C, 0x27, 0x4E, 0xBD, 0xE1, 0xB2, 0x19, 0x34,
    0x39, 0x27, 0x65, 0x5E, 0xC7, 0x6D, 0x44, 0x4F, 0x31, 0x34, 0x22, 0xAD, 0xD0, 0xED, 0xDE, 0xE2,
    0xE6, 0xF6, 0x74, 0xBD, 0xD3, 0x79, 0xB9, 0xD3, 0x15, 0x71, 0x7F, 0xAC, 0xEF, 0x2F, 0xA1, 0xBC,
    0x6F, 0xD3, 0xED, 0xEE, 0xA2, 0x25, 0x79, 0x4B, 0xCF, 0x66, 0xD6, 0xFD, 0x9D, 0x8E, 0x31, 0xD2,
    0xD9, 0x2F, 0xE0, 0xCB, 0x15, 0x7D, 0x10, 0x34, 0x23, 0x26, 0xDA, 0x1F, 0x20, 0xF6, 0xEB, 0x38,
    0xDB, 0x2A, 0xF2, 0xC1, 0x29, 0x97, 0x6E, 0x2C, 0xE7, 0x5D, 0x0F, 0xF9, 0x6A, 0xA6, 0x3A, 0x3A,
    0xB1, 0x5E, 0x65, 0x9D, 0xDC, 0x82, 0x8A, 0xC6, 0xB4, 0x97, 0x0F, 0x45, 0xA1, 0xE2, 0x41, 0x06,
    0x53, 0xD1, 0x18, 0xF4, 0xA6, 0xC2, 0x29, 0xEA, 0x78, 0xC5, 0x28, 0x4B, 0xD4, 0xDA, 0xB5, 0xA2,
    0xB1, 0x13, 0x4E, 0xD2, 0xFF, 0xBF, 0xBD, 0x2F, 0x00, 0xB1, 0xDC, 0xBA, 0xDA, 0xBB, 0x92, 0x76,
    0xE6, 0x51, 0x2B, 0x44, 0x0B, 0xEC, 0x52, 0x5A, 0x27, 0x55, 0x81, 0x02, 0x26, 0xD8, 0xAB, 0x02,
    0x05, 0x02, 0x9D, 0x59, 0xC9, 0x36, 0x34, 0x80, 0x81, 0x2C, 0xE0, 0x49, 0xA0, 0x06, 0x0C, 0x10,
    0x80, 0xC4, 0x90, 0x29, 0x10, 0xC0, 0xC0, 0xDA, 0x52, 0x09, 0x34, 0x40, 0x81, 0x0C, 0xC5, 0x6E,
    0xA1, 0x01, 0xB2, 0x40, 0x0A, 0x65, 0x0C, 0x4C, 0x00, 0x03, 0x4E, 0xD9, 0x58, 0x4A, 0x0D, 0x04,
    0x30, 0x10, 0xE5, 0xCF, 0x1F, 0x00, 0x00, 0xA2, 0xFC, 0xAC, 0xFF, 0x84, 0x0D, 0x3F, 0x2B, 0x88,
    0x4C, 0x34, 0xE3, 0xF7, 0x74, 0x7E, 0x7D, 0xE7, 0xBB, 0x7A, 0x92, 0x66, 0x76, 0xC6, 0xB3, 0xEB,
    0x5D, 0xDB, 0xBB, 0x89, 0x98, 0x77, 0xBE, 0xF3, 0xDE, 0x93, 0xDE, 0x48, 0xF7, 0xDE, 0x23, 0x9D,
    0x7B, 0xEE, 0x39, 0xE7, 0x98, 0xF4, 0xEB, 0x58, 0xF3, 0xD3, 0x78, 0xF9, 0x1F, 0xEA, 0x08, 0xC4,
    0xCD, 0xFA, 0x8E, 0x01, 0xE0, 0xCD, 0xCA, 0x30, 0x62, 0x48, 0x15, 0x29, 0x47, 0xDE, 0x5A, 0x51,
    0x13, 0xE3, 0x2D, 0x9C, 0x37, 0x94, 0x17, 0xB9, 0xC4, 0xC3, 0x4D, 0xC5, 0x82, 0x9B, 0x5F, 0x9C,
    0x6C, 0xE3, 0x38, 0x19, 0xB8, 0x9C, 0xC0, 0x01, 0xCC, 0xA6, 0xCD, 0xD7, 0xBA, 0x89, 0x64, 0x63,
    0xFB, 0x71, 0xA3, 0x4C, 0x78, 0x56, 0xEE, 0xF1, 0x3D, 0xB5, 0xE1, 0x21, 0x42, 0xCB, 0xE4, 0xBF,
    0x91, 0x50, 0x1F, 0x73, 0xDF, 0x72, 0x57, 0xD4, 0x5B, 0x85, 0x63, 0x3E, 0x2D, 0xB8, 0xA6, 0x5E,
    0xC6, 0xF4, 0x3F, 0xB0, 0x69, 0x5F, 0x53, 0x85, 0x26, 0x9F, 0x42, 0x9B, 0xEB, 0x6D, 0xF3, 0x14,
    0xE0, 0x2E, 0xF6, 0x38, 0x42, 0xCD, 0xDF, 0xAC, 0xA3, 0x4A, 0xA5, 0xCC, 0x2E, 0xDE, 0x43, 0x0C,
    0x19, 0x31, 0x61, 0xE8, 0x74, 0xF0, 0x0E, 0xD8, 0xF4, 0x0F, 0x12, 0xD5, 0x2A, 0xD2, 0x34, 0xB2,
    0x48, 0x3B, 0xB9, 0x22, 0x1D, 0xBA, 0x6C, 0xCB, 0x21, 0x76, 0x8A, 0x52, 0xED, 0x48, 0xC9, 0x88,
    0x6D, 0xCE, 0xA3, 0x2B, 0x28, 0xFB, 0xFF, 0x5D, 0xFD, 0x55, 0x9C, 0xD5, 0xE0, 0x7F, 0x9D, 0xE9,
    0x44, 0x23, 0x51, 0xC9, 0xD5, 0x13, 0x20, 0x95, 0x13, 0x74, 0xFA, 0x2D, 0xF7, 0xC7, 0xB1, 0xB9,
    0x8D, 0x95, 0x0A, 0xEA, 0x0D, 0xAC, 0xAA, 0xAE, 0xF0, 0xFB, 0x86, 0x8D, 0x1A, 0xDA, 0x5C, 0x4D,
    0xC5, 0xB4, 0xEF, 0xA8, 0xFC, 0xEC, 0x59, 0x26, 0x17, 0x7E, 0xEC, 0xD8, 0xE9, 0x92, 0x71, 0xCB,
    0x27, 0x85, 0xEB, 0x1D, 0xC5, 0x53, 0xBB, 0x56, 0xD0, 0xE4, 0x44, 0xAF, 0x87, 0x03, 0xF3, 0xE5,
    0x81, 0x79, 0xC7, 0xA2, 0x3B, 0x11, 0x4E, 0xEB, 0xE9, 0x0C, 0x2F, 0x24, 0xA6, 0x32, 0xCF, 0xB5,
    0xAB, 0x7F, 0xB4, 0x72, 0xE5, 0x47, 0xAD, 0x7A, 0x4B, 0xC1, 0x0A, 0x87, 0x01, 0xFD, 0xAE, 0xD7,
    0x7F, 0x89, 0x51, 0xBC, 0xED, 0xD4, 0xB0, 0x24, 0x54, 0xE6, 0xA2, 0xB9, 0xC8, 0xE0, 0x35, 0x63,
    0xBB, 0x9D, 0x4C, 0x4D, 0x86, 0x23, 0x80, 0x4C, 0x6E, 0x99, 0x26, 0xCF, 0x8E, 0x31, 0xED, 0x19,
    0xCC, 0x78, 0xD4, 0xC0, 0xAC, 0x7F, 0x70, 0xFC, 0x5F, 0xFC, 0xEF, 0x11, 0x06, 0x08, 0xB6, 0x58,
    0x87, 0xC8, 0x7F, 0xC1, 0xA0, 0x0C, 0x5A, 0xA6, 0x42, 0x2C, 0x16, 0x1D, 0x52, 0x73, 0xB8, 0xF8,
    0xFB, 0x75, 0x2A, 0xCD, 0xCB, 0x2B, 0x9D, 0x85, 0x7F, 0x4D, 0xEF, 0x60, 0xC8, 0xEF, 0x44, 0xCF,
    0xA6, 0x9D, 0xC1, 0xB5, 0x69, 0x97, 0x8D, 0x4C, 0x9D, 0xDF, 0xFB, 0x48, 0xD1, 0x4F, 0x42, 0xEC,
    0xE4, 0x9B, 0x9F, 0xEC, 0x72, 0xD1, 0x65, 0x76, 0xAB, 0xDA, 0x22, 0x7C, 0x95, 0xAD, 0x5B, 0x29,
    0x6C, 0x0E, 0x7D, 0x39, 0xEB, 0x52, 0xFC, 0x39, 0xD2, 0x39, 0x98, 0xE3, 0x1D, 0xE6, 0xCF, 0x1F,
    0xA6, 0x45, 0x58, 0x84, 0xEF, 0x57, 0x50, 0xFE, 0x82, 0x1F, 0x94, 0x8B, 0x3A, 0x4E, 0xBE, 0xE8,
    0x16, 0x5E, 0x93, 0x52, 0x6C, 0x73, 0x3E, 0x74, 0xE5, 0x2E, 0xB0, 0x9A, 0xC3, 0x7C, 0x97, 0x9C,
    0x87, 0x63, 0x00, 0x32, 0xDF, 0xFC, 0xBF, 0xC7, 0x7D, 0xAD, 0x34, 0x37, 0x35, 0xE7, 0xBC, 0x8B,
    0x00, 0x3E, 0x4F, 0xE4, 0x8E, 0xC0, 0x40, 0x20, 0xCF, 0x49, 0xAB, 0x57, 0xCE, 0xB0, 0xC2, 0xFD,
    0x7E, 0x1B, 0xAD, 0x3A, 0xE4, 0xB6, 0xBD, 0x72, 0x9B, 0xDC, 0x53, 0x4E, 0xF1, 0x25, 0x33, 0xDF,
    0xFE, 0xB6, 0xCA, 0x76, 0xDE, 0x55, 0x36, 0x1A, 0x3A, 0xC0, 0xC4, 0xB6, 0x69, 0x9F, 0x71, 0x2A,
    0x5D, 0xAD, 0xFF, 0x82, 0x29, 0xBE, 0x60, 0x8E, 0x6F, 0x8F, 0xDA, 0xAA, 0xDC, 0x3C, 0xCF, 0x51,
    0x78, 0x74, 0x7A, 0x9E, 0xA3, 0xE4, 0xD4, 0x3C, 0x47, 0xA4, 0xD9, 0x99, 0x94, 0xFB, 0x9F, 0x33,
    0xCF, 0xD1, 0xB0, 0x92, 0x81, 0x3C, 0x47, 0xD0, 0x1D, 0xB9, 0xA8, 0x07, 0x0A, 0x8D, 0x82, 0x9D,
    0x72, 0x16, 0xE5, 0xBF, 0xDB, 0x94, 0x86, 0xBD, 0x96, 0x68, 0x8C, 0x37, 0xB5, 0x8D, 0x5C, 0x2A,
    0xAF, 0x7B, 0x69, 0x19, 0xD4, 0x6E, 0x07, 0xE7, 0x2A, 0x38, 0x67, 0xC2, 0xEA, 0x9C, 0x26, 0xBC,
    0x07, 0xCB, 0xB1, 0x57, 0x8E, 0x97, 0xDA, 0x98, 0xAD, 0x76, 0x55, 0xF2, 0x6C, 0xFD, 0xEE, 0xD9,
    0x3D, 0x17, 0x8F, 0x82, 0xA8, 0x7F, 0x39, 0xBB, 0xF8, 0xF4, 0xEC, 0x17, 0x05, 0xD5, 0x05, 0xB1,
    0x4A, 0x41, 0x50, 0x61, 0xC2, 0x1C, 0x16, 0xF8, 0x3A, 0x4E, 0x7A, 0xBA, 0xCC, 0xF5, 0xC2, 0x69,
    0x4A, 0x56, 0xEA, 0x33, 0xA5, 0xBB, 0xA8, 0xCD, 0xEA, 0xFD, 0x0E, 0x9F, 0x3F, 0xDB, 0x99, 0x7F,
    0x67, 0x72, 0xF3, 0x25, 0xF3, 0x3A, 0xCD, 0x99, 0xFF, 0xC0, 0x44, 0x77, 0xB5, 0x8E, 0xE7, 0x6A,
    0x5C, 0x3C, 0x61, 0x82, 0xF6, 0x77, 0xD3, 0x86, 0x89, 0x43, 0x55, 0x3B, 0xF9, 0xE9, 0xA0, 0xED,
    0x05, 0x25, 0xA8, 0x3B, 0x57, 0xF2, 0x2F, 0x62, 0xCF, 0x8D, 0x9D, 0x6F, 0x2E, 0x63, 0x91, 0x65,
    0x7C, 0xBB, 0x77, 0x53, 0x4C, 0xB8, 0x26, 0xA2, 0x7D, 0x18, 0x49, 0x1D, 0xC9, 0x51, 0x1B, 0x77,
    0x66, 0xEB, 0x6A, 0x62, 0xBE, 0xF4, 0x44, 0x12, 0x17, 0x69, 0xB6, 0x8D, 0xE4, 0xF6, 0x85, 0x53,
    0xF6, 0xF7, 0x48, 0x0D, 0xB5, 0x58, 0x14, 0x8B, 0x22, 0x36, 0xDF, 0x53, 0xEF, 0x48, 0x9C, 0xF7,
    0x2D, 0x28, 0x9C, 0x7F, 0xDC, 0x72, 0xF2, 0xE5, 0x57, 0xCD, 0xE6, 0x92, 0x82, 0x41, 0x85, 0x65,
    0xBA, 0x80, 0x6A, 0xB7, 0x5C, 0x26, 0xE7, 0xD3, 0x2C, 0xAA, 0x35, 0xEF, 0x54, 0xA6, 0x1E, 0xBF,
    0x49, 0xCC, 0x35, 0x73, 0x97, 0xED, 0x32, 0x41, 0x5B, 0xD9, 0x13, 0x1E, 0x2C, 0x6A, 0xF0, 0x1B,
    0xF4, 0x09, 0x34, 0x5F, 0xB4, 0x73, 0x53, 0xDB, 0xF5, 0xB7, 0xBB, 0x7A, 0xFF, 0xBF, 0x42, 0xDB,
    0x85, 0x9F, 0x60, 0x60, 0x6F, 0xE8, 0xF1, 0x2C, 0xCE, 0xF3, 0xD0, 0x36, 0x6A, 0x68, 0xEC, 0x61,
    0xED, 0x36, 0x6E, 0x22, 0x26, 0xFE, 0xDF, 0x2D, 0x79, 0xF7, 0x70, 0xB7, 0xD8, 0xD2, 0x87, 0x13,
    0xBD, 0xC3, 0x8A, 0x6F, 0x99, 0xA7, 0xEC, 0x37, 0x99, 0xB3, 0x67, 0x1E, 0xE6, 0xF6, 0x9D, 0x64,
    0xD4, 0x61, 0x16, 0x52, 0x8F, 0x71, 0x3A, 0x81, 0x52, 0xDB, 0x88, 0x57, 0xB8, 0x1A, 0xE0, 0x67,
    0xE1, 0xAC, 0x11, 0x33, 0x73, 0xF6, 0x76, 0x46, 0xD7, 0xCB, 0xF9, 0xBA, 0xFE, 0xF4, 0xAD, 0x1D,
    0x59, 0xA7, 0x21, 0x52, 0xD0, 0xEE, 0xCE, 0xFB, 0xD5, 0x38, 0xE6, 0x83, 0x81, 0xAF, 0xAD, 0x5C,
    0x30, 0x41, 0x3D, 0xE7, 0x9C, 0x38, 0xC7, 0x55, 0xDF, 0x20, 0x50, 0x22, 0xEA, 0x71, 0xC2, 0x93,
    0x83, 0x8F, 0xB3, 0x51, 0x44, 0xA3, 0x72, 0x14, 0xDA, 0xC0, 0xAE, 0x01, 0xE9, 0xB7, 0x4A, 0x17,
    0x3C, 0x81, 0x07, 0x3B, 0xB0, 0x9C, 0x5E, 0xBA, 0x87, 0xD1, 0xE0, 0xDD, 0x1A, 0xA5, 0xC7, 0x93,
    0x2C, 0x1C, 0xF9, 0x95, 0x93, 0x2B, 0x4F, 0xA7, 0xA6, 0xCD, 0x75, 0x33, 0x7F, 0xD7, 0x3C, 0xE8,
    0x2D, 0x21, 0x8C, 0x37, 0x16, 0x87, 0x89, 0xD0, 0x48, 0xDB, 0xB1, 0x65, 0x52, 0x0E, 0xA5, 0x16,
    0x44, 0xCA, 0xB5, 0x81, 0x22, 0x5C, 0x8D, 0xC1, 0x0A, 0xFE, 0x1E, 0xE7, 0x50, 0xF1, 0x20, 0x35,
    0xF5, 0x30, 0xEF, 0x64, 0x3F, 0x7C, 0xD1, 0x70, 0x0B, 0xCE, 0x31, 0x5F, 0x0D, 0x93, 0xBB, 0x66,
    0xD2, 0xE1, 0x76, 0xC5, 0x0E, 0xDB, 0xDC, 0x0E, 0x83, 0x3C, 0x09, 0x15, 0xE3, 0x0F, 0xD2, 0x62,
    0x96, 0xF4, 0x76, 0xE7, 0xDA, 0x5F, 0x4F, 0xD2, 0xDB, 0x5B, 0xF6, 0xBA, 0x06, 0x41, 0xAA, 0x09,
    0x6E, 0x3D, 0x9F, 0xC8, 0x2E, 0xCA, 0x79, 0xC3, 0xB3, 0xD1, 0xC7, 0x8E, 0x8A, 0x87, 0xD6, 0x7A,
    0x7C, 0xC2, 0xCE, 0x25, 0xE1, 0xB9, 0xCC, 0xAC, 0xE4, 0x21, 0x61, 0x9B, 0x70, 0x9D, 0x70, 0x73,
    0x96, 0x3E, 0xB0, 0x99, 0xDE, 0x81, 0x38, 0x5D, 0x39, 0x67, 0x5E, 0xCA, 0x9C, 0x5E, 0x24, 0x22,
    0xED, 0x79, 0xB3, 0xFC, 0x68, 0xE0, 0x91, 0xCD, 0xB7, 0xFF, 0xEC, 0xEE, 0x92, 0xAE, 0x32, 0xA7,
    0xE6, 0xD8, 0x3C, 0x35, 0xAF, 0xA6, 0x24, 0x4C, 0x00, 0xE6, 0x33, 0xBA, 0xAA, 0x66, 0xBC, 0x08,
    0x7A, 0xF3, 0xF3, 0xED, 0xDA, 0x64, 0x72, 0x9B, 0x5F, 0x74, 0x7F, 0x9D, 0x5F, 0x94, 0xD7, 0xC2,
    0xEB, 0xFA, 0xD8, 0x6B, 0xBF, 0xA1, 0xB4, 0x49, 0xB1, 0xE7, 0x75, 0x6D, 0xB1, 0xA8, 0xD3, 0xFB,
    0x42, 0xCB, 0x56, 0x05, 0x3D, 0xA2, 0x08, 0x35, 0x4A, 0xB7, 0x94, 0x5E, 0xBC, 0x87, 0xFC, 0xA2,
    0xF9, 0xF0, 0xB8, 0xFB, 0x76, 0x62, 0xD2, 0xCE, 0x87, 0xAB, 0x6D, 0xA7, 0x86, 0x0C, 0x79, 0x47,
    0x97, 0x82, 0x2A, 0x3D, 0x13, 0x2D, 0x44, 0x91, 0x67, 0x93, 0xFA, 0x08, 0x66, 0x46, 0xFD, 0x39,
    0x9D, 0x7D, 0x9B, 0xFC, 0x07, 0xD0, 0xEC, 0x3A, 0x8E, 0x2D, 0x22, 0xFC, 0x5A, 0x1D, 0x48, 0x4F,
    0x7F, 0xAE, 0x59, 0x9F, 0x22, 0xAD, 0x19, 0xE1, 0x0B, 0xAE, 0xC8, 0x5C, 0xDE, 0x06, 0x35, 0xA1,
    0x52, 0x3F, 0x39, 0x19, 0xE4, 0xC8, 0xF3, 0x5F, 0x48, 0xA9, 0x1D, 0xB5, 0x82, 0x77, 0xDE, 0x18,
    0xA8, 0xBA, 0x2E, 0x81, 0xB7, 0xBD, 0x26, 0xAF, 0xF5, 0xDD, 0xF0, 0x8D, 0x55, 0x2E, 0x82, 0x40,
    0xCC, 0xDB, 0xFD, 0xAE, 0x38, 0x9E, 0x24, 0xFF, 0x14, 0x88, 0x24, 0x6C, 0x6C, 0xB6, 0x35, 0x9B,
    0x9A, 0xD3, 0x7A, 0xDE, 0xEA, 0x83, 0x35, 0x49, 0xB3, 0x18, 0x43, 0x05, 0x27, 0x99, 0xF0, 0xFC,
    0xD2, 0x07, 0x47, 0xA4, 0x30, 0x9A, 0xFB, 0x56, 0x73, 0x49, 0xD2, 0xA9, 0x21, 0x51, 0x27, 0x86,
    0x62, 0x53, 0x8E, 0xF6, 0x99, 0x52, 0x2A, 0x28, 0x6D, 0x42, 0xD3, 0x68, 0x4E, 0x9D, 0x3D, 0xEA,
    0x13, 0xA7, 0xD1, 0xAF, 0xE4, 0xB7, 0xFF, 0xEF, 0x10, 0x93, 0x78, 0x39, 0xFD, 0xE0, 0x45, 0x7E,
    0x7E, 0x1F, 0x34, 0x56, 0x9A, 0xD6, 0xEA, 0xB0, 0xD3, 0xDD, 0xA0, 0x23, 0xD5, 0x24, 0xA0, 0xBD,
    0xEC, 0xDB, 0x26, 0x87, 0x68, 0xF8, 0x90, 0x3C, 0x6F, 0x4D, 0xDC, 0xF2, 0xD8, 0xE5, 0x7E, 0x45,
    0x6E, 0x67, 0x38, 0x82, 0x29, 0x1B, 0xEF, 0xAD, 0x6D, 0x58, 0x0A, 0x22, 0xB7, 0xA5, 0x30, 0x6E,
    0xBF, 0x25, 0x34, 0x12, 0x24, 0xA0, 0xAC, 0xD4, 0x31, 0xA5, 0x9B, 0x1F, 0x5B, 0xBB, 0xE3, 0x7F,
    0x5E, 0x3B, 0x91, 0xEB, 0xEC, 0x49, 0x01, 0x75, 0x84, 0x72, 0x3F, 0xA9, 0x34, 0xB2, 0x58, 0x82,
    0x7A, 0x4A, 0xDD, 0x95, 0x75, 0xFD, 0x24, 0x15, 0x50, 0x1C, 0xE2, 0x74, 0x18, 0x49, 0x4E, 0x97,
    0x33, 0x9E, 0xC8, 0xFA, 0xC1, 0x93, 0xB2, 0x86, 0x91, 0x5A, 0x82, 0x53, 0x2B, 0x79, 0xEA, 0x34,
    0xA8, 0xE2, 0x1B, 0x6B, 0xCE, 0x60, 0x5F, 0x9F, 0xA3, 0x58, 0x24, 0x9F, 0x36, 0xAC, 0x61, 0xCB,
    0xB2, 0x69, 0xD9, 0xAC, 0xA4, 0x6C, 0xDD, 0xBB, 0xDE, 0x23, 0x6F, 0x29, 0x95, 0xAC, 0xA7, 0xFF,
    0x35, 0xAD, 0xD5, 0x11, 0x6A, 0xA9, 0xFB, 0xAF, 0x40, 0x8D, 0x28, 0xCD, 0x13, 0x50, 0xFE, 0x21,
    0xE7, 0x45, 0xD1, 0x53, 0xB4, 0x75, 0x9C, 0xA1, 0xB1, 0xA9, 0xB2, 0x8E, 0x54, 0x0F, 0xD9, 0x54,
    0x71, 0x8F, 0xF8, 0xD8, 0xCB, 0x9C, 0x25, 0x54, 0x5F, 0x0F, 0x8A, 0xC3, 0xE1, 0x2E, 0x92, 0x6B,
    0xF1, 0x69, 0x77, 0x59, 0x57, 0xC0, 0x90, 0x83, 0xAD, 0xE7, 0x91, 0x48, 0x2B, 0x10, 0x24, 0x85,
    0x28, 0x63, 0x49, 0xF0, 0x50, 0xF6, 0xA5, 0x8A, 0x7F, 0x5C, 0x68, 0xD2, 0xAD, 0x1F, 0x55, 0xCF,
    0xB8, 0x35, 0x06, 0xD8, 0xB6, 0x5B, 0x5E, 0x30, 0x0D, 0x26, 0xB8, 0xEF, 0x40, 0x39, 0xDC, 0x02,
    0x57, 0xF3, 0x86, 0x11, 0x16, 0x34, 0x66, 0x06, 0x3D, 0xE7, 0x51, 0xD1, 0x82, 0x3B, 0x08, 0x27,
    0xC7, 0xB0, 0xAD, 0x59, 0x93, 0x5C, 0x58, 0xD8, 0xA7, 0x6A, 0x1D, 0x16, 0xAF, 0x92, 0x7B, 0x2D,
    0x52, 0xDB, 0x06, 0xDD, 0x14, 0x3B, 0xE5, 0x42, 0xC9, 0x3F, 0xA2, 0x98, 0xC7, 0x70, 0x34, 0xA1,
    0x3B, 0x9E, 0x75, 0x2F, 0x51, 0xEF, 0xA8, 0xC2, 0xFA, 0x71, 0xE0, 0xFF, 0x76, 0xEA, 0xBD, 0x81,
    0x73, 0xA1, 0xDB, 0x00, 0xB8, 0x3C, 0x63, 0xDA, 0x30, 0x95, 0xCA, 0xFE, 0x05, 0x2E, 0xD2, 0xAC,
    0xC3, 0xE0, 0x82, 0x06, 0xCF, 0x41, 0x5B, 0xAD, 0x62, 0x81, 0x46, 0xAA, 0xE1, 0x79, 0x92, 0x2F,
    0xA1, 0x1D, 0x26, 0x8E, 0x1C, 0xCA, 0x9E, 0xB6, 0x86, 0x89, 0xBB, 0xF5, 0x2C, 0x8F, 0xDC, 0xDC,
    0xFF, 0xFE, 0xEA, 0xA8, 0x75, 0x12, 0x66, 0x51, 0x1F, 0x5F, 0x3C, 0x93, 0xBB, 0x40, 0xA5, 0x81,
    0x4D, 0x9F, 0x4A, 0xCD, 0x96, 0x8F, 0x90, 0x2E, 0xB9, 0x8E, 0x5F, 0x2E, 0x90, 0x60, 0xE4, 0x7F,
    0xD5, 0x4F, 0x7B, 0x48, 0x79, 0x70, 0xD5, 0x54, 0x7D, 0xB3, 0xF7, 0xCC, 0x4D, 0xB4, 0xFA, 0x75,
    0x67, 0xE9, 0xD0, 0xB1, 0xD2, 0x59, 0x7A, 0x6C, 0xF3, 0x67, 0x97, 0xD4, 0x79, 0xBD, 0xDF, 0x2F,
    0xA3, 0x75, 0x3C, 0xE8, 0x1E, 0x98, 0x21, 0xFE, 0xDB, 0xEB, 0xFA, 0x9D, 0xD9, 0x50, 0xCE, 0x12,
    0x92, 0xC0, 0x9C, 0x0A, 0xA9, 0x96, 0xB3, 0x75, 0x96, 0x6C, 0x25, 0x66, 0x52, 0x80, 0xE9, 0xCC,
    0x59, 0x32, 0xCD, 0xA7, 0xE9, 0x99, 0xC5, 0x0A, 0x17, 0xEF, 0x75, 0xDA, 0x42, 0xAD, 0xAE, 0x86,
    0xC8, 0x4A, 0xF6, 0x70, 0xCE, 0x26, 0x1A, 0x5A, 0xC5, 0xE9, 0x4E, 0xB4, 0xCE, 0xD5, 0xD3, 0x99,
    0x2B, 0xA7, 0x33, 0x17, 0xD6, 0xA5, 0x45, 0x50, 0xB9, 0x45, 0x76, 0xF2, 0x0A, 0xBD, 0xC5, 0x44,
    0x70, 0xAC, 0x2E, 0x06, 0xA7, 0x38, 0xA5, 0xBE, 0x52, 0x63, 0x48, 0x67, 0x05, 0x46, 0x82, 0x7A,
    0xB0, 0x4A, 0x3D, 0x71, 0xB0, 0xC2, 0x7B, 0x75, 0x86, 0xD8, 0x18, 0x4A, 0x8B, 0x70, 0xBA, 0xD2,
    0x4D, 0x8B, 0x8A, 0x24, 0xA4, 0x8E, 0xD2, 0x50, 0xE9, 0x58, 0x5A, 0xA4, 0xA7, 0x95, 0x2D, 0x2D,
    0x12, 0xA1, 0xB4, 0x08, 0x95, 0x06, 0x96, 0x2B, 0x79, 0xDD, 0x8C, 0xC1, 0x1B, 0x7E, 0x41, 0x6D,
    0x5A, 0x69, 0xBD, 0xA6, 0xCE, 0x9D, 0x6A, 0xCC, 0xD0, 0xFB, 0x6D, 0xB5, 0xCF, 0xFD, 0xE4, 0x41,
    0xB9, 0x02, 0x5D, 0x80, 0xA8, 0x5F, 0x05, 0x49, 0xF1, 0x36, 0xC5, 0x17, 0xFA, 0x7B, 0xE1, 0xD1,
    0x41, 0x6D, 0x45, 0xFD, 0x5F, 0x96, 0xEB, 0x68, 0x9E, 0xA5, 0x0A, 0xDC, 0xBA, 0x33, 0x70, 0xF2,
    0xD1, 0x0A, 0x04, 0x5F, 0x6C, 0xEE, 0x59, 0xAB, 0x9A, 0xDE, 0xBC, 0x31, 0xED, 0x84, 0xA3, 0x5E,
    0x40, 0x37, 0xF2, 0xF8, 0x40, 0x33, 0x44, 0xDE, 0xF4, 0x70, 0xCB, 0x75, 0x6A, 0x47, 0x3D, 0xB7,
    0x4B, 0x03, 0x58, 0x14, 0x0A, 0x41, 0xA2, 0xF0, 0x6F, 0x8C, 0xC2, 0x16, 0xE1, 0x55, 0x42, 0xAD,
    0xF0, 0xB5, 0x52, 0x41, 0x0E, 0x15, 0xEE, 0x08, 0x0F, 0x48, 0x4B, 0x85, 0xA8, 0x56, 0x08, 0x9A,
    0xC1, 0x4D, 0x9C, 0xBE, 0xE1, 0x0A, 0x8E, 0x8C, 0x7E, 0xE1, 0x54, 0x78, 0x01, 0x31, 0xE7, 0x3B,
    0x2A, 0xCD, 0x85, 0x51, 0xB5, 0xF6, 0xC8, 0x78, 0xF2, 0x47, 0x75, 0xF8, 0xCD, 0x97, 0xD3, 0x40,
    0x27, 0x87, 0x30, 0x28, 0xF1, 0x5B, 0x67, 0xC0, 0xD3, 0x84, 0x0B, 0x5C, 0x93, 0x63, 0xF6, 0xE8,
    0xA5, 0xBA, 0xBF, 0xAA, 0x92, 0x95, 0x79, 0x1F, 0xFE, 0x5C, 0xBD, 0xE2, 0x8A, 0x2D, 0x40, 0xC0,
    0x67, 0xE0, 0x55, 0xA3, 0x70, 0x53, 0xE1, 0xD9, 0x5A, 0x81, 0x57, 0x9B, 0x4A, 0x43, 0x10, 0xEE,
    0x22, 0x99, 0x42, 0x5C, 0x2A, 0x84, 0xB5, 0x42, 0xD0, 0x28, 0x2C, 0x96, 0x0A, 0x5E, 0xA7, 0xE0,
    0xD8, 0x54, 0x95, 0x52, 0xEA, 0xA2, 0x58, 0x2C, 0x3A, 0x3B, 0x1D, 0x16, 0x0C, 0x73, 0x42, 0x44,
    0x08, 0x66, 0xE0, 0xCF, 0x60, 0x31, 0x03, 0xC7, 0x1A, 0x4E, 0x13, 0x6D, 0x25, 0xA9, 0xD1, 0xC5,
    0x9E, 0x34, 0xEA, 0x87, 0xF9, 0x87, 0x1E, 0xB0, 0x10, 0x5B, 0x53, 0x0B, 0x4E, 0x6C, 0xE8, 0x93,
    0xC9, 0x9F, 0xCB, 0x6A, 0xED, 0xBF, 0xFF, 0x5F, 0x2A, 0xBC, 0x57, 0x28, 0xBC, 0x9F, 0x28, 0xFC,
    0xCA, 0x28, 0xAC, 0x14, 0x5E, 0x68, 0x15, 0x44, 0x12, 0x76, 0x71, 0xA5, 0xDF, 0xFD, 0xAE, 0x51,
    0xF8, 0xE5, 0x92, 0xBF, 0xD2, 0x29, 0x14, 0x42, 0xC8, 0x33, 0x05, 0x16, 0xB2, 0xE0, 0x5D, 0x5A,
    0x3B, 0x15, 0xE0, 0xDB, 0x62, 0xA9, 0x9D, 0x61, 0xF9, 0xCE, 0x4C, 0x43, 0x75, 0xF3, 0x36, 0x67,
    0xE1, 0x13, 0xBB, 0x90, 0xC8, 0xD9, 0x2D, 0x5D, 0xFD, 0x25, 0x43, 0xD3, 0xAC, 0x76, 0x33, 0xB4,
    0x60, 0xED, 0xA3, 0x1F, 0xBE, 0xAF, 0x6D, 0xFD, 0xC2, 0xFB, 0x99, 0xC2, 0xAF, 0x8C, 0xC2, 0x3F,
    0x11, 0x5A, 0x05, 0xE9, 0x08, 0x52, 0xE8, 0x87, 0x77, 0x6A, 0xEE, 0xD9, 0x28, 0xF4, 0x67, 0x0D,
    0x78, 0xAF, 0x03, 0xFC, 0xA7, 0x67, 0x05, 0x00, 0xC3, 0x80, 0x42, 0x5A, 0x1A, 0xB0, 0x51, 0xA3,
    0x7D, 0x14, 0xB0, 0xBC, 0x8C, 0x23, 0xC5, 0x39, 0xE4, 0xA8, 0x8F, 0x6A, 0x84, 0x1C, 0xE5, 0x22,
    0x90, 0xA3, 0xCB, 0xF2, 0xE6, 0x67, 0x26, 0x47, 0xF5, 0x5D, 0xE5, 0xA8, 0x62, 0x70, 0x45, 0x7D,
    0x76, 0x64, 0xCC, 0xE5, 0xFC, 0xCD, 0x84, 0xC9, 0x84, 0xA1, 0xC6, 0xEE, 0xEF, 0xF1, 0x73, 0xD2,
    0x8D, 0x6B, 0xA0, 0xF1, 0x12, 0x54, 0x56, 0x3D, 0x85, 0xEC, 0x50, 0x74, 0x20, 0x39, 0x14, 0x1C,
    0xCA, 0x0D, 0xC5, 0x86, 0x52, 0x43, 0xA1, 0x01, 0x95, 0x41, 0x64, 0x28, 0x31, 0x14, 0x18, 0xCA,
    0x0B, 0xC5, 0x85, 0xD2, 0x42, 0x61, 0xA1, 0xAC, 0xA8, 0xA8, 0x74, 0x38, 0x74, 0x13, 0xF9, 0xAC,
    0x55, 0xB9, 0x89, 0x45, 0xB0, 0xE6, 0x58, 0xC4, 0xFB, 0xF9, 0xA1, 0x09, 0xA4, 0xDC, 0xC6, 0x95,
    0x47, 0x3F, 0x2E, 0xB7, 0xA0, 0xDB, 0x5E, 0xF7, 0x8A, 0x4B, 0xC0, 0xC6, 0xD1, 0x19, 0x84, 0x53,
    0x19, 0x45, 0xAF, 0x20, 0xFA, 0x19, 0x31, 0x30, 0xC4, 0x2B, 0x16, 0xB7, 0x2C, 0xBE, 0x4D, 0xFC,
    0x6F, 0x15, 0x51, 0x56, 0xC4, 0x3B, 0x62, 0x8F, 0x8F, 0x2B, 0x62, 0x50, 0x13, 0xFD, 0x25, 0xD1,
    0x5B, 0x11, 0x1D, 0x21, 0x1A, 0x49, 0x88, 0x69, 0x41, 0x8C, 0x2B, 0x62, 0x58, 0x2B, 0xD2, 0x79,
    0x51, 0x4A, 0xD5, 0x44, 0x22, 0x55, 0x53, 0x1A, 0xAE, 0x84, 0x44, 0x8D, 0xB5, 0x93, 0xEB, 0xFC,
    0x21, 0x6D, 0xE2, 0x7D, 0xA4, 0xCA, 0x59, 0x6E, 0xA1, 0xDB, 0x3F, 0x04, 0x98, 0x20, 0xFB, 0x2A,
    0x56, 0x18, 0x22, 0x9D, 0xD3, 0xE2, 0x3E, 0x07, 0x68, 0x15, 0xDC, 0x5A, 0xC1, 0x2F, 0x14, 0xE4,
    0x16, 0xA1, 0x53, 0x70, 0x38, 0xB0, 0x70, 0x46, 0x80, 0xB8, 0x52, 0x08, 0x6B, 0x85, 0xA0, 0x05,
    0x70, 0x6D, 0x07, 0x63, 0x9C, 0xB9, 0x73, 0xD4, 0x6D, 0xF6, 0xD0, 0xA4, 0x2B, 0x7D, 0x3C, 0xFA,
    0x83, 0xFF, 0xB7, 0x75, 0xFE, 0xD6, 0x82, 0x02, 0xC8, 0xC1, 0xCF, 0x11, 0x98, 0x56, 0x43, 0x6E,
    0xFB, 0x87, 0x50, 0xC2, 0xE6, 0x61, 0xE5, 0xE0, 0xC7, 0x67, 0x95, 0x4A, 0x08, 0x4A, 0xD8, 0xF0,
    0xBA, 0x8E, 0xE7, 0xE0, 0x8F, 0x2C, 0x06, 0x16, 0x17, 0x16, 0xBD, 0x63, 0xE8, 0x1E, 0x43, 0x33,
    0x99, 0x51, 0xB8, 0x22, 0x0D, 0x6E, 0x68, 0xB9, 0xEC, 0x69, 0xC4, 0xC5, 0x92, 0x05, 0xA0, 0xDB,
    0xF3, 0x81, 0x88, 0x0C, 0x70, 0x4F, 0xC7, 0xD1, 0x03, 0x5F, 0xEF, 0x02, 0x98, 0xD0, 0x21, 0xA7,
    0xB2, 0x3D, 0x17, 0x5E, 0x10, 0xC1, 0x23, 0x38, 0x04, 0x73, 0x57, 0x78, 0x7B, 0x06, 0x17, 0x39,
    0x10, 0xC6, 0x91, 0x30, 0x0C, 0x85, 0xDB, 0x79, 0xC1, 0xB1, 0x50, 0x04, 0x85, 0x6D, 0x64, 0xB8,
    0xBB, 0xCE, 0x19, 0x6F, 0x60, 0x9C, 0x64, 0xDD, 0x21, 0xE7, 0x63, 0x38, 0x1A, 0x46, 0x86, 0x5F,
    0x3D, 0x14, 0x46, 0xC8, 0xAC, 0x87, 0xC8, 0x7A, 0x8C, 0x98, 0x71, 0x90, 0xCC, 0xBA, 0x57, 0x6A,
    0xF4, 0xEF, 0x41, 0xF7, 0x56, 0xAD, 0x1D, 0x0C, 0x2F, 0x26, 0x76, 0xC3, 0x71, 0xBC, 0x61, 0xD1,
    0x9C, 0x44, 0x11, 0x19, 0x91, 0x9F, 0xDF, 0x3B, 0xB2, 0xC3, 0x35, 0xB9, 0xCF, 0x91, 0x93, 0x4B,
    0x35, 0x0C, 0x3F, 0x5B, 0xC6, 0xC8, 0xD6, 0x26, 0xB5, 0x93, 0x33, 0x18, 0x57, 0xF6, 0x19, 0xE7,
    0x29, 0x09, 0x5F, 0x96, 0xA3, 0x5A, 0xF2, 0x30, 0xB8, 0x6F, 0x5C, 0x1B, 0x38, 0x91, 0x64, 0xCD,
    0x35, 0x96, 0x33, 0x61, 0x37, 0x70, 0xCE, 0x58, 0x40, 0x3C, 0x2D, 0x07, 0x2E, 0xAC, 0x07, 0x2E,
    0x68, 0x06, 0x6E, 0xB1, 0x1C, 0x38, 0x6F, 0xE4, 0x56, 0x96, 0xD3, 0xDC, 0x05, 0x03, 0xC7, 0x82,
    0x6B, 0x59, 0xCF, 0xA1, 0x3F, 0x0F, 0xE4, 0xB0, 0xE7, 0xD0, 0xA1, 0x22, 0x5D, 0xCF, 0xCD, 0x3D,
    0xBB, 0xE6, 0xDC, 0xA2, 0x1D, 0x8C, 0x69, 0x7E, 0x33, 0x4C, 0x8D, 0x82, 0xE3, 0x2E, 0x09, 0x92,
    0xE1, 0x0F, 0x5B, 0xFA, 0xE1, 0x4B, 0xDD, 0x90, 0xDD, 0x42, 0x1A, 0x72, 0xCE, 0xC1, 0xE1, 0x6C,
    0x81, 0x0D, 0x5B, 0xC5, 0x3E, 0x38, 0xE8, 0xF8, 0xD4, 0x1F, 0xE6, 0x3A, 0xF7, 0xCD, 0x7C, 0x74,
    0x68, 0x19, 0x91, 0x8A, 0x4C, 0x03, 0xC5, 0x8A, 0xFB, 0xC8, 0xC0, 0xC4, 0x85, 0x65, 0xA2, 0xD2,
    0x32, 0x41, 0x35, 0x30, 0xF5, 0xC8, 0x50, 0x15, 0x0A, 0xEA, 0xFE, 0xDE, 0x81, 0x60, 0x16, 0xBF,
    0x8E, 0x35, 0x40, 0xA2, 0xF2, 0xCF, 0xA8, 0x85, 0x5E, 0x29, 0xEC, 0xD9, 0xA5, 0x1F, 0x4F, 0x9D,
    0xF1, 0xB8, 0x42, 0x14, 0x67, 0xB6, 0x1D, 0x73, 0x20, 0x7C, 0xB5, 0xD9, 0xB8, 0xF4, 0x8D, 0x62,
    0xB5, 0xAD, 0x99, 0x7B, 0x7A, 0x41, 0xF7, 0xF4, 0x82, 0x0D, 0x9B, 0x8C, 0x75, 0xCC, 0x5B, 0xFB,
    0x3F, 0xB5, 0xE0, 0x48, 0x54, 0x99, 0x48, 0x1A, 0x35, 0x11, 0x7F, 0x5F, 0x33, 0xD8, 0x8B, 0x23,
    0x26, 0x2D, 0xD0, 0xEB, 0x26, 0xC7, 0xDC, 0x09, 0x5E, 0xEA, 0x18, 0x21, 0x05, 0x40, 0x0B, 0x86,
    0xF9, 0x16, 0xDA, 0x1E, 0x72, 0x0B, 0xFC, 0x30, 0x2D, 0x2C, 0xE8, 0x01, 0x31, 0x0F, 0x8F, 0x4B,
    0xAF, 0x33, 0xA2, 0x69, 0x31, 0x59, 0x3E, 0x4C, 0x9E, 0x5B, 0xE9, 0x98, 0xFB, 0xA5, 0xFA, 0xED,
    0xC5, 0x77, 0xD4, 0x3D, 0x3D, 0x90, 0x82, 0x3E, 0x7D, 0xE6, 0xA2, 0x7A, 0xBC, 0xDD, 0x6E, 0xE0,
    0x9E, 0x1E, 0x4A, 0x6D, 0x57, 0x6E, 0x99, 0x8C, 0xC6, 0xEC, 0x32, 0x23, 0xE1, 0x7E, 0x35, 0x5C,
    0x87, 0x5D, 0xD0, 0x2A, 0xCC, 0x77, 0x61, 0x11, 0x5A, 0x48, 0x03, 0xBD, 0xE8, 0x1F, 0x97, 0x1A,
    0xF0, 0x27, 0x3D, 0x4D, 0x11, 0x1B, 0x08, 0x85, 0x30, 0xE1, 0x3B, 0xD2, 0x7C, 0xA0, 0x09, 0xBE,
    0x49, 0xB3, 0xBC, 0x3F, 0x16, 0xFB, 0x47, 0x45, 0xF4, 0x6B, 0x38, 0xAE, 0x06, 0x7F, 0x86, 0x07,
    0xFD, 0x42, 0x6A, 0xAD, 0xDB, 0x5D, 0x24, 0x26, 0xE4, 0x60, 0xDB, 0xD9, 0xE4, 0x9D, 0xEB, 0x73,
    0xE9, 0x57, 0x32, 0xAF, 0x9F, 0x95, 0xCC, 0xEB, 0x67, 0xF9, 0x7F, 0x3F, 0x59, 0xE4, 0x6A, 0x27,
    0xF3, 0xBF, 0xD7, 0xC6, 0x02, 0xEE, 0xFF, 0x71, 0x69, 0x1D, 0x2C, 0x38, 0xFF, 0x7D, 0x50, 0x1E,
    0x25, 0x2E, 0xEA, 0x34, 0xF5, 0x1E, 0x25, 0xEF, 0xBA, 0x22, 0x4B, 0xB5, 0x99, 0xB8, 0x8D, 0xFD,
    0xF7, 0x31, 0x57, 0x30, 0x35, 0xA0, 0x2D, 0xCA, 0x74, 0xB5, 0xD9, 0x87, 0xCB, 0xE3, 0x4F, 0xCC,
    0xE5, 0x69, 0xAD, 0xAF, 0xA3, 0x83, 0xA3, 0x83, 0x55, 0x8C, 0xB1, 0xB3, 0xDA, 0x06, 0xDD, 0xDE,
    0x1A, 0xE9, 0x33, 0x4F, 0x81, 0xFE, 0x2B, 0x0A, 0xD1, 0xA7, 0x45, 0xC3, 0x96, 0xB5, 0xBE, 0x6E,
    0x98, 0xF5, 0x4A, 0xE2, 0xAE, 0x52, 0x5F, 0xA9, 0xA7, 0xD4, 0x51, 0x6A, 0xA6, 0xF4, 0xED, 0x09,
    0xBD, 0x38, 0xBD, 0x93, 0x65, 0xF1, 0xED, 0xFC, 0x76, 0x9E, 0x5D, 0x35, 0x71, 0x16, 0x64, 0x5B,
    0x3D, 0xF5, 0x0B, 0xD0, 0x85, 0x52, 0xAF, 0xA0, 0x3D, 0xF3, 0x13, 0x52, 0x8E, 0xB7, 0x52, 0x67,
    0x2E, 0x92, 0xE9, 0x3F, 0x9E, 0x0C, 0xAC, 0x50, 0x69, 0xA0, 0xD4, 0x57, 0xBA, 0x98, 0x50, 0x6F,
    0x42, 0x9D, 0x64, 0x5A, 0x19, 0x4B, 0x1F, 0xDD, 0xBF, 0x35, 0x2F, 0xC1, 0x9B, 0x3C, 0x53, 0x6B,
    0x0D, 0xA0, 0xD5, 0x9F, 0x75, 0x6B, 0x5D, 0x80, 0x65, 0x82, 0x10, 0xFD, 0x55, 0x94, 0xFE, 0xE2,
    0xAD, 0x28, 0xA2, 0xC1, 0x89, 0x39, 0xD2, 0x13, 0x4E, 0x3D, 0x7F, 0x41, 0x5B, 0xDE, 0x6F, 0x2A,
    0x00, 0xBD, 0xBB, 0x30, 0x26, 0xA6, 0x0E, 0xB3, 0xAB, 0xFB, 0x84, 0x69, 0x99, 0x2D, 0x87, 0xB3,
    0x45, 0x26, 0x36, 0xE5, 0x26, 0x70, 0x8C, 0x5F, 0xCE, 0x92, 0x9F, 0x68, 0x0C, 0xA1, 0x4D, 0x7E,
    0xD2, 0x0D, 0xC5, 0xA9, 0xDF, 0x61, 0xF0, 0x2E, 0x93, 0x9F, 0xA8, 0x29, 0x59, 0xD7, 0x9E, 0xD1,
    0x30, 0x41, 0xED, 0x67, 0x9A, 0xBC, 0x34, 0xC1, 0x6D, 0x9A, 0x29, 0x4C, 0xAF, 0xE8, 0x19, 0xE8,
    0x24, 0xA3, 0x63, 0xC1, 0xB6, 0xE6, 0x84, 0xF3, 0x7F, 0xA9, 0xB4, 0xF8, 0x58, 0x4A, 0xD1, 0x77,
    0xF2, 0x43, 0x3E, 0x15, 0x0B, 0x96, 0xAA, 0xF8, 0x9C, 0x74, 0x45, 0x40, 0x95, 0x92, 0xC0, 0xE6,
    0x7E, 0x44, 0xBB, 0x62, 0x2C, 0xB6, 0x7D, 0x9F, 0x5D, 0x61, 0xB4, 0x2B, 0xA0, 0xD3, 0x37, 0xAC,
    0x17, 0x57, 0x0C, 0xF5, 0xE2, 0x82, 0x82, 0x86, 0x78, 0xD6, 0x8B, 0xBB, 0x4A, 0x0B, 0xED, 0x4D,
    0x9A, 0x5F, 0x67, 0xF5, 0xE2, 0xDE, 0x3F, 0xA3, 0x5E, 0xDC, 0x6A, 0x5E, 0x2F, 0x2E, 0x9B, 0xD4,
    0x8B, 0xDB, 0x8E, 0x68, 0xD7, 0xB4, 0xF5, 0xE2, 0xB8, 0x2C, 0x50, 0xAE, 0xEB, 0xC5, 0x25, 0xEB,
    0x7A, 0x71, 0xAF, 0xF3, 0x8A, 0x6D, 0xBD, 0x38, 0xC0, 0xCA, 0xA4, 0x18, 0x35, 0xB0, 0x17, 0x56,
    0xDE, 0x90, 0x60, 0x34, 0x22, 0x1C, 0xF3, 0x2B, 0xB6, 0x70, 0xFD, 0x0C, 0xB3, 0xE1, 0xA5, 0x7B,
    0xCE, 0xF3, 0x6B, 0xE4, 0x13, 0xE5, 0xF9, 0x5D, 0x4D, 0xF3, 0xFC, 0xAE, 0x34, 0xCF, 0x2F, 0x2B,
    0x8C, 0x28, 0x35, 0xA4, 0x7C, 0xD2, 0x6D, 0x9F, 0x42, 0x9F, 0x51, 0x7A, 0x41, 0x9F, 0x3B, 0xCE,
    0x0E, 0x04, 0x4A, 0x54, 0x5D, 0xAB, 0xE3, 0x23, 0xF9, 0x93, 0x38, 0x79, 0x77, 0x2D, 0x46, 0x01,
    0x14, 0xB4, 0x18, 0xD2, 0x18, 0x84, 0x49, 0x50, 0x6B, 0x6D, 0xA9, 0x60, 0xC6, 0x3C, 0xD5, 0x33,
    0x4F, 0x98, 0xC0, 0x66, 0xF3, 0xFB, 0x7C, 0x32, 0xE9, 0xC0, 0xE4, 0x60, 0x5A, 0x7D, 0x1C, 0x60,
    0xBB, 0x61, 0x62, 0x32, 0xB5, 0xE1, 0x96, 0x0E, 0x8C, 0x3F, 0x30, 0x1E, 0x99, 0x69, 0x3E, 0xAC,
    0x33, 0x98, 0x9F, 0x0E, 0xCC, 0xC5, 0xA9, 0xD6, 0xDE, 0xE4, 0xB2, 0x8A, 0x6F, 0xCB, 0x5B, 0xCD,
    0x2B, 0x72, 0xEB, 0xAA, 0xE9, 0x1C, 0xF8, 0xFD, 0x6E, 0x19, 0x48, 0x40, 0xA7, 0xF8, 0xF6, 0x04,
    0xCD, 0xC3, 0x7A, 0x39, 0x16, 0x3D, 0xE0, 0xBA, 0x88, 0xD9, 0xCA, 0xE4, 0x16, 0x07, 0x59, 0xE3,
    0x36, 0xE0, 0x6B, 0x16, 0xB7, 0x4F, 0xC1, 0x67, 0x8E, 0xE1, 0x85, 0x33, 0xCB, 0x09, 0xE6, 0x5C,
    0x4F, 0x7E, 0x20, 0xAF, 0xB8, 0xB0, 0x58, 0xEA, 0xBC, 0x4F, 0x93, 0x59, 0x00, 0x03, 0x2D, 0x23,
    0x48, 0x2D, 0x30, 0xD5, 0x72, 0x82, 0xFF, 0xC7, 0xDC, 0x77, 0x39, 0xC1, 0x82, 0x28, 0xA5, 0x02,
    0xEC, 0x6E, 0xB6, 0x4F, 0xB9, 0x83, 0x6B, 0xD1, 0xC4, 0x16, 0x43, 0x8B, 0x81, 0x45, 0xDF, 0xE2,
    0xC2, 0xA2, 0x77, 0x0C, 0x9D, 0x49, 0x2A, 0xE0, 0x50, 0x24, 0xE9, 0xF3, 0xEB, 0x3E, 0x21, 0x87,
    0xC6, 0x99, 0xB8, 0x44, 0x65, 0xE7, 0x02, 0xE1, 0x49, 0xC3, 0xD6, 0xCC, 0x82, 0xB7, 0x78, 0x17,
    0x4A, 0x13, 0x67, 0x1A, 0x57, 0x62, 0xCF, 0xEF, 0xEE, 0x50, 0x98, 0x41, 0x4D, 0x82, 0x60, 0xD0,
    0xB3, 0x1C, 0x80, 0xCD, 0x42, 0x4C, 0x08, 0x09, 0xC1, 0x0C, 0xFC, 0xBB, 0x81, 0x63, 0x1E, 0x60,
    0x5D, 0xC9, 0x7F, 0x6D, 0x31, 0x9A, 0x63, 0x41, 0x8C, 0x07, 0xAC, 0x88, 0xE1, 0x2A, 0x3A, 0xA5,
    0xAE, 0xA4, 0x24, 0xEC, 0xD8, 0xC8, 0x9C, 0x0F, 0xAF, 0x9C, 0xA7, 0xAE, 0xE4, 0xBD, 0x24, 0x2A,
    0x77, 0x12, 0x50, 0xAF, 0xEC, 0xA9, 0x4C, 0x68, 0xFE, 0x5E, 0x29, 0xFA, 0x63, 0x63, 0xA2, 0xF2,
    0x57, 0xF0, 0xB9, 0xF1, 0x4E, 0x50, 0x27, 0xB9, 0x5B, 0xA2, 0x72, 0xB4, 0xF3, 0x98, 0xEB, 0x66,
    0x48, 0x74, 0xC3, 0x69, 0x30, 0x31, 0x21, 0xE6, 0xF7, 0x8C, 0xAF, 0x74, 0x5C, 0xE6, 0x11, 0xA9,
    0x81, 0xF9, 0x51, 0xBE, 0x04, 0x1E, 0xC2, 0x10, 0xCD, 0x14, 0x5B, 0x62, 0xF7, 0x27, 0x7E, 0xB2,
    0x97, 0xF0, 0xC5, 0xD5, 0x9E, 0x02, 0x36, 0x34, 0x7D, 0xE5, 0xAC, 0xB4, 0x38, 0x0A, 0x8B, 0x42,
    0x44, 0x70, 0x08, 0xC6, 0x42, 0x7E, 0x26, 0x7C, 0x3B, 0x01, 0x04, 0xD2, 0x00, 0x62, 0x59, 0x01,
    0xDE, 0x76, 0x05, 0x50, 0xF2, 0x2C, 0x34, 0xAF, 0x28, 0xBD, 0xC7, 0x70, 0xC0, 0x03, 0x04, 0x51,
    0x60, 0xA9, 0x0C, 0x4D, 0x34, 0x1C, 0x77, 0xBA, 0x62, 0x10, 0x0B, 0x67, 0xFC, 0x6F, 0x28, 0x84,
    0x76, 0x4C, 0xC9, 0x07, 0x79, 0xCD, 0x3B, 0xB2, 0x4F, 0xE7, 0x4A, 0xAA, 0x91, 0xAC, 0x05, 0x36,
    0x56, 0x55, 0xA5, 0xDD, 0x71, 0xC3, 0x88, 0x01, 0xC6, 0x0E, 0x30, 0x2A, 0x53, 0xB7, 0x03, 0x56,
    0xCC, 0x1D, 0x14, 0x56, 0xF9, 0xF3, 0xC4, 0xF8, 0x4F, 0x5D, 0x1F, 0x58, 0x74, 0x50, 0x87, 0xA2,
    0x5B, 0xED, 0x1C, 0x08, 0x22, 0x8D, 0x6E, 0x0C, 0x37, 0xFE, 0x11, 0x3B, 0xA2, 0x4B, 0x64, 0x23,
    0xCF, 0x46, 0xD2, 0x20, 0x19, 0x25, 0x11, 0x8A, 0xD8, 0xC2, 0x96, 0x4F, 0xDE, 0x55, 0x75, 0xED,
    0x03, 0x1A, 0xB4, 0xE8, 0xB3, 0xA3, 0x03, 0x9B, 0x87, 0xD8, 0x8A, 0x4A, 0xFF, 0x99, 0x3E, 0xE9,
    0x7A, 0x9E, 0x47, 0xB4, 0xD9, 0x87, 0xAC, 0x5B, 0xD6, 0x44, 0x50, 0x6D, 0xDA, 0x54, 0x4B, 0x97,
    0xBD, 0xBB, 0x68, 0x7A, 0x9A, 0xF7, 0xD4, 0x5D, 0xC5, 0x77, 0x0E, 0x77, 0xBE, 0xB9, 0xD2, 0x73,
    0x5F, 0x39, 0x07, 0x47, 0xA8, 0xAF, 0xE0, 0x4F, 0x93, 0x0F, 0x36, 0x4A, 0x5B, 0x6A, 0x70, 0x83,
    0xFE, 0xFD, 0x6F, 0x71, 0xCE, 0x98, 0x80, 0xA6, 0xB7, 0x16, 0xB5, 0x36, 0x6F, 0xA9, 0x51, 0x65,
    0x5C, 0x34, 0x79, 0x04, 0x5B, 0x5E, 0xEE, 0xB7, 0xE5, 0x1D, 0xBE, 0xE5, 0xCA, 0x0B, 0x35, 0xFB,
    0x63, 0x4F, 0xAD, 0x64, 0x8E, 0xBE, 0x99, 0xA3, 0x63, 0x3E, 0x37, 0x3D, 0x97, 0x4E, 0xC2, 0xC8,
    0x83, 0x6C, 0xE2, 0x83, 0x71, 0x0A, 0x75, 0xE8, 0xDB, 0x90, 0x8B, 0xF0, 0xE6, 0x28, 0xB6, 0x03,
    0xF3, 0x07, 0xFC, 0xE2, 0xCD, 0x6B, 0x7D, 0xD3, 0x32, 0x74, 0x95, 0x06, 0x0E, 0xEE, 0xD2, 0xDC,
    0xE8, 0x32, 0x4D, 0xB6, 0x5E, 0x90, 0x1D, 0x5D, 0xA7, 0xCF, 0x74, 0x9F, 0x66, 0xC9, 0xC6, 0x6B,
    0x4E, 0x9F, 0xC4, 0xA0, 0x07, 0x84, 0xC3, 0x40, 0x67, 0xEF, 0xC1, 0x6C, 0x4A, 0xE9, 0xE4, 0x3A,
    0x8B, 0xE4, 0x92, 0xA1, 0x75, 0xBE, 0x0F, 0x0A, 0x4C, 0x1A, 0xF4, 0x5F, 0x2F, 0x2A, 0xB0, 0xEA,
    0xA2, 0xE2, 0x34, 0x60, 0x69, 0xF7, 0xB8, 0x09, 0x36, 0xE4, 0x83, 0x0C, 0xEC, 0xB6, 0x55, 0x62,
    0x7A, 0xB6, 0xB5, 0xAE, 0xE1, 0x7E, 0x43, 0x4B, 0x1A, 0x72, 0x09, 0x34, 0x6A, 0x21, 0x61, 0x1C,
    0xD2, 0xA0, 0xE9, 0x8C, 0xB5, 0xA8, 0x3D, 0xB0, 0x15, 0x0F, 0x5B, 0xBD, 0x7C, 0x68, 0x57, 0x90,
    0x83, 0xB6, 0xDF, 0xD7, 0x4E, 0xB2, 0xF0, 0x0B, 0x1D, 0x2F, 0x12, 0xBF, 0x2B, 0xCA, 0x0A, 0xFE,
    0x1B, 0xA7, 0xD2, 0xCC, 0x8F, 0x54, 0xEA, 0x0F, 0x80, 0x8D, 0x6B, 0xCD, 0xDE, 0x02, 0xD6, 0xA6,
    0xE8, 0xD1, 0x53, 0xD7, 0x14, 0xD4, 0xBC, 0x20, 0xE1, 0xB3, 0x39, 0x68, 0x14, 0x3C, 0xA1, 0x97,
    0x4F, 0x5E, 0x63, 0x29, 0x72, 0x13, 0x67, 0x13, 0x75, 0x18, 0x32, 0x68, 0xA8, 0xFE, 0xBD, 0x3E,
    0x47, 0x1D, 0x4E, 0x35, 0x99, 0x22, 0x89, 0xB1, 0x7A, 0x2A, 0xB8, 0x1C, 0x91, 0x81, 0x16, 0x82,
    0x39, 0x25, 0x73, 0xEC, 0x23, 0x57, 0x33, 0xEF, 0xE1, 0xBA, 0xF5, 0x7C, 0xA8, 0x20, 0x72, 0x8B,
    0x40, 0x3D, 0x60, 0x53, 0xAC, 0x43, 0xC7, 0xE0, 0xC9, 0xA1, 0xE0, 0x0E, 0x6B, 0x35, 0x84, 0x3C,
    0x53, 0x48, 0x0B, 0x85, 0x78, 0x0D, 0xA2, 0xC0, 0x28, 0x06, 0x64, 0x7B, 0x04, 0xE4, 0x22, 0xC7,
    0x4B, 0x19, 0x53, 0x2B, 0x63, 0x96, 0x3C, 0xAE, 0xF0, 0x94, 0xB8, 0x0D, 0xB1, 0xC6, 0x01, 0x7D,
    0x01, 0x1B, 0x44, 0xF6, 0xED, 0x48, 0x39, 0x1A, 0x5C, 0x30, 0x33, 0xB7, 0x2B, 0xE6, 0x70, 0xFC,
    0x48, 0xB1, 0xCC, 0xEA, 0x08, 0xCC, 0xF6, 0x8B, 0x0F, 0xE0, 0xAA, 0x10, 0x64, 0x28, 0xEE, 0x14,
    0x99, 0x8B, 0x3D, 0xBD, 0xAE, 0x6B, 0x23, 0x0D, 0xE8, 0x73, 0x15, 0xE8, 0x0B, 0x25, 0xA8, 0xC8,
    0x9E, 0xD2, 0x25, 0x0B, 0x90, 0x25, 0xA3, 0x17, 0x3B, 0x7B, 0xDF, 0x6F, 0xB8, 0xB4, 0xA6, 0x74,
    0x09, 0xEA, 0x2E, 0x8D, 0x14, 0x3D, 0x85, 0xE2, 0xE8, 0xB2, 0x0A, 0x97, 0xCA, 0x02, 0xA9, 0xB7,
    0xA6, 0x37, 0x0C, 0x42, 0x46, 0x51, 0xAB, 0x0C, 0x34, 0x28, 0xF1, 0x61, 0x9C, 0x21, 0x9B, 0x27,
    0x4B, 0x18, 0x56, 0x63, 0x89, 0x5B, 0x2E, 0xCD, 0xE5, 0x76, 0xF2, 0xF6, 0x12, 0x10, 0x1D, 0xA0,
    0x7E, 0x7B, 0xC4, 0x0E, 0xF8, 0x8E, 0xC5, 0xF6, 0x18, 0x36, 0xE7, 0xC4, 0x9A, 0xE8, 0x1C, 0x43,
    0xF7, 0x18, 0x7A, 0xD5, 0x1C, 0x17, 0x25, 0xD1, 0x2F, 0x88, 0x81, 0xC5, 0x28, 0x23, 0xA6, 0x89,
    0xE2, 0x2B, 0x62, 0x14, 0x65, 0x45, 0x03, 0x4F, 0xAE, 0x4E, 0xF9, 0xCC, 0x64, 0x8D, 0x91, 0xB4,
    0x31, 0x0B, 0xA1, 0xBF, 0x7A, 0x6C, 0xF2, 0x79, 0xD3, 0x62, 0x3B, 0x0F, 0x14, 0xF3, 0xEA, 0x39,
    0x52, 0xD2, 0x3F, 0xBB, 0x8A, 0x7E, 0xAD, 0x56, 0xF4, 0x5B, 0x6E, 0x8C, 0xB1, 0xFF, 0xCD, 0x68,
    0x50, 0xF0, 0x48, 0xAB, 0x49, 0x26, 0x68, 0xA5, 0x7C, 0x26, 0x6F, 0x98, 0xC7, 0xD1, 0x85, 0x02,
    0x68, 0xA5, 0xDA, 0x4C, 0xC4, 0x7A, 0xC4, 0x34, 0x9B, 0x4F, 0x43, 0x04, 0x8D, 0xC3, 0x91, 0x43,
    0xA1, 0x00, 0xB2, 0x36, 0x31, 0x8B, 0x52, 0xB3, 0x73, 0x57, 0xF6, 0xD9, 0x98, 0x00, 0x3E, 0x63,
    0x57, 0x0A, 0x82, 0x14, 0x80, 0x7E, 0x39, 0x14, 0x10, 0x8B, 0x00, 0xB0, 0x0D, 0xD0, 0x28, 0x2C,
    0x00, 0xD4, 0x85, 0x5C, 0x96, 0x5E, 0x5F, 0xD4, 0x26, 0x64, 0x62, 0x4A, 0x4C, 0xD2, 0x3D, 0x8A,
    0xBF, 0xF5, 0x8B, 0xE2, 0x0D, 0xE0, 0x31, 0x77, 0xAD, 0xB9, 0x61, 0xAF, 0x6B, 0x08, 0x55, 0xAB,
    0x88, 0x5E, 0x49, 0x5C, 0x14, 0xA7, 0x84, 0xAA, 0x1D, 0x2B, 0xB6, 0xFF, 0xBA, 0xC5, 0x4B, 0xA7,
    0x87, 0x9E, 0xE5, 0xF7, 0x66, 0x67, 0xE9, 0x37, 0x0B, 0xFC, 0x30, 0xBD, 0x07, 0xFB, 0x0C, 0xFF,
    0xDF, 0x10, 0x7A, 0x36, 0xAB, 0x78, 0x1A, 0x12, 0xAE, 0xDC, 0x2D, 0xF4, 0x6C, 0xA9, 0xD4, 0x69,
    0xA7, 0x41, 0x7B, 0x1E, 0xC1, 0x49, 0xCC, 0xE3, 0x6F, 0x70, 0x53, 0xF1, 0x23, 0xDE, 0xB2, 0xBB,
    0x25, 0xF3, 0xEE, 0xBD, 0x7E, 0x0C, 0x5F, 0x3D, 0x86, 0xDF, 0x1B, 0xAD, 0xB2, 0x9F, 0x37, 0x83,
    0x1B, 0x2F, 0x11, 0xBD, 0xA7, 0x50, 0x72, 0x8F, 0x84, 0x30, 0x7B, 0xEC, 0x6D, 0x5B, 0x38, 0x65,
    0xF9, 0x01, 0x4B, 0x62, 0x9C, 0x19, 0xE4, 0x4C, 0x2F, 0x20, 0xED, 0x93, 0xCA, 0xC4, 0xF2, 0x86,
    0x91, 0x16, 0xCC, 0xCA, 0xE0, 0xB1, 0x44, 0xE7, 0xE8, 0xFF, 0x87, 0x9B, 0xE5, 0x5F, 0x7A, 0xE6,
    0x67, 0x9D, 0x61, 0xD9, 0xD8, 0x77, 0x04, 0x09, 0x8F, 0xC1, 0x20, 0x84, 0xE6, 0x37, 0x60, 0xE2,
    0xCC, 0x2C, 0xDE, 0x53, 0xA6, 0x30, 0xFE, 0xF7, 0xC1, 0x44, 0xA5, 0x09, 0x9E, 0x07, 0x83, 0xA4,
    0x67, 0x9E, 0x65, 0xAE, 0x28, 0xB3, 0x68, 0xCD, 0x96, 0x32, 0x3D, 0xB9, 0xAE, 0x8C, 0xBB, 0x34,
    0x8D, 0x32, 0x4E, 0x67, 0x6A, 0x65, 0x8C, 0xB8, 0x96, 0xC9, 0x9F, 0x2F, 0xC9, 0xC4, 0x3F, 0x28,
    0x2C, 0xF3, 0x7E, 0x46, 0x26, 0xFA, 0x5D, 0x42, 0x26, 0x10, 0x63, 0x99, 0x4E, 0x19, 0x44, 0x23,
    0x80, 0x71, 0x96, 0x3D, 0x05, 0xBF, 0x2B, 0xA5, 0x8B, 0xBC, 0x31, 0x6D, 0x2E, 0x50, 0xB3, 0x45,
    0x96, 0x27, 0x2A, 0xBF, 0xB5, 0x03, 0xD3, 0x58, 0x74, 0x4F, 0x58, 0xF6, 0x17, 0xD5, 0xB1, 0xE8,
    0x63, 0xDE, 0x56, 0xA8, 0x23, 0x3E, 0x22, 0x15, 0x78, 0x6B, 0x56, 0xE0, 0x5D, 0x7B, 0x0E, 0x9D,
    0xF3, 0xBE, 0x19, 0x9E, 0x12, 0xE2, 0x7B, 0xE9, 0x33, 0x9A, 0x2D, 0x5F, 0xD2, 0x91, 0xEC, 0xB4,
    0x2A, 0x01, 0xAE, 0xEA, 0xBE, 0x8C, 0xE0, 0x1A, 0xFD, 0x52, 0x99, 0x73, 0xE9, 0xF8, 0x76, 0x89,
    0x90, 0x13, 0x24, 0x19, 0x8C, 0xA4, 0xAC, 0x9B, 0xA1, 0xF0, 0x3B, 0x06, 0xF0, 0xFF, 0x90, 0xEB,
    0xBB, 0x5F, 0xA7, 0x57, 0x03, 0x1F, 0xBD, 0x18, 0xC0, 0x10, 0x2D, 0xC2, 0xF5, 0x41, 0x53, 0x16,
    0x00, 0xF3, 0x92, 0xBA, 0xB5, 0x8A, 0xBB, 0x57, 0x31, 0x8D, 0x1B, 0x62, 0x39, 0x91, 0x75, 0x62,
    0x67, 0xB7, 0xE6, 0x12, 0x70, 0x0F, 0x61, 0x6F, 0xDE, 0x69, 0x54, 0x5A, 0x17, 0x4B, 0x15, 0x53,
    0xCD, 0xA1, 0x4E, 0x43, 0x4E, 0xCB, 0x04, 0x59, 0x0D, 0x40, 0x6B, 0x94, 0x60, 0xBA, 0xA1, 0xEF,
    0xCA, 0x03, 0xD9, 0x83, 0x82, 0x20, 0x74, 0xBC, 0x33, 0x17, 0xCD, 0x25, 0xEC, 0x17, 0xAB, 0xE6,
    0x9F, 0xD8, 0x32, 0x3A, 0x77, 0x56, 0x27, 0xAE, 0x7B, 0x63, 0x3F, 0x61, 0x6A, 0x2D, 0x4F, 0xBE,
    0xD1, 0x31, 0x73, 0xD9, 0xA2, 0xD1, 0x8C, 0xBF, 0x38, 0xC3, 0x1B, 0x34, 0x8D, 0xAC, 0xC9, 0x46,
    0x8A, 0x56, 0x46, 0xBE, 0xE1, 0x37, 0xD3, 0x22, 0x68, 0xE0, 0xF5, 0x53, 0x69, 0xBE, 0x4B, 0x92,
    0x78, 0x4D, 0x52, 0xD4, 0x57, 0x95, 0x22, 0x6C, 0xFC, 0x1F, 0x96, 0xBE, 0x74, 0xC1, 0xCA, 0x91,
    0x36, 0xE8, 0x28, 0x07, 0xEC, 0x1D, 0x34, 0xF2, 0x0A, 0x20, 0x4E, 0xC7, 0x77, 0x0A, 0x57, 0xD7,
    0xDA, 0xF8, 0xE3, 0xDC, 0x3B, 0x67, 0xD7, 0x92, 0xFB, 0x6C, 0x7B, 0x67, 0x9D, 0xEE, 0x9C, 0xAA,
    0x5A, 0xC3, 0x20, 0xD0, 0xFD, 0xBC, 0xD1, 0xE6, 0x6D, 0x8C, 0xAB, 0x06, 0x20, 0x44, 0x35, 0xB4,
    0xDA, 0xC4, 0x0D, 0x67, 0x23, 0x61, 0x60, 0x99, 0x6D, 0x30, 0xDF, 0xC2, 0xB4, 0x0A, 0x0C, 0xB6,
    0xC6, 0x32, 0x6E, 0x6D, 0x19, 0xAF, 0xB0, 0x8C, 0x9F, 0x59, 0x26, 0xD0, 0xC7, 0x3F, 0x3A, 0x09,
    0x0C, 0x8B, 0x67, 0xDA, 0xAF, 0x5A, 0xCB, 0x38, 0x87, 0x3B, 0x2F, 0x37, 0x83, 0x61, 0x48, 0x99,
    0xC5, 0x6D, 0xF4, 0x05, 0xD5, 0x36, 0xEE, 0x13, 0x1A, 0xCB, 0x5C, 0x25, 0x13, 0x98, 0xEB, 0x64,
    0x42, 0xD3, 0x92, 0x89, 0xDC, 0x86, 0x4C, 0xAC, 0xD9, 0xDA, 0x11, 0xAC, 0xA0, 0xA6, 0x2E, 0x6E,
    0x95, 0x0F, 0xDA, 0xA1, 0xDD, 0x9D, 0xEF, 0xB0, 0xE9, 0x43, 0xDB, 0xFA, 0xF9, 0x9F, 0x44, 0x3B,
    0x60, 0x65, 0x52, 0x74, 0x6A, 0xDC, 0x9A, 0xA8, 0x40, 0x37, 0xC0, 0x85, 0x11, 0x3D, 0x51, 0x71,
    0x65, 0x38, 0x2A, 0xD7, 0xE8, 0x37, 0xE8, 0x92, 0x0F, 0x70, 0xD6, 0x5C, 0x24, 0x6D, 0xD0, 0x31,
    0xB7, 0x7B, 0x63, 0xAD, 0xF6, 0x0D, 0xD3, 0x4C, 0x46, 0x25, 0x9F, 0xE4, 0x03, 0xC6, 0x95, 0xC5,
    0x9A, 0x88, 0x3C, 0x3D, 0x59, 0x54, 0x3A, 0x7F, 0x41, 0xE1, 0xB7, 0xBE, 0xC3, 0x7E, 0x2F, 0x7B,
    0x61, 0xE1, 0x8B, 0x46, 0x88, 0x24, 0x0E, 0xBC, 0xE3, 0xA5, 0xE5, 0xF3, 0xE5, 0xB2, 0xE9, 0x51,
    0x13, 0x09, 0xC5, 0x78, 0x14, 0xB1, 0xA2, 0x04, 0x33, 0xBB, 0x99, 0xB0, 0x83, 0x78, 0xB8, 0x72,
    0x68, 0x66, 0xDB, 0x24, 0xC4, 0x36, 0xD1, 0x10, 0x5B, 0x8D, 0x1F, 0x88, 0x94, 0x06, 0x99, 0xDA,
    0x5B, 0x2C, 0x3D, 0x5F, 0x88, 0xAD, 0x48, 0xA5, 0xB4, 0xE6, 0x27, 0xE7, 0xA7, 0x35, 0xA8, 0xA3,
    0xD4, 0xAD, 0x35, 0x54, 0xA7, 0x76, 0x7A, 0x1A, 0xD6, 0xDA, 0x70, 0x75, 0x4E, 0x53, 0xE0, 0x35,
    0x73, 0x0D, 0x57, 0xB6, 0xC4, 0x0C, 0x07, 0xD2, 0xE0, 0xAE, 0xE8, 0x45, 0x48, 0xFD, 0x91, 0x9B,
    0x2D, 0xC1, 0x49, 0xE7, 0x4E, 0x4F, 0x0E, 0x5A, 0xD6, 0x19, 0x47, 0xF9, 0x4D, 0x6D, 0xCE, 0x2C,
    0xCE, 0x98, 0xCB, 0x0F, 0x69, 0xFD, 0x40, 0xDE, 0xDC, 0x49, 0x0B, 0x9D, 0x92, 0xC0, 0x8E, 0x9E,
    0x4D, 0xB2, 0x62, 0x33, 0x24, 0x6B, 0x52, 0x8B, 0xD1, 0x55, 0xFF, 0x9F, 0x64, 0xD1, 0x39, 0x39,
    0x67, 0x89, 0xEB, 0xB4, 0xBC, 0x2C, 0x9C, 0x42, 0xFD, 0x52, 0x87, 0xA7, 0xA6, 0x32, 0x46, 0x30,
    0x2C, 0xDE, 0x6A, 0x10, 0x98, 0x4C, 0x7C, 0x10, 0xA3, 0xA9, 0x57, 0x5C, 0x43, 0xCF, 0x52, 0xA5,
    0x36, 0xF6, 0x10, 0xBD, 0xF2, 0xD2, 0x52, 0xB0, 0x0D, 0x34, 0xC1, 0xE7, 0xB9, 0xA5, 0xD8, 0x33,
    0xCD, 0x86, 0xDC, 0x8A, 0x41, 0x13, 0x17, 0x4C, 0x9D, 0xA7, 0x19, 0x15, 0xAB, 0xC1, 0x7F, 0x52,
    0xE0, 0x75, 0xEA, 0x32, 0x57, 0xC3, 0x72, 0x2C, 0xD0, 0xD9, 0x0D, 0x95, 0x42, 0xD8, 0x4C, 0x82,
    0x58, 0x10, 0x28, 0x3C, 0x41, 0xB9, 0xE8, 0x10, 0x58, 0x9A, 0x27, 0x17, 0xEE, 0x5A, 0x7E, 0x72,
    0x20, 0xB1, 0x88, 0x58, 0xF2, 0xDB, 0x9D, 0x97, 0x6B, 0xE4, 0xDD, 0x54, 0x52, 0xF5, 0xBB, 0x87,
    0x65, 0x88, 0x5B, 0xA7, 0x2D, 0x8B, 0xE2, 0x88, 0x2D, 0x61, 0x1D, 0x49, 0x39, 0x34, 0x93, 0x5A,
    0x62, 0x42, 0x2D, 0xD4, 0x11, 0xB1, 0xA6, 0x81, 0xD2, 0x20, 0x0B, 0x4F, 0x5A, 0xA9, 0x1F, 0xD1,
    0x66, 0xBD, 0x88, 0x3C, 0x54, 0x2B, 0x17, 0x85, 0x34, 0x3D, 0x4B, 0xCC, 0x4D, 0xA7, 0x31, 0xB3,
    0xED, 0x33, 0x69, 0x7E, 0x6C, 0xD7, 0xD6, 0x56, 0x2C, 0xAF, 0xF1, 0xD7, 0x9A, 0x6B, 0x1B, 0xDC,
    0x85, 0x75, 0xEB, 0x69, 0xDA, 0x57, 0xF3, 0xB7, 0x55, 0x84, 0x87, 0xBE, 0x8A, 0xE0, 0xD7, 0x41,
    0xC9, 0x31, 0xAC, 0xFD, 0x4E, 0xE4, 0x05, 0x17, 0x86, 0xDB, 0x63, 0xB0, 0x8A, 0x60, 0x36, 0x54,
    0x91, 0x8B, 0x93, 0x5C, 0x67, 0xEC, 0x2C, 0xAB, 0x03, 0x3E, 0xE2, 0x14, 0xF5, 0xC4, 0x36, 0xC4,
    0x72, 0x77, 0xB4, 0xD2, 0x55, 0x26, 0x6C, 0xF0, 0xC7, 0xC0, 0xFB, 0xB8, 0xD0, 0x88, 0xEE, 0x0C,
    0x0B, 0x9F, 0x9B, 0x09, 0xE8, 0x3C, 0x8A, 0x1B, 0x3D, 0x42, 0x41, 0x1A, 0x2A, 0x7B, 0x48, 0x83,
    0xEF, 0x18, 0x77, 0x3D, 0xC4, 0x72, 0xB7, 0xA0, 0x3C, 0xD6, 0x95, 0x69, 0x44, 0xB7, 0x71, 0x94,
    0x86, 0x4A, 0xC7, 0x58, 0xEE, 0xCE, 0xC4, 0x25, 0x63, 0xB9, 0x71, 0x26, 0x3E, 0x5C, 0xDD, 0x6D,
    0x28, 0x25, 0xCD, 0x6A, 0x06, 0x3D, 0xAA, 0xA5, 0x66, 0xFC, 0x26, 0xA8, 0xCD, 0x02, 0xC4, 0xAB,
    0x4E, 0xC8, 0x13, 0x73, 0x57, 0xA3, 0xFC, 0x0A, 0x8A, 0x54, 0x37, 0xD3, 0x22, 0xD5, 0x20, 0x1B,
    0x20, 0x43, 0x0C, 0x77, 0x63, 0x67, 0x96, 0x29, 0x4D, 0xF8, 0x5A, 0x88, 0xA8, 0x59, 0x3B, 0x87,
    0x0A, 0xC9, 0xD3, 0x5A, 0x93, 0x05, 0x5C, 0x0E, 0xA2, 0x39, 0x75, 0xA3, 0xA3, 0x83, 0x86, 0x85,
    0xB0, 0x99, 0xAD, 0x01, 0x16, 0x7F, 0xBC, 0x97, 0xE5, 0x84, 0xD6, 0x9A, 0x51, 0xB2, 0x34, 0x8B,
    0x04, 0xDE, 0x39, 0x0B, 0xEB, 0xB1, 0xE5, 0x34, 0xE3, 0xC4, 0x96, 0xB2, 0xC5, 0x1E, 0x6A, 0x27,
    0x55, 0x2A, 0x21, 0xDF, 0xCC, 0x73, 0xB0, 0xCE, 0x48, 0x1C, 0x3C, 0xC0, 0xD0, 0x78, 0x36, 0xE7,
    0xE0, 0x29, 0x5B, 0xAE, 0x49, 0x11, 0x64, 0x18, 0xD0, 0x06, 0xA3, 0x9B, 0xE7, 0x89, 0xD6, 0xE5,
    0x59, 0xC6, 0x83, 0x55, 0xDF, 0xAD, 0xD7, 0x9F, 0x77, 0xC9, 0x90, 0xF2, 0xEF, 0x49, 0x5B, 0x7F,
    0x68, 0x5A, 0x58, 0x97, 0xA3, 0x64, 0x71, 0x17, 0xE2, 0xD7, 0x5F, 0xD6, 0xFB, 0x2E, 0x1E, 0x55,
    0xA9, 0xA1, 0xFE, 0x2C, 0x26, 0x3A, 0xDC, 0xD5, 0x76, 0x43, 0xC8, 0xED, 0x8B, 0xAC, 0x4C, 0xB7,
    0x3F, 0xF3, 0xE9, 0xE2, 0x7B, 0x6E, 0x7F, 0x35, 0x09, 0xC2, 0xB2, 0xE1, 0xBA, 0xCC, 0x26, 0x5C,
    0x12, 0x8C, 0xDE, 0xE2, 0xD0, 0x0D, 0x7C, 0xF7, 0xA8, 0x14, 0x01, 0x35, 0x1B, 0x5C, 0x30, 0xC2,
    0xB4, 0x89, 0x9D, 0x5A, 0xC4, 0x19, 0xDF, 0x13, 0x83, 0x2C, 0x02, 0x70, 0xFB, 0xEB, 0xED, 0x64,
    0x2A, 0x13, 0x54, 0x24, 0xA8, 0x39, 0x58, 0x98, 0x2B, 0x0F, 0x8F, 0x52, 0xCF, 0xDB, 0x2B, 0x6A,
    0x17, 0x35, 0x60, 0xE9, 0x37, 0xFA, 0x4E, 0xC1, 0xAD, 0xA1, 0xA9, 0x9C, 0xDC, 0x1E, 0x78, 0x69,
    0x13, 0x00, 0xEB, 0x96, 0x8C, 0x20, 0x33, 0xC8, 0x09, 0x0F, 0xAF, 0xB4, 0x09, 0xB5, 0x58, 0x67,
    0xE9, 0xF5, 0x3B, 0xAF, 0xA0, 0xC5, 0x82, 0x98, 0xF6, 0xB8, 0x16, 0x3B, 0x2F, 0x81, 0xF2, 0xD6,
    0xC7, 0x96, 0x40, 0x41, 0x5B, 0xCA, 0x9C, 0xE0, 0x8B, 0x8F, 0x2D, 0x81, 0xF2, 0xD6, 0x38, 0xD7,
    0x7A, 0x48, 0x75, 0x64, 0x2C, 0x08, 0x67, 0x82, 0x84, 0x7B, 0x6F, 0xEC, 0xFA, 0x3C, 0x8D, 0x2D,
    0x9F, 0xAC, 0x8E, 0x0C, 0x1B, 0xB1, 0xDF, 0x2C, 0xC1, 0xDB, 0x7B, 0xAF, 0x23, 0x73, 0xCA, 0x48,
    0x5F, 0x2E, 0x00, 0x4E, 0x73, 0xCA, 0x48, 0x7F, 0x2C, 0x1B, 0xFF, 0xD2, 0x39, 0xE7, 0x6B, 0x9F,
    0x41, 0x27, 0xDD, 0xAB, 0xA2, 0xBC, 0x09, 0x9D, 0xC3, 0x91, 0x41, 0x51, 0x2E, 0x54, 0x4B, 0x56,
    0x45, 0x79, 0xB1, 0xA4, 0xDA, 0xAA, 0x99, 0x5E, 0x44, 0xD3, 0xDE, 0x49, 0x36, 0x89, 0x8D, 0x24,
    0x2D, 0x27, 0xB4, 0xD2, 0xA9, 0x53, 0x65, 0x16, 0xA0, 0x50, 0x1A, 0xD3, 0x8A, 0x9F, 0x8F, 0xFB,
    0xCC, 0x23, 0x33, 0x1D, 0xED, 0x94, 0x51, 0x51, 0xEE, 0x60, 0x75, 0xF7, 0x96, 0xD8, 0x2B, 0x68,
    0xA0, 0xD9, 0xA5, 0xA5, 0x2A, 0xCA, 0x89, 0x41, 0x3E, 0x00, 0x6A, 0x76, 0x9C, 0xFA, 0x70, 0xDE,
    0x83, 0xC9, 0x0E, 0x38, 0x84, 0x5A, 0xF9, 0xC5, 0x49, 0x45, 0xF9, 0x0D, 0x1D, 0x75, 0x19, 0x14,
    0xE5, 0x7A, 0xA6, 0x28, 0x1B, 0x31, 0x1B, 0x53, 0x7B, 0x4D, 0xCA, 0xC1, 0xD2, 0x3F, 0x87, 0xF3,
    0x82, 0xD9, 0x58, 0xBE, 0xB2, 0xCF, 0x91, 0x93, 0x91, 0x60, 0xE7, 0xA7, 0x71, 0xD8, 0x6B, 0x78,
    0x28, 0xBC, 0x6B, 0xDC, 0x25, 0xCB, 0xB6, 0xC6, 0x47, 0x39, 0x4E, 0x71, 0x5D, 0x98, 0xDD, 0x81,
    0x7F, 0xA1, 0x4E, 0x83, 0x96, 0xE3, 0xBB, 0xD9, 0xB6, 0xC3, 0x10, 0x32, 0xEC, 0x90, 0x4A, 0xBD,
    0x2B, 0xB7, 0xE0, 0x16, 0xB4, 0x10, 0x84, 0xFC, 0x70, 0x1E, 0xD1, 0x72, 0x71, 0x82, 0x39, 0xC3,
    0xB0, 0x8A, 0xC2, 0xC4, 0x7E, 0x10, 0x0B, 0xBF, 0xD0, 0xB1, 0x19, 0x30, 0xA6, 0x29, 0xE4, 0x7C,
    0xE5, 0x0A, 0xF5, 0xE6, 0x2D, 0x2A, 0xCE, 0x8C, 0xB6, 0xCA, 0x1A, 0x36, 0x30, 0x1D, 0xCC, 0xFE,
    0x8E, 0x01, 0xAC, 0x7F, 0xA6, 0x8F, 0xC7, 0x47, 0x8C, 0x6D, 0x9E, 0x85, 0x97, 0x39, 0xAB, 0x59,
    0xB8, 0xD1, 0x74, 0xBD, 0xF7, 0xD2, 0x93, 0xEC, 0x3E, 0x61, 0x44, 0x16, 0x0F, 0x0B, 0x56, 0xD3,
    0xF4, 0xA3, 0x4F, 0xEC, 0xEF, 0xEF, 0xB1, 0x7E, 0x2A, 0xF9, 0xBB, 0xD7, 0x3B, 0x0F, 0xA4, 0xD1,
    0x38, 0xB3, 0x0A, 0x71, 0x42, 0xA9, 0x59, 0xC7, 0x99, 0x71, 0xEE, 0x01, 0xDD, 0x3B, 0xD7, 0xFF,
    0x1C, 0x67, 0x8E, 0x4E, 0x14, 0x5D, 0xD6, 0x3B, 0x2F, 0xD5, 0x4D, 0xB1, 0x80, 0x56, 0xED, 0x67,
    0xC7, 0xEA, 0x9D, 0xAF, 0x74, 0xD1, 0xBA, 0x63, 0xBD, 0xF3, 0xEB, 0x8C, 0x60, 0x3A, 0x61, 0xD6,
    0x29, 0x95, 0x4E, 0xDC, 0x35, 0x23, 0x2A, 0x68, 0x63, 0x28, 0xAE, 0x3B, 0xA6, 0xEE, 0xDA, 0x64,
    0x29, 0x90, 0xD1, 0x34, 0x33, 0x58, 0x67, 0xF8, 0x64, 0x33, 0xFA, 0x6C, 0xC3, 0x3B, 0xC2, 0xFC,
    0xF9, 0xF6, 0x98, 0xF7, 0x33, 0x05, 0x8F, 0x92, 0x47, 0xD1, 0x03, 0xDF, 0xD3, 0xC5, 0x28, 0x7C,
    0x8F, 0x57, 0xCF, 0x3B, 0x2F, 0x6A, 0x6D, 0x1C, 0xBF, 0x8D, 0xAA, 0xB1, 0xAC, 0x09, 0xAC, 0xC0,
    0x2C, 0x75, 0x05, 0x58, 0x7A, 0x56, 0x75, 0x2D, 0x1E, 0xF7, 0x01, 0xC0, 0xB4, 0x64, 0x97, 0x55,
    0xC1, 0xCF, 0x8B, 0xA1, 0xE0, 0x4D, 0xEE, 0x2E, 0x55, 0x36, 0x50, 0x15, 0x40, 0x07, 0x86, 0x5F,
    0x84, 0x8F, 0xDB, 0x30, 0x38, 0x39, 0xB7, 0x4B, 0xCF, 0x3F, 0xB7, 0x7B, 0x60, 0xD1, 0x48, 0xA7,
    0xBF, 0x0A, 0x62, 0x3C, 0x60, 0x45, 0x0C, 0x57, 0xE6, 0x94, 0x68, 0xA4, 0xA3, 0xE4, 0xBE, 0xBD,
    0x64, 0x4E, 0x8F, 0x46, 0xE2, 0xED, 0x81, 0x16, 0x2C, 0x9A, 0xB0, 0x48, 0x69, 0xC4, 0x3A, 0xB9,
    0x9D, 0x3B, 0x7A, 0x69, 0x4E, 0x65, 0x42, 0xF3, 0x02, 0x4C, 0xDC, 0x1D, 0x8C, 0xD1, 0x4B, 0xDF,
    0xB9, 0xC6, 0xA5, 0xDE, 0x93, 0xF4, 0x94, 0xE8, 0xA5, 0xF9, 0x6A, 0x56, 0x32, 0x26, 0x8C, 0x0D,
    0x4F, 0x4F, 0x18, 0xFB, 0xB0, 0xE9, 0x69, 0x69, 0x9E, 0x5D, 0xA5, 0x26, 0x3E, 0x25, 0x7B, 0x80,
    0x77, 0x82, 0x3A, 0xC9, 0xBD, 0xA4, 0xE0, 0xBD, 0x77, 0x92, 0xAD, 0x53, 0xF0, 0xA2, 0xD9, 0x6C,
    0xD1, 0x2D, 0x90, 0x68, 0x9E, 0x1F, 0xD9, 0x9F, 0x93, 0x05, 0x88, 0x63, 0x06, 0x55, 0x5A, 0xB7,
    0x15, 0x85, 0x90, 0xDA, 0xB4, 0x6E, 0x9D, 0xBB, 0xCE, 0x9D, 0xD8, 0x02, 0xCE, 0x16, 0x31, 0xE3,
    0xD0, 0x7E, 0x42, 0x45, 0x44, 0x05, 0x6C, 0x23, 0xEF, 0xAE, 0x71, 0xA4, 0xD2, 0x15, 0x9C, 0x32,
    0xFE, 0x89, 0x19, 0x91, 0x6C, 0x60, 0x5A, 0x32, 0xC9, 0x42, 0x2C, 0x63, 0x24, 0xB3, 0x4C, 0x5C,
    0x58, 0x26, 0xAA, 0x2C, 0x13, 0xD6, 0x67, 0x33, 0xB3, 0x9D, 0xE3, 0x72, 0xF6, 0x3B, 0x3A, 0x30,
    0x7B, 0xC6, 0xE9, 0xC7, 0x69, 0x47, 0xFF, 0x37, 0x91, 0xE6, 0x09, 0x91, 0xBD, 0x14, 0xB9, 0xD4,
    0xA9, 0x7B, 0x39, 0xC9, 0x86, 0x75, 0x26, 0x8A, 0x8A, 0x69, 0x41, 0x2E, 0xA2, 0xDE, 0x9A, 0xCF,
    0x51, 0x37, 0x22, 0x15, 0x3C, 0x9F, 0xE0, 0x6E, 0x74, 0xCB, 0x60, 0x35, 0xC6, 0x15, 0xBB, 0x20,
    0xD6, 0xA9, 0xA9, 0x86, 0xE8, 0x9D, 0x81, 0xB2, 0xFF, 0x06, 0x51, 0x24, 0x53, 0xDC, 0xC9, 0x6B,
    0x7E, 0xEF, 0xB7, 0x44, 0x6F, 0x39, 0x47, 0x77, 0x65, 0xF1, 0xD8, 0xE7, 0x8B, 0x25, 0x27, 0x64,
    0x51, 0x1D, 0x2C, 0xF5, 0x8A, 0x7F, 0x91, 0x4B, 0x95, 0x8A, 0x1C, 0xE2, 0xFC, 0x1E, 0x85, 0x44,
    0xD8, 0x52, 0x8D, 0x89, 0xB0, 0x9D, 0x13, 0xD4, 0xAD, 0x40, 0x5E, 0x00, 0x5D, 0xE8, 0x30, 0xF5,
    0x38, 0xC1, 0xFA, 0x99, 0xF9, 0xB4, 0x12, 0x67, 0xCB, 0x70, 0x84, 0xF1, 0xE6, 0x64, 0xD1, 0x93,
    0x7F, 0x11, 0xAA, 0xDF, 0x59, 0x06, 0x82, 0x13, 0x6D, 0xCD, 0xE3, 0x90, 0x74, 0xA1, 0xCA, 0xA5,
    0x1A, 0xAB, 0x2F, 0x9F, 0x80, 0xB1, 0x73, 0xBE, 0x56, 0xF1, 0x34, 0x4A, 0x42, 0x61, 0x33, 0x69,
    0x7D, 0xDA, 0xD9, 0x16, 0x96, 0xD3, 0x6C, 0x0B, 0xAD, 0x9E, 0x3F, 0xDB, 0xE9, 0xFA, 0x84, 0xBE,
    0x3A, 0x56, 0xF7, 0xFB, 0x1F, 0x3A, 0x4F, 0xE6, 0xF5, 0x49, 0x05, 0xFA, 0xDD, 0xE4, 0x21, 0x76,
    0x9B, 0xCB, 0xC2, 0xED, 0x1E, 0x60, 0xA5, 0x0D, 0x95, 0x3C, 0xFC, 0x6E, 0xBB, 0xE7, 0xE6, 0x77,
    0xF7, 0xFB, 0x1B, 0x04, 0x4F, 0x32, 0x71, 0x76, 0x76, 0x3F, 0xDC, 0xB9, 0xBF, 0xE6, 0x6F, 0xF4,
    0x3C, 0xDA, 0x7F, 0x06, 0xED, 0xDB, 0x01, 0xC4, 0x24, 0x69, 0x7E, 0xC7, 0xF1, 0x4F, 0x55, 0xDD,
    0x3B, 0x2D, 0x5B, 0x5C, 0x6D, 0x62, 0x97, 0xBD, 0x7B, 0x73, 0xDB, 0xC1, 0x61, 0x6F, 0x93, 0xDD,
    0x0E, 0x02, 0xD8, 0x99, 0xAE, 0x4B, 0x70, 0x38, 0xDC, 0x60, 0xDF, 0x84, 0x1C, 0x2E, 0x38, 0x24,
    0x87, 0x4C, 0x00, 0x23, 0x76, 0xAE, 0x8B, 0x0B, 0x00, 0x37, 0xC4, 0x01, 0xB0, 0xD8, 0xB0, 0x3B,
    0x8B, 0x81, 0xC5, 0x62, 0x77, 0xBB, 0x2E, 0x21, 0x01, 0x28, 0xE2, 0x00, 0x5C, 0x93, 0x3B, 0x21,
    0x8B, 0xAB, 0xA3, 0x42, 0xEF, 0x5C, 0x75, 0xFD, 0x33, 0x6F, 0x3F, 0x9B, 0xF6, 0x76, 0xB2, 0x47,
    0x5C, 0x2E, 0x99, 0x77, 0xDE, 0x99, 0xC7, 0x5B, 0xBF, 0x9F, 0x32, 0xFD, 0xBC, 0xF3, 0x54, 0x7D,
    0x7F, 0xFF, 0xAE, 0xE7, 0xFF, 0xB6, 0xC6, 0x73, 0xC0, 0x1A, 0x88, 0x1A, 0xB2, 0x68, 0xA0, 0x88,
    0x16, 0x8A, 0x1F, 0x77, 0x50, 0x7E, 0x7F, 0x03, 0xD5, 0x37, 0x7A, 0x98, 0xCF, 0x06, 0x78, 0xB5,
    0x18, 0xE1, 0x7A, 0xB2, 0x37, 0xB2, 0x09, 0xB6, 0x02, 0x06, 0x51, 0x93, 0xF7, 0x56, 0x0D, 0xC5,
    0xC6, 0xB2, 0x65, 0xD6, 0x5A, 0x74, 0x94, 0x3F, 0x3A, 0xBB, 0xD5, 0x53, 0x45, 0x44, 0xCF, 0xFC,
    0xDE, 0xBD, 0xFB, 0x03, 0x37, 0x98, 0x8D, 0x5C, 0xA7, 0x18, 0xF9, 0x80, 0x7C, 0x62, 0x8B, 0x90,
    0x0D, 0x88, 0xBA, 0xE8, 0xB1, 0x6E, 0x66, 0x03, 0xA2, 0xBB, 0x1F, 0x77, 0xFD, 0x6E, 0x4C, 0x11,
    0x1B, 0xCB, 0x08, 0xC7, 0x83, 0x97, 0x80, 0x00, 0xD9, 0x91, 0x99, 0x00, 0x70, 0x72, 0xAF, 0x66,
    0x1D, 0x5B, 0x45, 0xFC, 0xF1, 0x64, 0xB6, 0xB5, 0xAE, 0x67, 0x83, 0x65, 0x53, 0xF4, 0x96, 0xAD,
    0x37, 0x2D, 0x5A, 0x0E, 0xE2, 0x64, 0xD5, 0xBA, 0x15, 0xD1, 0x16, 0xF1, 0x83, 0x55, 0x5B, 0x0D,
    0x16, 0xED, 0x62, 0xF3, 0x50, 0x96, 0x6D, 0x92, 0xE5, 0x41, 0x56, 0xED, 0xA2, 0xCB, 0xA2, 0x9D,
    0x0F, 0xE5, 0xF7, 0xBB, 0x32, 0xA6, 0x6A, 0x97, 0xC5, 0xB6, 0x9A, 0x9C, 0xD4, 0x00, 0xBE, 0x8D,
    0x6C, 0x42, 0x1E, 0x49, 0xB0, 0x03, 0x90, 0x47, 0x0D, 0x55, 0xF4, 0xF0, 0xF9, 0x7C, 0x80, 0xCF,
    0x65, 0x5B, 0x90, 0xCE, 0xDC, 0xDA, 0x80, 0x8F, 0x6A, 0xF0, 0x06, 0x70, 0x1B, 0x80, 0x2B, 0x85,
    0xF7, 0x75, 0x54, 0xD1, 0x32, 0x7F, 0xB7, 0xE7, 0xB7, 0xF3, 0x1E, 0x7B, 0x29, 0x7B, 0x44, 0x83,
    0x2D, 0xBC, 0x07, 0x7F, 0xF6, 0x88, 0xE9, 0xBE, 0x5C, 0x27, 0x32, 0x20, 0x41, 0x8B, 0x62, 0x83,
    0x22, 0xFE, 0xB1, 0x46, 0xF9, 0xF1, 0x06, 0x16, 0x7F, 0xB8, 0x85, 0x3B, 0xEE, 0xC0, 0x4D, 0x27,
    0x57, 0x13, 0x1D, 0xC0, 0x1A, 0x8C, 0x78, 0x27, 0xEF, 0xC9, 0xE3, 0x6B, 0x2D, 0xB3, 0x68, 0x51,
    0xFD, 0x53, 0x8F, 0x1B, 0xB6, 0x18, 0xBC, 0x0A, 0xC7, 0x35, 0x2A, 0x61, 0x4C, 0x1C, 0x13, 0x48,
    0x7B, 0x92, 0x12, 0xCA, 0xC4, 0x92, 0x83, 0x4A, 0x38, 0xF7, 0x3C, 0xED, 0x81, 0xDA, 0x13, 0xB5,
    0x47, 0x6A, 0xD9, 0x26, 0x3D, 0xFA, 0x59, 0xB5, 0xF6, 0x5C, 0xED, 0xC1, 0xDA, 0x93, 0x95, 0xD0,
    0x26, 0xB6, 0xD9, 0xDB, 0xC0, 0x04, 0x2C, 0x80, 0xB2, 0x0D, 0xC8, 0xFE, 0x36, 0x5A, 0x4F, 0x24,
    0xDC, 0x15, 0x98, 0xB7, 0x30, 0xEB, 0x5E, 0xAE, 0xC9, 0xFA, 0x75, 0x87, 0xDF, 0x8C, 0x1E, 0xC5,
    0xCF, 0x47, 0x54, 0xCD, 0x12, 0xD7, 0x95, 0x8D, 0xA3, 0x91, 0x7D, 0xE7, 0x2E, 0x16, 0x31, 0x21,
    0x7E, 0xB4, 0x6E, 0x64, 0x93, 0x45, 0x27, 0xDB, 0xA9, 0x36, 0x8C, 0xAA, 0x9E, 0x97, 0x94, 0x3D,
    0x2E, 0x6A, 0xF6, 0xAD, 0x9E, 0xD3, 0x88, 0x9E, 0xF8, 0xE9, 0xB7, 0x7A, 0xC5, 0x4E, 0xD9, 0x2B,
    0xB7, 0xE7, 0x5A, 0xF5, 0x49, 0x8F, 0x7E, 0xE6, 0xBD, 0x72, 0xB0, 0xEA, 0xCD, 0x76, 0xF9, 0xBF,
    0x0C, 0xF2, 0x88, 0xEF, 0x45, 0x6D, 0x35, 0x15, 0xD1, 0xC8, 0x6E, 0x02, 0xBE, 0x58, 0x83, 0x55,
    0x0F, 0x9E, 0x7D, 0x1F, 0xB8, 0x0D, 0xF2, 0x01, 0xA2, 0x6C, 0x50, 0xC4, 0x0F, 0x9F, 0x4C, 0xD4,
    0x2C, 0x3B, 0xFC, 0xF5, 0x00, 0xB7, 0x61, 0xE0, 0x9D, 0x72, 0x23, 0x8F, 0xAF, 0xA7, 0x62, 0x4E,
    0xB5, 0x7C, 0xC3, 0x36, 0x55, 0xF2, 0xA3, 0x7D, 0xD4, 0x3E, 0xD4, 0x13, 0x58, 0x0C, 0x15, 0xAC,
    0x62, 0x0D, 0xC3, 0xAD, 0x1D, 0x6C, 0xF2, 0x0D, 0x00, 0x04, 0x28, 0x9E, 0xC0, 0x22, 0x9E, 0xDF,
    0x2D, 0x59, 0xED, 0xE6, 0x4C, 0xB1, 0xA3, 0x9F, 0x6F, 0xA9, 0xD5, 0x78, 0x07, 0x79, 0xD4, 0x97,
    0x91, 0xAC, 0x33, 0x90, 0x45, 0x7D, 0x11, 0x5B, 0x6C, 0x60, 0xFE, 0x0F, 0x03, 0xDC, 0x30, 0xFA,
    0xCC, 0x07, 0x0A, 0x9E, 0xEE, 0x7C, 0x9D, 0x21, 0x0B, 0xD2, 0xF5, 0x96, 0xD1, 0x31, 0xFF, 0xDE,
    0x9E, 0xF0, 0x98, 0x6E, 0xDA, 0xE5, 0xDF, 0x26, 0x2B, 0x06, 0x50, 0x6E, 0xC0, 0xBC, 0x01, 0xD7,
    0xD3, 0xCC, 0x67, 0xBF, 0x00, 0x6F, 0xA4, 0xD3, 0xE5, 0xD9, 0x08, 0x8B, 0x18, 0x90, 0x2E, 0x16,
    0x67, 0x57, 0x34, 0x12, 0xD9, 0x4D, 0xCC, 0x7A, 0x54, 0x2D, 0x16, 0x70, 0x1B, 0xEF, 0x7B, 0x85,
    0x3B, 0x3E, 0x60, 0xF9, 0xB3, 0x2D, 0x55, 0xF4, 0xA9, 0xBE, 0x1F, 0x31, 0xE9, 0x65, 0x03, 0xAA,
    0x0E, 0x14, 0x3D, 0xB0, 0x4D, 0x18, 0x9F, 0x7B, 0x62, 0x31, 0x3E, 0x0F, 0x8B, 0x96, 0x94, 0xEF,
    0xBC, 0x87, 0x37, 0x2E, 0x2F, 0x46, 0xCF, 0x82, 0x22, 0x92, 0x7D, 0xB3, 0x4D, 0x9E, 0xAC, 0x6C,
    0xC0, 0x9D, 0x04, 0xF5, 0x0F, 0x9E, 0x58, 0xA8, 0xD9, 0x3B, 0x28, 0xA2, 0x21, 0x9B, 0xB5, 0xD8,
    0xCB, 0xA2, 0x26, 0x15, 0xE8, 0xB3, 0x97, 0x91, 0xEC, 0x43, 0xCD, 0x60, 0xB1, 0x3D, 0xDA, 0x46,
    0x2D, 0x76, 0xB0, 0xC9, 0x7F, 0x02, 0x24, 0xB2, 0x9E, 0x58, 0xB2, 0x65, 0x57, 0xB2, 0xDC, 0xCD,
    0xF9, 0x28, 0x26, 0xFA, 0x72, 0xE4, 0xA6, 0x1A, 0x2E, 0x6F, 0xCD, 0xDE, 0xF4, 0x39, 0x78, 0xCF,
    0x2B, 0x48, 0xEB, 0x93, 0x56, 0x28, 0xAD, 0x91, 0x3C, 0x1A, 0x47, 0xE3, 0xE9, 0xFE, 0xE9, 0x70,
    0xE7, 0xDE, 0xFB, 0x4C, 0xAA, 0xCD, 0xA5, 0xDF, 0x3A, 0x3D, 0x7F, 0xF6, 0x70, 0x58, 0x47, 0x44,
    0xD4, 0xA7, 0xF1, 0x6F, 0xEF, 0x46, 0x23, 0x6A, 0x8B, 0xBD, 0x56, 0x8D, 0x75, 0xAD, 0xBC, 0xA0,
    0xD7, 0xEA, 0x73, 0xE5, 0x97, 0x6B, 0xC4, 0x66, 0xAF, 0x3D, 0xEB, 0x9A, 0xFF, 0xB9, 0xF6, 0xE7,
    0x9A, 0xED, 0x35, 0xEF, 0x45, 0xAD, 0xE8, 0xB3, 0xA8, 0xCD, 0xFB, 0x5B, 0x71, 0x0E, 0x79, 0xBF,
    0xC2, 0x8D, 0xA3, 0xF1, 0x4C, 0x0D, 0xCB, 0x76, 0xAF, 0x9D, 0x83, 0xCE, 0x5B, 0x00, 0xD7, 0xFE,
    0x0E, 0xEB, 0xE8, 0x14, 0x71, 0x7F, 0xAB, 0x1C, 0xB2, 0xC9, 0xBC, 0x13, 0x96, 0xAD, 0x55, 0xB3,
    0x6C, 0x1E, 0xFA, 0xAA, 0x7E, 0x28, 0x6B, 0xE7, 0xF2, 0x83, 0xB3, 0x55, 0x1B, 0x11, 0xD1, 0xC6,
    0xBD, 0x7B, 0xF7, 0x9A, 0x80, 0xF5, 0x61, 0x91, 0xAB, 0x1A, 0xCB, 0x16, 0x8B, 0x4E, 0xAE, 0xEA,
    0x95, 0xF5, 0x6C, 0xCA, 0xD6, 0xB2, 0x88, 0x1D, 0x8B, 0xD8, 0xE0, 0x75, 0x80, 0xEC, 0x4D, 0xCC,
    0xB6, 0x28, 0x47, 0x29, 0x96, 0x8A, 0x01, 0xC0, 0xAD, 0x01, 0x59, 0x4C, 0xC8, 0x36, 0x4B, 0xA8,
    0x17, 0x35, 0x2C, 0xE1, 0xDA, 0x0E, 0xAA, 0x0D, 0x94, 0x0D, 0x94, 0xB5, 0xC7, 0x93, 0x57, 0xF6,
    0x3A, 0x16, 0x51, 0x73, 0xE3, 0x7E, 0xCB, 0xEF, 0xCF, 0x3A, 0xEC, 0x65, 0xDE, 0x92, 0xF2, 0xD8,
    0x23, 0xDF, 0x20, 0xBB, 0xFB, 0xA8, 0xB1, 0x99, 0xED, 0x7C, 0x99, 0x79, 0x34, 0xB7, 0xB9, 0xB1,
    0x7E, 0x30, 0xF0, 0xDA, 0x2C, 0x36, 0x7C, 0xD9, 0xBA, 0x01, 0x1E, 0xDF, 0xBA, 0xC9, 0xA2, 0x7E,
    0x46, 0x11, 0xFD, 0x8B, 0xAA, 0xFB, 0xD3, 0x87, 0xAA, 0x2C, 0x46, 0xBF, 0x61, 0xB1, 0xC1, 0x23,
    0xAE, 0x97, 0x6B, 0x6F, 0x42, 0xD5, 0xC1, 0xA2, 0x66, 0xD1, 0xDF, 0xC1, 0x6A, 0x78, 0x13, 0xD3,
    0x0E, 0x45, 0xBF, 0x44, 0xD5, 0x94, 0x2D, 0x27, 0xD4, 0x8F, 0x2F, 0x04, 0xE4, 0x23, 0x8A, 0x5E,
    0xFE, 0x56, 0xD5, 0xAA, 0x76, 0xAF, 0xB2, 0x08, 0xAC, 0xE6, 0x2D, 0xDB, 0xD9, 0x46, 0xD1, 0x79,
    0xEF, 0xD1, 0x32, 0x79, 0xB9, 0x71, 0xE0, 0x51, 0xF4, 0x60, 0xBB, 0xE8, 0xF1, 0xD2, 0x6A, 0x70,
    0xF5, 0x98, 0xAC, 0x60, 0xD1, 0xA0, 0xEC, 0x5E, 0x3E, 0x9F, 0x13, 0x1D, 0xBF, 0x15, 0x3D, 0xB3,
    0x9F, 0x8F, 0x54, 0xCD, 0x77, 0xB9, 0xAE, 0xAC, 0x01, 0xE0, 0x3B, 0x37, 0x29, 0x63, 0xC7, 0xF2,
    0x41, 0x34, 0xD6, 0xF5, 0x7C, 0x93, 0xED, 0x54, 0x7D, 0x31, 0x9A, 0x6D, 0x8B, 0xAD, 0x62, 0x9C,
    0x0D, 0x0F, 0xA5, 0xEC, 0xCF, 0xE5, 0x93, 0xB3, 0x3F, 0x19, 0xAB, 0x88, 0x18, 0xAB, 0x07, 0xF7,
    0xEE, 0xBD, 0x5D, 0xF5, 0x28, 0xF7, 0x32, 0x60, 0x36, 0xA0, 0x18, 0x91, 0xEF, 0xF8, 0x1D, 0xC1,
    0x7B, 0x56, 0x9B, 0xD3, 0xDE, 0x3C, 0xA2, 0x93, 0xC7, 0x84, 0x93, 0x1A, 0xB2, 0xB7, 0xA0, 0x0C,
    0x38, 0xA9, 0x6A, 0x48, 0x7A, 0x0B, 0x8B, 0x7E, 0xC0, 0x6A, 0xB8, 0x79, 0x25, 0x6B, 0x26, 0x6A,
    0xF2, 0x8F, 0x3B, 0xE4, 0x1D, 0x8A, 0x4E, 0xFE, 0xD6, 0xA2, 0x56, 0xED, 0x7E, 0xEF, 0xF2, 0x55,
    0x0F, 0x37, 0xDD, 0xA4, 0x88, 0xAF, 0xF6, 0x54, 0xF1, 0x8B, 0x8E, 0xF9, 0x2C, 0x5A, 0xBE, 0xE4,
    0x2F, 0x01, 0x58, 0xF4, 0x70, 0xE5, 0xEA, 0xE9, 0xBB, 0xF5, 0x6B, 0xB2, 0x18, 0x3E, 0x50, 0xFC,
    0x22, 0x06, 0xB3, 0x66, 0xB5, 0x91, 0xC9, 0x90, 0xBF, 0x85, 0x6A, 0xE7, 0x32, 0xF2, 0x3A, 0xA9,
    0x2F, 0x10, 0xD9, 0xC2, 0x34, 0x22, 0xDF, 0xAE, 0x30, 0xEB, 0xE6, 0x0D, 0x95, 0xA2, 0x03, 0x9E,
    0x8C, 0x8D, 0x73, 0x76, 0x13, 0xE5, 0x88, 0x6A, 0xC2, 0x32, 0x6A, 0x3E, 0x9A, 0xB7, 0xB2, 0x6D,
    0xD1, 0x1F, 0x98, 0x5D, 0xEA, 0x5D, 0x76, 0x1E, 0x8D, 0x32, 0x06, 0xD5, 0x57, 0xB7, 0x18, 0xC9,
    0xB6, 0x89, 0xF1, 0xB2, 0xE6, 0x35, 0xE9, 0xC0, 0xF3, 0x09, 0xA3, 0xD3, 0xF8, 0x77, 0xA2, 0x21,
    0x6A, 0xD6, 0xBF, 0xE6, 0x23, 0x6A, 0x59, 0xB4, 0x6E, 0xC5, 0x03, 0xEB, 0x08, 0xCE, 0x98, 0xC5,
    0x46, 0xF5, 0xF1, 0xD6, 0x33, 0x46, 0x8C, 0xCC, 0x06, 0x96, 0x1B, 0xAE, 0xE3, 0x35, 0xBC, 0x04,
    0xC0, 0x22, 0x6A, 0xA7, 0x69, 0x5D, 0xAC, 0x7E, 0xD5, 0xA3, 0x21, 0xDA, 0xF3, 0x8E, 0xD7, 0x32,
    0xE2, 0xD1, 0x5C, 0x37, 0xC0, 0x57, 0x10, 0x88, 0x3A, 0x1D, 0x2B, 0x00, 0xAC, 0x10, 0x4D, 0x3A,
    0xD6, 0x35, 0xAF, 0x02, 0xFC, 0xDF, 0xDE, 0x8F, 0xA3, 0xB5, 0xAD, 0xEB, 0xC3, 0x1A, 0xAC, 0x00,
    0xBE, 0xF8, 0x0E, 0xCC, 0x22, 0x06, 0x2C, 0x1E, 0x7C, 0x33, 0x10, 0x8D, 0x55, 0xAB, 0xD8, 0xD9,
    0x67, 0x75, 0x4B, 0x31, 0xAA, 0x7A, 0xF2, 0x9D, 0xC5, 0x86, 0x2C, 0x2C, 0x3B, 0x52, 0x2D, 0xB0,
    0xAE, 0x57, 0x7B, 0x6B, 0xD6, 0x2D, 0x56, 0xED, 0xBA, 0xB9, 0x68, 0x71, 0x64, 0xEB, 0x63, 0x4B,
    0x13, 0x3E, 0x9D, 0xBE, 0x6C, 0x11, 0x75, 0xFA, 0xD5, 0xE6, 0x1B, 0xB2, 0x49, 0xD5, 0x53, 0x8C,
    0x66, 0x23, 0xB3, 0xAD, 0x7C, 0x62, 0xDE, 0xB3, 0xEE, 0xAC, 0x5B, 0xE6, 0xB1, 0x9E, 0x90, 0x45,
    0x6C, 0x90, 0xFA, 0x32, 0x47, 0x75, 0xB4, 0x9F, 0x05, 0xE5, 0x78, 0xB0, 0xE3, 0xAE, 0x95, 0x93,
    0x77, 0xB0, 0x8A, 0x41, 0x11, 0xEF, 0x4E, 0xAA, 0xC1, 0xAA, 0x99, 0x77, 0xE9, 0x0F, 0x12, 0xD5,
    0x66, 0xD9, 0x28, 0xFB, 0x55, 0x6D, 0x36, 0xAC, 0x25, 0x29, 0xB6, 0x71, 0x2C, 0x6B, 0x66, 0x7B,
    0x19, 0x56, 0xB5, 0xB2, 0x5F, 0x36, 0xAA, 0x7E, 0x71, 0x3E, 0xB7, 0xDA, 0x58, 0xB4, 0xFB, 0x3F,
    0x89, 0x64, 0xF1, 0xEE, 0x71, 0xA1, 0x83, 0xB7, 0x90, 0xEF, 0x50, 0x4C, 0x49, 0xC8, 0x46, 0x00,
    0xA7, 0x3B, 0xB0, 0x8A, 0x06, 0x6E, 0x57, 0x2D, 0x3C, 0x5B, 0x76, 0x20, 0x9D, 0x65, 0xEB, 0x1A,
    0x8A, 0x2D, 0xC8, 0x37, 0xC9, 0x3A, 0xB8, 0xAA, 0x78, 0x93, 0xCE, 0xA3, 0x61, 0x71, 0x7F, 0xC3,
    0x0B, 0x45, 0x8F, 0xBD, 0xCC, 0x37, 0x88, 0x06, 0x03, 0xF4, 0xF0, 0xE6, 0xA3, 0x85, 0x9C, 0xBD,
    0x7D, 0x31, 0x6E, 0x7B, 0x76, 0xE5, 0x38, 0xAF, 0x51, 0x4D, 0x2F, 0xC1, 0x32, 0x11, 0xDC, 0x95,
    0x2D, 0xF2, 0x4D, 0xDE, 0x23, 0xAB, 0x3D, 0x8B, 0x2B, 0x5F, 0xA0, 0x13, 0xF2, 0xAD, 0xEC, 0xED,
    0xD9, 0x46, 0x11, 0x55, 0xAD, 0x8A, 0xBF, 0x61, 0xF9, 0x8D, 0x8E, 0x0F, 0xF3, 0x5E, 0xB6, 0xF1,
    0x86, 0x47, 0x59, 0xA6, 0xA9, 0x83, 0x3F, 0xD0, 0x33, 0x02, 0x37, 0xCA, 0x11, 0x9E, 0xA9, 0x26,
    0x17, 0x09, 0x56, 0x1D, 0xF2, 0x3E, 0x4B, 0x04, 0x3D, 0x77, 0xE5, 0x09, 0x2E, 0x1B, 0xA8, 0x5A,
    0x28, 0xFA, 0x2F, 0x36, 0x78, 0x7F, 0xD9, 0x43, 0x6C, 0x51, 0x0C, 0x3B, 0x94, 0xDD, 0xA2, 0xE6,
    0x45, 0xB3, 0xD6, 0xF1, 0xF8, 0xD3, 0xBB, 0xE9, 0x96, 0xD4, 0x2C, 0x1F, 0xAC, 0x37, 0x44, 0x3D,
    0xDB, 0xCA, 0x76, 0xF2, 0x51, 0x31, 0x32, 0x29, 0xB6, 0xAC, 0xCD, 0x06, 0x56, 0x75, 0xD9, 0x27,
    0x65, 0xD9, 0x54, 0xFF, 0x4D, 0xF7, 0xFF, 0x9A, 0xB4, 0x9E, 0x0D, 0xAC, 0x15, 0x5B, 0x42, 0x3E,
    0x32, 0x31, 0xC9, 0xC7, 0xFD, 0x0B, 0x06, 0xE6, 0x0F, 0xD6, 0x9D, 0xD4, 0x7F, 0x72, 0x52, 0x03,
    0x7F, 0x01, 0xF2, 0x68, 0x21, 0xFB, 0xA3, 0x0E, 0xE4, 0xC9, 0x4E, 0x5B, 0x94, 0xE3, 0x75, 0xA8,
    0xA6, 0xE7, 0x9E, 0xF0, 0x9A, 0x5D, 0x37, 0xF8, 0xB8, 0x87, 0x1E, 0x59, 0x2F, 0x7B, 0xBB, 0x6A,
    0x14, 0xF1, 0x79, 0xAA, 0x68, 0x2E, 0x55, 0xF5, 0xF2, 0x9C, 0xE7, 0x20, 0xBA, 0xD7, 0x50, 0xC4,
    0xB4, 0x45, 0xF1, 0xC3, 0xE8, 0x31, 0xAB, 0x4F, 0x1B, 0x80, 0x3D, 0x60, 0x09, 0xB0, 0x27, 0x15,
    0xF0, 0xA2, 0x79, 0x91, 0xD8, 0xDE, 0x91, 0x3D, 0x88, 0x51, 0xDE, 0x2D, 0x7A, 0x59, 0x9D, 0xD5,
    0x64, 0x6F, 0xA3, 0x08, 0x97, 0x11, 0x70, 0x76, 0xF3, 0x97, 0xD1, 0x4B, 0x7D, 0x1D, 0xD9, 0x50,
    0xF4, 0x1C, 0xF7, 0x76, 0x9E, 0x6E, 0x7D, 0x01, 0xBC, 0x8E, 0x62, 0x42, 0x19, 0x98, 0xFF, 0xAC,
    0x65, 0xF9, 0xF5, 0x0D, 0x1F, 0xE4, 0x43, 0x22, 0x7C, 0xF9, 0xF7, 0xC9, 0x4E, 0x6E, 0x02, 0xF3,
    0x1E, 0x24, 0x32, 0x58, 0x03, 0x46, 0x20, 0xEF, 0x81, 0x59, 0x03, 0xC0, 0x73, 0x80, 0x48, 0x69,
    0xC8, 0xA2, 0x4E, 0x71, 0x88, 0x3A, 0xE5, 0x61, 0x29, 0x05, 0x62, 0x21, 0x25, 0xE2, 0x7A, 0x8A,
    0xC4, 0x6E, 0x48, 0x99, 0x88, 0x46, 0x0A, 0x05, 0x09, 0x9D, 0xFF, 0x8C, 0x85, 0x4F, 0xC1, 0xFA,
    0x94, 0xB3, 0x75, 0x73, 0xEC, 0x71, 0xEC, 0xD6, 0xFF, 0xD5, 0xD3, 0xBC, 0xC3, 0xEF, 0xF9, 0x34,
    0x21, 0x87, 0xFF, 0x27, 0x65, 0x84, 0x14, 0x12, 0x52, 0x4A, 0x1C, 0x62, 0x92, 0x72, 0xE2, 0x10,
    0x94, 0x94, 0x94, 0xA3, 0xA8, 0xEC, 0xBD, 0xD8, 0x41, 0x39, 0x40, 0xD5, 0xC1, 0xB2, 0x86, 0x3B,
    0xA0, 0x37, 0xEB, 0xA0, 0x1A, 0x92, 0x9E, 0x67, 0xA0, 0x1C, 0xAC, 0x62, 0xC8, 0xFB, 0xF3, 0x14,
    0xE4, 0xFD, 0x79, 0x0C, 0xBE, 0xD6, 0x9E, 0xE7, 0x60, 0x72, 0x1E, 0x84, 0xC1, 0x3E, 0x09, 0xF6,
    0x51, 0xB0, 0x96, 0x54, 0xB1, 0x15, 0x1C, 0xAB, 0x35, 0xB3, 0xA4, 0x83, 0x7D, 0x24, 0xEC, 0x33,
    0x61, 0x1F, 0x0A, 0xFB, 0x54, 0xD8, 0xC7, 0x42, 0xCA, 0x45, 0x0A, 0x06, 0x87, 0x3E, 0x00, 0xF2,
    0x09, 0x10, 0x47, 0xFB, 0x12, 0xAA, 0xEE, 0x98, 0xBB, 0xF7, 0x9F, 0x72, 0xC7, 0x19, 0x88, 0xFA,
    0x50, 0x29, 0x8E, 0x3F, 0x12, 0x01, 0xAF, 0x5C, 0x5E, 0xEE, 0x4E, 0x77, 0x2E, 0x36, 0xC6, 0xA9,
    0x33, 0xBE, 0xD0, 0x1A, 0x4B, 0xE7, 0xA9, 0x39, 0x46, 0xB1, 0x05, 0xF2, 0x8D, 0xE4, 0xDD, 0x13,
    0xCD, 0x3F, 0xD9, 0x3C, 0x1A, 0xA9, 0x83, 0x4E, 0x2D, 0x34, 0x92, 0xCE, 0x37, 0x10, 0x0D, 0x0C,
    0x17, 0xDE, 0x03, 0xDE, 0xBC, 0x94, 0x59, 0x00, 0xE4, 0x93, 0x2F, 0x40, 0x19, 0x9B, 0x57, 0xA0,
    0xBA, 0x3F, 0x7D, 0x00, 0x5F, 0xCA, 0x63, 0x80, 0x17, 0x2C, 0x3A, 0x9E, 0xD6, 0x3E, 0xB0, 0x6E,
    0xAE, 0x91, 0xC7, 0x50, 0x31, 0xFB, 0x38, 0xEE, 0x53, 0xD6, 0xEB, 0x1D, 0xD7, 0x9C, 0x0E, 0x97,
    0xB6, 0xEA, 0x9F, 0x92, 0x3B, 0xDA, 0xDA, 0xA5, 0xD9, 0x50, 0x8E, 0xC7, 0x5E, 0x0C, 0x1C, 0x8F,
    0xCB, 0xCD, 0x94, 0xB7, 0x20, 0xDF, 0x41, 0x31, 0x39, 0x68, 0x36, 0x5E, 0xFC, 0x54, 0xCA, 0xC9,
    0xD9, 0xEB, 0xAB, 0x08, 0x55, 0xC4, 0x69, 0x7C, 0xE2, 0x5A, 0xFC, 0x54, 0xB4, 0x2C, 0x6B, 0xEB,
    0x9A, 0xB9, 0x47, 0x65, 0xAB, 0x86, 0x05, 0xAB, 0x96, 0x1B, 0x29, 0x56, 0x77, 0x58, 0xF4, 0xB2,
    0x91, 0x6A, 0xAA, 0x4F, 0xF7, 0xB9, 0x8B, 0x68, 0x71, 0x2B, 0x76, 0xE0, 0xAC, 0x06, 0x80, 0xAF,
    0x00, 0x21, 0x59, 0x7D, 0xD1, 0xD6, 0x38, 0x1E, 0xCB, 0x50, 0x45, 0xEB, 0x34, 0x5C, 0x8B, 0x96,
    0x60, 0xD5, 0x1E, 0x82, 0xBC, 0xFE, 0x35, 0xDB, 0xAA, 0x65, 0x55, 0x5B, 0xB7, 0x2C, 0xDB, 0x2C,
    0xCE, 0x6D, 0x38, 0xFD, 0x71, 0x47, 0x15, 0x31, 0x9F, 0xC8, 0x63, 0x5B, 0x05, 0x9E, 0x3F, 0x0E,
    0xE8, 0xDD, 0xCF, 0xEA, 0x3D, 0xB6, 0x9F, 0x15, 0xCE, 0xF5, 0x06, 0x8A, 0x18, 0xA1, 0x68, 0x3E,
    0x84, 0xCC, 0x77, 0x81, 0x0F, 0xC1, 0xE9, 0x16, 0x2C, 0xEE, 0x82, 0x39, 0xF0, 0xA2, 0x2B, 0x1D,
    0x8D, 0xEC, 0x26, 0x89, 0x35, 0x7C, 0xB4, 0x6E, 0xE1, 0xAF, 0xAA, 0x16, 0x24, 0xB3, 0x68, 0x1C,
    0x2A, 0x45, 0xB1, 0x49, 0xD6, 0x81, 0xAC, 0x79, 0xCC, 0x62, 0x73, 0x06, 0x64, 0x01, 0x14, 0x23,
    0x50, 0xF6, 0x2E, 0x5E, 0xB1, 0x05, 0xE0, 0x36, 0x00, 0x59, 0x0D, 0x54, 0x7D, 0xCA, 0xC1, 0x7C,
    0x48, 0x41, 0xA8, 0x86, 0x94, 0x84, 0xA2, 0x4F, 0x51, 0xC8, 0xFB, 0x04, 0xA5, 0xE8, 0x92, 0xCF,
    0x9B, 0xE4, 0x3B, 0xC9, 0x6B, 0xC9, 0xFD, 0xFF, 0x79, 0x4A, 0x07, 0x29, 0x1E, 0x87, 0x7C, 0x48,
    0x01, 0x39, 0x24, 0xE4, 0x10, 0x91, 0x94, 0x91, 0x14, 0x92, 0xA3, 0xB6, 0x77, 0xD1, 0x5F, 0x6C,
    0x7A, 0xD7, 0xC0, 0x08, 0x8A, 0x1E, 0xCC, 0x1A, 0xF9, 0x00, 0x66, 0xE3, 0x45, 0xCB, 0xC7, 0x94,
    0x8B, 0x31, 0xE5, 0x62, 0x2B, 0x58, 0xFD, 0x7D, 0x2F, 0x58, 0xFE, 0xAC, 0xDD, 0x13, 0xFD, 0xE4,
    0x51, 0xE4, 0xA2, 0xC6, 0xC1, 0x2C, 0x3B, 0x12, 0x63, 0x47, 0xDB, 0x79, 0x23, 0x60, 0x09, 0x28,
    0xEB, 0xA7, 0xB9, 0x38, 0xA4, 0xA2, 0xDC, 0x4A, 0x88, 0x81, 0x00, 0x96, 0x35, 0x28, 0x5B, 0x90,
    0x6D, 0x1E, 0xC7, 0x5C, 0x58, 0x6F, 0x38, 0x3C, 0x36, 0xD2, 0x73, 0xE3, 0xE8, 0xC1, 0x21, 0x9D,
    0x3B, 0xDD, 0xBA, 0xF8, 0xEC, 0x30, 0x07, 0xBC, 0xF8, 0x44, 0xE7, 0xE3, 0x7F, 0xF3, 0x74, 0xC9,
    0x07, 0xB2, 0xE6, 0xF1, 0x4A, 0x0B, 0x60, 0xFE, 0x13, 0x77, 0x61, 0x35, 0x65, 0x1B, 0x78, 0x10,
    0x1F, 0xB7, 0xB0, 0x49, 0x8D, 0xB0, 0xBB, 0xF9, 0x04, 0x4F, 0x9F, 0x2A, 0x20, 0x9F, 0xBC, 0x80,
    0x32, 0x7D, 0x72, 0x32, 0xBF, 0x3F, 0x8D, 0x78, 0x25, 0x35, 0xD3, 0x2F, 0xB8, 0xD5, 0x3D, 0x8E,
    0x6F, 0x1B, 0x4F, 0xC1, 0x1E, 0x35, 0x1C, 0x82, 0xE4, 0xF5, 0xB1, 0xAF, 0x71, 0x3C, 0x1E, 0x2F,
    0xDA, 0xBF, 0x5A, 0x2F, 0x72, 0x76, 0x74, 0x13, 0x96, 0xED, 0x2F, 0xFF, 0xC6, 0xAE, 0x57, 0x00,
    0x17, 0x9B, 0x90, 0xD7, 0x1F, 0x1E, 0xF5, 0x32, 0x26, 0x11, 0xFD, 0x69, 0xFC, 0xC8, 0x37, 0xE3,
    0x6E, 0x1E, 0x8D, 0x6C, 0xC7, 0xB9, 0x6D, 0x59, 0xB5, 0xF2, 0x9E, 0xC5, 0x46, 0xB1, 0xA1, 0xEA,
    0x95, 0x2D, 0xE5, 0x56, 0x55, 0x53, 0xEC, 0x2C, 0x90, 0x85, 0xEB, 0x10, 0xF5, 0x16, 0x56, 0x3F,
    0xEC, 0x61, 0xF1, 0xCF, 0x1B, 0xA8, 0xFE, 0xB5, 0x85, 0x32, 0x6A, 0x28, 0x02, 0xE4, 0xBB, 0x5F,
    0xD1, 0x26, 0x50, 0x04, 0x64, 0xEB, 0xF8, 0x24, 0x25, 0x67, 0x3A, 0xEC, 0x1F, 0xAA, 0xDE, 0x01,
    0x75, 0xB6, 0x03, 0x2B, 0x50, 0x35, 0x50, 0xB4, 0x3E, 0x63, 0x44, 0x6C, 0xAA, 0x18, 0x6E, 0xC5,
    0xDD, 0x6B, 0xB1, 0x99, 0xED, 0x58, 0x29, 0x46, 0x6E, 0xC8, 0x77, 0xDC, 0x21, 0xF8, 0x80, 0x35,
    0x5B, 0x96, 0x4D, 0xD6, 0xB3, 0x6C, 0xF3, 0x9E, 0x79, 0x57, 0x74, 0x54, 0xFD, 0xAC, 0xA5, 0xEC,
    0xCB, 0x86, 0x62, 0x5B, 0xD5, 0xE4, 0xE3, 0x1C, 0xD9, 0xEE, 0x55, 0x98, 0xAE, 0xC3, 0xEA, 0x0D,
    0x58, 0x6E, 0xA5, 0xE4, 0xA3, 0x4A, 0xDA, 0x41, 0xD5, 0x3A, 0xAC, 0x70, 0x51, 0xC3, 0x12, 0x7C,
    0x98, 0xF2, 0x7A, 0x78, 0xF9, 0xB5, 0xE8, 0xB0, 0x98, 0xA4, 0xBC, 0x5C, 0x31, 0x80, 0x1C, 0x8F,
    0x6F, 0x5F, 0x9C, 0x57, 0x4C, 0x17, 0xA7, 0x67, 0xE3, 0xE5, 0x46, 0xF8, 0xE7, 0x58, 0x0A, 0x7C,
    0x98, 0x05, 0xF9, 0x78, 0xAE, 0x55, 0x6F, 0xFA, 0x0C, 0x84, 0xCC, 0xA6, 0x1A, 0x16, 0xD1, 0xC1,
    0x2B, 0xB3, 0xFE, 0xA8, 0x07, 0x4A, 0xB6, 0x6E, 0xC1, 0x04, 0x0C, 0x40, 0x7F, 0x35, 0x2B, 0xD9,
    0x49, 0x0D, 0x31, 0x22, 0x7F, 0x10, 0xC8, 0xDA, 0x25, 0x48, 0xFA, 0x11, 0x54, 0x5B, 0xA8, 0x1A,
    0xA8, 0x6A, 0xB8, 0x76, 0x65, 0xAA, 0x1A, 0xC0, 0xB2, 0xCB, 0x1B, 0xC4, 0x58, 0x34, 0xE4, 0xBF,
    0x88, 0xFB, 0x35, 0x45, 0xBB, 0x0A, 0xE4, 0xF5, 0x6C, 0x7B, 0x95, 0xDF, 0xCE, 0x91, 0x5E, 0xF7,
    0x12, 0x55, 0xB4, 0xAF, 0xB1, 0xB8, 0x9F, 0xBE, 0x00, 0x18, 0x3D, 0x5F, 0xB6, 0x6A, 0xE0, 0xCA,
    0x20, 0xFF, 0x0F, 0xBD, 0x98, 0x01, 0xA4, 0x26, 0x59, 0x76, 0xC7, 0x7F, 0x55, 0xD5, 0xAF, 0x8B,
    0xA9, 0xC8, 0x6D, 0xEC, 0xDB, 0xCC, 0xF4, 0xC8, 0x14, 0x24, 0xAC, 0x89, 0x7D, 0x05, 0xD0, 0xE1,
    0xBD, 0x77, 0xEF, 0x66, 0x01, 0xA0, 0xD1, 0xBD, 0x62, 0x06, 0x0B, 0x0B, 0x1A, 0x06, 0x82, 0x26,
    0x6F, 0x53, 0x37, 0x03, 0x00, 0x1A, 0x59, 0x01, 0x68, 0x4C, 0x64, 0xF7, 0x45, 0x32, 0x8D, 0x0D,
    0x23, 0x79, 0xFD, 0xEA, 0xEE, 0x02, 0x04, 0x2A, 0x22, 0x81, 0x45, 0x2E, 0x12, 0x91, 0x0C, 0xF6,
    0x26, 0xBE, 0x44, 0x75, 0x4F, 0x7D, 0xDF, 0x4D, 0x9D, 0x5B, 0xDF, 0xFB, 0xBA, 0x7C, 0xFB, 0xA6,
    0xD3, 0x78, 0x9D, 0xBF, 0x7B, 0xCF, 0xB9, 0xA7, 0xEA, 0x9C, 0xFF, 0x39, 0xF7, 0x1E, 0xEF, 0x55,
    0xD5, 0xF7, 0x34, 0xBC, 0x0E, 0x00, 0xF7, 0x72, 0x77, 0x54, 0xD9, 0xEA, 0xAF, 0xC8, 0x07, 0x19,
    0xD5, 0x86, 0xA3, 0xAF, 0xEC, 0xBD, 0xFF, 0x72, 0x04, 0x6E, 0x66, 0xCC, 0x78, 0x06, 0xC7, 0xA0,
    0xE8, 0xA2, 0x7B, 0xF9, 0xB9, 0x0B, 0x35, 0xE1, 0x31, 0xE1, 0xE9, 0x0D, 0x27, 0xC1, 0x53, 0x38,
    0x14, 0xE8, 0xE8, 0xF5, 0x79, 0x50, 0x26, 0x14, 0x7D, 0xE0, 0x69, 0xE0, 0xE6, 0xF2, 0x1C, 0x3E,
    0x7C, 0xA0, 0xE3, 0x7A, 0x1A, 0x1F, 0x9E, 0xFF, 0x78, 0xB9, 0x7E, 0x74, 0x7E, 0x7E, 0xFE, 0x93,
    0x36, 0xC6, 0xB8, 0x49, 0x2B, 0x1D, 0x27, 0xB8, 0x59, 0x7E, 0x78, 0x3E, 0xC1, 0xCA, 0x7A, 0xC6,
    0x62, 0x39, 0xDF, 0x4B, 0x30, 0xFF, 0xA7, 0x03, 0x70, 0x52, 0xB8, 0xFF, 0xFF, 0xF1, 0xAD, 0xDC,
    0x22, 0x90, 0xAA, 0xFA, 0x24, 0x0E, 0x1F, 0x3E, 0x7C, 0x68, 0x10, 0xA4, 0xD5, 0xAB, 0x1B, 0xC0,
    0xE3, 0x62, 0xA5, 0xCC, 0xB7, 0x39, 0xE6, 0x82, 0xCE, 0x44, 0xDF, 0x85, 0xD6, 0xD7, 0x16, 0x6A,
    0xAF, 0x57, 0x7A, 0xA8, 0x87, 0x62, 0x60, 0x45, 0xC8, 0x7B, 0x65, 0x9F, 0xF3, 0x04, 0x50, 0xBD,
    0x5C, 0x6F, 0x86, 0x72, 0x7B, 0xBD, 0xB2, 0x97, 0x78, 0x04, 0x4D, 0xDF, 0x86, 0x2E, 0xC4, 0xFE,
    0x92, 0x33, 0x8E, 0xF9, 0x80, 0xCA, 0xE5, 0x03, 0xDF, 0x02, 0xC9, 0x21, 0x59, 0x24, 0x8F, 0x64,
    0x3A, 0xE1, 0x98, 0x33, 0x2E, 0xE6, 0x7C, 0x53, 0xC6, 0xD8, 0x77, 0xA1, 0xF3, 0xAD, 0x97, 0xBC,
    0x92, 0x59, 0x72, 0xD7, 0x92, 0x65, 0xCA, 0x23, 0x15, 0x34, 0x53, 0x0D, 0xE5, 0x4A, 0xB2, 0x11,
    0xB2, 0x29, 0x63, 0xD1, 0xAB, 0xC9, 0xEF, 0x39, 0x6B, 0x9E, 0xA4, 0x8A, 0xA4, 0xA6, 0xE4, 0x1F,
    0xC4, 0xBF, 0x91, 0xDA, 0xE6, 0xEA, 0x52, 0x44, 0xDE, 0x4B, 0x8D, 0x52, 0xA5, 0xD4, 0xE9, 0xB9,
    0x42, 0xD3, 0x37, 0xAE, 0x9D, 0xF2, 0x76, 0x41, 0x2A, 0x90, 0xAA, 0x37, 0xA9, 0xAA, 0xE3, 0x54,
    0xFB, 0x11, 0x95, 0x53, 0x36, 0x1F, 0xD2, 0x0E, 0xE6, 0x3D, 0x28, 0x3F, 0xCF, 0x4A, 0x66, 0x3F,
    0xCF, 0xD2, 0xCD, 0xB3, 0x70, 0xFC, 0xA0, 0x70, 0xEF, 0x76, 0x5F, 0xC5, 0x75, 0xF7, 0xD5, 0x2F,
    0xD7, 0x3F, 0x28, 0xDD, 0xBB, 0x72, 0x7F, 0x8E, 0x09, 0x50, 0x07, 0xD1, 0x32, 0x17, 0x3C, 0xFD,
    0x92, 0x67, 0xC1, 0x75, 0xDD, 0xB4, 0xAF, 0x66, 0x66, 0x10, 0xEC, 0xF3, 0xEC, 0xD7, 0x21, 0x73,
    0x5A, 0xFF, 0xFE, 0xB2, 0x8E, 0xA4, 0xCB, 0x25, 0x9F, 0xD9, 0x6A, 0x97, 0xEE, 0xED, 0xEA, 0x9C,
    0xF9, 0x6E, 0x75, 0x7F, 0xFE, 0x8B, 0x75, 0x17, 0xE3, 0xFA, 0x6F, 0xBE, 0xFB, 0xB3, 0xBF, 0xA4,
    0x58, 0xD4, 0x98, 0x72, 0x6E, 0xF3, 0x1F, 0xDC, 0x27, 0xBB, 0x34, 0x55, 0x0C, 0x75, 0x1C, 0x74,
    0x1C, 0x75, 0x5C, 0xEF, 0x46, 0x13, 0xC7, 0xE9, 0x62, 0x19, 0x3D, 0x8F, 0x10, 0x78, 0x60, 0x03,
    0x44, 0x0F, 0x71, 0x03, 0x31, 0xFA, 0x69, 0x6E, 0x98, 0x52, 0x4C, 0xB3, 0x67, 0x52, 0x4C, 0x8A,
    0x49, 0xD1, 0x33, 0xE3, 0xAE, 0x69, 0x5D, 0xD7, 0xB7, 0xBD, 0x76, 0xEF, 0x4C, 0x6B, 0x8E, 0x68,
    0x1D, 0xD1, 0x76, 0xFD, 0x24, 0x5A, 0x11, 0xDA, 0x11, 0xCD, 0x3B, 0xF0, 0x1E, 0x5B, 0x68, 0xC3,
    0x25, 0xD9, 0xD8, 0xB9, 0x2C, 0x9A, 0x62, 0x13, 0x5D, 0x3E, 0xA9, 0xB8, 0xB5, 0x5A, 0x4B, 0x24,
    0x1F, 0x6F, 0x21, 0xB8, 0x03, 0xCD, 0xC4, 0x31, 0x93, 0x43, 0x17, 0xFB, 0x97, 0xE7, 0x4F, 0x02,
    0xDC, 0xEC, 0x00, 0xDA, 0xE8, 0x1F, 0x9D, 0xDF, 0x38, 0xF1, 0xFC, 0xCF, 0xCD, 0x74, 0xD1, 0x5F,
    0x3B, 0x6E, 0x2A, 0xC9, 0x2E, 0xCB, 0x5F, 0x3F, 0x34, 0xCF, 0x60, 0x37, 0x26, 0xF3, 0x6D, 0x64,
    0x39, 0x7C, 0xE8, 0x61, 0x37, 0xC4, 0xBC, 0xD9, 0x2C, 0xDC, 0x7D, 0xF2, 0xEA, 0x4F, 0x28, 0x8F,
    0x23, 0x28, 0x4B, 0x42, 0x15, 0x5A, 0xA8, 0x99, 0xA1, 0x5C, 0x63, 0x39, 0x65, 0x46, 0xE3, 0x6A,
    0xC7, 0x19, 0x33, 0xB4, 0x55, 0x3D, 0xC3, 0x95, 0x61, 0x94, 0xCF, 0xC2, 0xC2, 0x28, 0xFC, 0x2B,
    0x23, 0x94, 0x6E, 0x61, 0x28, 0xBB, 0x70, 0xAB, 0x59, 0x18, 0xA7, 0x2C, 0xA8, 0xCF, 0xF2, 0xD8,
    0x53, 0x46, 0x4B, 0xE3, 0x94, 0x1B, 0xD4, 0x97, 0x2B, 0x9A, 0x2F, 0x83, 0x94, 0xF3, 0xC7, 0x41,
    0x9B, 0x35, 0x6D, 0x36, 0x52, 0x79, 0x5D, 0xF8, 0x96, 0x96, 0x0D, 0x6B, 0x8A, 0xCD, 0xBA, 0x74,
    0x1B, 0x34, 0x23, 0x1D, 0x7C, 0xE2, 0x95, 0x5D, 0xA3, 0xBF, 0x33, 0xD2, 0x02, 0xD4, 0x4C, 0xC6,
    0xA7, 0x5B, 0xE3, 0x34, 0xDB, 0x1A, 0x06, 0x38, 0x5B, 0x1A, 0xC3, 0xC2, 0xC8, 0xC2, 0x22, 0xA6,
    0xF0, 0xBC, 0x62, 0x2B, 0x1D, 0xBB, 0x3C, 0x28, 0x8B, 0x54, 0xB0, 0x66, 0x9D, 0xD2, 0xA0, 0x59,
    0xD3, 0x32, 0x4A, 0x1A, 0xA8, 0xFF, 0x69, 0xA0, 0xF9, 0xD3, 0x95, 0xA4, 0x81, 0x32, 0x7A, 0xAA,
    0xD8, 0x33, 0xE3, 0x10, 0x78, 0xB0, 0xD7, 0x85, 0xFD, 0x46, 0xEC, 0xF7, 0x62, 0xBF, 0x1D, 0xFB,
    0x1D, 0xD9, 0x6F, 0xCA, 0x7E, 0x5F, 0xF6, 0x5B, 0xB3, 0xDF, 0x9D, 0xFD, 0x06, 0xED, 0xF7, 0x68,
    0xBF, 0x4D, 0xFB, 0x9D, 0xAA, 0xA2, 0x59, 0x36, 0x0B, 0xFD, 0x17, 0x7E, 0xD9, 0x2F, 0x2E, 0xF3,
    0x61, 0xD9, 0x32, 0x46, 0xC6, 0x65, 0xD7, 0xF2, 0x91, 0xF5, 0xB2, 0x71, 0xC5, 0xC0, 0x66, 0xD1,
    0x3B, 0xB1, 0xBB, 0x65, 0xFB, 0xBE, 0x3B, 0xDB, 0x67, 0x7B, 0xF6, 0xB0, 0xB4, 0xE7, 0x3E, 0x2E,
    0xE3, 0x0B, 0xCF, 0x92, 0x5F, 0xBA, 0xB9, 0xCC, 0xBF, 0x6C, 0xE8, 0xC8, 0xB8, 0xEC, 0x29, 0xEB,
    0x7C, 0x58, 0xB6, 0x15, 0xFD, 0x71, 0xD8, 0x76, 0xB6, 0x4F, 0x9D, 0x55, 0xD1, 0x2E, 0x9B, 0x2B,
    0x33, 0xBB, 0x5F, 0xAD, 0x54, 0x50, 0xBD, 0x72, 0xB5, 0x6D, 0x38, 0x4D, 0x8F, 0x7C, 0xA6, 0xAB,
    0x07, 0xF3, 0xF5, 0x50, 0xF7, 0xAA, 0x97, 0x33, 0xD3, 0xA6, 0xB6, 0x1A, 0xF1, 0x38, 0xE5, 0x8C,
    0x13, 0x1E, 0x73, 0xCC, 0x4F, 0x61, 0xEB, 0x7B, 0x60, 0xC4, 0x5B, 0x3B, 0xF1, 0xD7, 0x4E, 0x22,
    0xB4, 0x91, 0x98, 0x16, 0x89, 0x7A, 0x9E, 0xE2, 0x2E, 0x52, 0xE4, 0x90, 0x62, 0x43, 0x8A, 0xF6,
    0xCC, 0x38, 0x34, 0xDA, 0x49, 0x9E, 0xCA, 0x17, 0x21, 0x0F, 0x59, 0x60, 0xC5, 0x63, 0xB9, 0x7A,
    0x88, 0x76, 0xAD, 0x9D, 0x18, 0xAD, 0x30, 0x56, 0x5E, 0xB9, 0x22, 0x54, 0x7D, 0x1E, 0xCA, 0x3E,
    0x0B, 0x85, 0x67, 0x95, 0x85, 0x44, 0xC5, 0xEC, 0xFB, 0x20, 0x79, 0x47, 0xC4, 0xBF, 0x63, 0xAE,
    0x41, 0x62, 0x1A, 0x2B, 0x51, 0xB5, 0x95, 0x38, 0xE5, 0x24, 0xB2, 0x74, 0x12, 0x5B, 0xF4, 0x12,
    0x9D, 0xF7, 0xCC, 0x78, 0x07, 0xA8, 0x01, 0x6D, 0x41, 0x3B, 0xF8, 0x5B, 0x0F, 0xFF, 0x19, 0xC8,
    0xC3, 0x40, 0xD1, 0x9F, 0x51, 0xB9, 0x13, 0x94, 0x69, 0x68, 0x26, 0xF9, 0x1E, 0xB7, 0x0D, 0x80,
    0x82, 0x53, 0xB8, 0x48, 0xEF, 0xF6, 0x81, 0xDA, 0x4B, 0x5C, 0xEB, 0x44, 0xAA, 0x40, 0xB1, 0x22,
    0x1B, 0xE1, 0x87, 0xD0, 0x40, 0x65, 0x80, 0xE3, 0x94, 0x40, 0x39, 0xCA, 0x40, 0x31, 0x90, 0x6D,
    0x20, 0x1A, 0xBA, 0xF4, 0xA0, 0x5B, 0x8B, 0x7F, 0xE5, 0xA5, 0xB9, 0x47, 0x70, 0x8F, 0x05, 0x3A,
    0xE0, 0x83, 0xE4, 0x7A, 0xAF, 0xB1, 0xA2, 0x46, 0xE5, 0x89, 0x14, 0x61, 0x8A, 0x78, 0x57, 0xE8,
    0xD6, 0x80, 0x06, 0x6D, 0x60, 0x84, 0xAA, 0xA7, 0x08, 0x90, 0xAF, 0xE4, 0x16, 0x3C, 0x47, 0x03,
    0x34, 0x66, 0x84, 0x03, 0xAA, 0x7F, 0x08, 0x7C, 0xA3, 0xB5, 0x79, 0x74, 0xD9, 0xA6, 0x73, 0x92,
    0x38, 0xB6, 0x93, 0x32, 0x59, 0xD4, 0xB6, 0x88, 0x9E, 0xF5, 0x2D, 0xD4, 0xCF, 0x07, 0xEE, 0x80,
    0xE6, 0x12, 0x60, 0xA4, 0xB1, 0x08, 0x61, 0xE5, 0x11, 0xC2, 0x7C, 0x48, 0xB9, 0xE4, 0xE6, 0x08,
    0x4C, 0x51, 0x81, 0x6F, 0xA3, 0xBC, 0x12, 0x96, 0x62, 0xD0, 0xA4, 0x02, 0x7F, 0x2D, 0xA9, 0xDF,
    0x02, 0xFE, 0x08, 0x38, 0xE4, 0xC0, 0x74, 0xAE, 0x09, 0xD3, 0xF4, 0x9D, 0x6D, 0x7C, 0x9B, 0x66,
    0x2D, 0xB3, 0x6F, 0xCD, 0x3C, 0xB5, 0x51, 0xF3, 0x44, 0xB9, 0xEB, 0x66, 0x43, 0x95, 0xE6, 0x11,
    0x95, 0x95, 0xC9, 0x02, 0x12, 0x17, 0x9D, 0x0E, 0x57, 0x53, 0xF8, 0x6E, 0x91, 0xC1, 0x37, 0x7F,
    0x02, 0x79, 0x8C, 0x2B, 0xD4, 0xE6, 0x7B, 0x11, 0xED, 0x69, 0x9D, 0x76, 0xD4, 0x5E, 0x1B, 0x54,
    0xD0, 0xC5, 0xA8, 0x56, 0xB7, 0x8B, 0xB1, 0x5A, 0x21, 0x2B, 0x11, 0x81, 0x7C, 0xA8, 0x45, 0x34,
    0xFD, 0x24, 0x5A, 0x4B, 0xFE, 0x62, 0x03, 0x59, 0x5C, 0x89, 0xB0, 0x90, 0x0D, 0x40, 0xB6, 0x02,
    0x08, 0x4B, 0xB1, 0x8F, 0x5C, 0xFC, 0xCA, 0x35, 0x4B, 0x51, 0x8C, 0xB0, 0x7B, 0xAD, 0x7F, 0xA0,
    0x63, 0x8C, 0xEB, 0x24, 0x9E, 0x21, 0xC8, 0xFC, 0x09, 0x82, 0xD2, 0x29, 0x0B, 0xD0, 0x50, 0x08,
    0x47, 0x3E, 0x42, 0xF7, 0xEF, 0xE6, 0x9B, 0x9D, 0x87, 0xF7, 0x27, 0xEF, 0x8D, 0x01, 0x3E, 0x89,
    0xF1, 0x09, 0x0B, 0x1C, 0x9C, 0xFF, 0x19, 0xA4, 0x8D, 0x46, 0x89, 0x69, 0xE2, 0xCB, 0x18, 0x2D,
    0x99, 0xF8, 0xBE, 0xBF, 0xA2, 0xEA, 0x49, 0x6D, 0x38, 0x42, 0x50, 0xD9, 0xC7, 0x24, 0xE7, 0xFE,
    0x3E, 0x09, 0xC2, 0x94, 0x01, 0x28, 0x93, 0xD2, 0x02, 0xA9, 0x92, 0x0B, 0x80, 0x54, 0x42, 0x00,
    0x0A, 0x2F, 0xB1, 0x0E, 0x50, 0xF6, 0xCA, 0xED, 0x14, 0x96, 0x6E, 0xAB, 0xAB, 0x3D, 0x56, 0x6B,
    0x40, 0x7D, 0x0E, 0x34, 0xC2, 0x79, 0x2A, 0x61, 0x17, 0x45, 0x0F, 0x43, 0x1E, 0x84, 0x6D, 0x25,
    0x6C, 0x17, 0xC2, 0x76, 0x22, 0x6C, 0x0D, 0x8D, 0x24, 0x3F, 0x15, 0xFE, 0x0B, 0x28, 0x7B, 0x96,
    0x58, 0xB3, 0xC5, 0x73, 0x12, 0x32, 0xCE, 0x30, 0x00, 0xA5, 0x3D, 0x2B, 0x1D, 0x80, 0x5A, 0xDD,
    0x6B, 0xFA, 0xB4, 0x88, 0xBF, 0x1B, 0x3D, 0xA4, 0x03, 0x7A, 0x41, 0x42, 0x1E, 0x0D, 0xCB, 0x2B,
    0xB3, 0xCF, 0x32, 0x4A, 0x78, 0x0A, 0x37, 0x33, 0x5F, 0x2C, 0x73, 0x2D, 0xB2, 0x97, 0x01, 0xA8,
    0x1D, 0x14, 0x61, 0x3E, 0x80, 0x3B, 0x85, 0x07, 0xA3, 0xEC, 0x9D, 0x93, 0xA2, 0x3F, 0x62, 0xA5,
    0xCC, 0x17, 0xED, 0xCF, 0xFF, 0x3E, 0x66, 0xB1, 0x2A, 0xC7, 0xF6, 0xC5, 0x3F, 0x4F, 0x8B, 0x2F,
    0xDB, 0x31, 0x93, 0x26, 0x95, 0xD2, 0x30, 0x35, 0x00, 0xAD, 0xE7, 0x76, 0x8C, 0xBD, 0x34, 0xD1,
    0x74, 0xFF, 0xF3, 0x77, 0xF1, 0xF7, 0xE2, 0x2F, 0x9A, 0xB1, 0xFD, 0x74, 0x8A, 0xDA, 0x4C, 0x51,
    0x13, 0xCF, 0x07, 0xC2, 0xF3, 0x53, 0x0A, 0x3F, 0xA7, 0xD8, 0xE5, 0xDA, 0x65, 0x9F, 0x3F, 0x88,
    0xF7, 0x06, 0x09, 0x99, 0x01, 0xCA, 0x5D, 0x77, 0xEA, 0x5D, 0x77, 0xCE, 0xAE, 0xBA, 0x93, 0xED,
    0x9A, 0xF8, 0xF6, 0xDD, 0x00, 0x1D, 0x83, 0xDE, 0x3C, 0xD1, 0x3D, 0xDA, 0xBD, 0xD9, 0xF8, 0x47,
    0xA3, 0x63, 0x2F, 0xF2, 0x0D, 0xFD, 0x7B, 0x84, 0x3F, 0x06, 0x12, 0xBA, 0xD8, 0x3F, 0x8A, 0xBD,
    0x5C, 0x6D, 0xDE, 0x68, 0x1C, 0x7E, 0xD2, 0xEB, 0x28, 0xF2, 0x0D, 0xFD, 0xD1, 0xC2, 0x3F, 0x65,
    0x01, 0x78, 0xF4, 0x19, 0x64, 0xE7, 0x4F, 0xA8, 0x62, 0xB4, 0x34, 0x71, 0x83, 0x7E, 0xF1, 0xFD,
    0x40, 0xF7, 0xAF, 0xAD, 0x6B, 0x5D, 0x3E, 0xB5, 0x9D, 0x2A, 0x74, 0xB0, 0xC9, 0x47, 0x8A, 0xA1,
    0x23, 0x3D, 0xB3, 0xF3, 0xF1, 0x14, 0x3A, 0x86, 0xF9, 0x73, 0xA6, 0xE3, 0x0E, 0xF9, 0x1A, 0x88,
    0x30, 0x5D, 0xD9, 0x2E, 0x8A, 0x11, 0xB2, 0x0D, 0x50, 0x0E, 0xB3, 0x81, 0x5A, 0x41, 0x35, 0x00,
    0x8D, 0x07, 0xED, 0x81, 0x68, 0xC9, 0xA3, 0x81, 0x6A, 0xBD, 0xB8, 0x53, 0x39, 0x59, 0x00, 0x95,
    0x05, 0x8E, 0x5E, 0xBF, 0x78, 0x0D, 0x6A, 0x07, 0xB4, 0x06, 0x74, 0x00, 0xA2, 0xBB, 0x6E, 0x51,
    0xF7, 0x5B, 0x9F, 0x0C, 0xE0, 0xD6, 0xF6, 0x34, 0x0E, 0x4D, 0x3A, 0x8B, 0xD6, 0xA5, 0x93, 0x98,
    0xCF, 0x61, 0x52, 0x72, 0x0A, 0x68, 0x51, 0xDD, 0xA4, 0x4E, 0x67, 0x75, 0x2B, 0x29, 0x0B, 0xC4,
    0xA5, 0xCA, 0x36, 0x49, 0x15, 0x23, 0xDA, 0xA4, 0xBD, 0x89, 0xD2, 0x9E, 0xC6, 0xC8, 0x8E, 0x45,
    0xC9, 0x7E, 0x1B, 0xA8, 0xDC, 0xAC, 0x2C, 0xD4, 0xD7, 0xAA, 0xD7, 0xEC, 0x4E, 0xDB, 0xB4, 0x93,
    0xCE, 0xCD, 0xAA, 0xBF, 0xB2, 0xEA, 0x3E, 0xDD, 0xCB, 0xD2, 0x96, 0x0E, 0xE1, 0xA3, 0xCF, 0xE4,
    0x72, 0x19, 0xA3, 0x9B, 0x54, 0xF3, 0xE2, 0xE3, 0x15, 0x9D, 0xD5, 0x2E, 0x5B, 0xD3, 0xDA, 0xD6,
    0x10, 0x45, 0x41, 0x6B, 0x5A, 0xDB, 0x24, 0x65, 0x32, 0xE6, 0x3B, 0x62, 0x69, 0x51, 0xDD, 0xAC,
    0x22, 0x1A, 0xC8, 0x37, 0x49, 0x95, 0x63, 0x52, 0x4D, 0x10, 0x95, 0x45, 0x2B, 0xAA, 0x5C, 0x93,
    0x54, 0x0F, 0xCD, 0xA4, 0xDC, 0x4E, 0x1D, 0x2D, 0xD5, 0xF5, 0xD0, 0x06, 0xD5, 0x43, 0x74, 0x42,
    0x29, 0x4A, 0x87, 0x9D, 0xD5, 0x1A, 0x94, 0x4F, 0xFD, 0xC9, 0xD8, 0xE2, 0xF4, 0x4F, 0x0E, 0x3E,
    0x5A, 0xC9, 0xF3, 0x26, 0x34, 0x22, 0x2A, 0x11, 0x7C, 0xF4, 0xA3, 0xC2, 0x33, 0xE7, 0x9F, 0x13,
    0x55, 0x22, 0xD4, 0xAB, 0xBF, 0xE9, 0xDD, 0x23, 0x41, 0x27, 0x8E, 0x9D, 0xF8, 0xE1, 0xEE, 0x5F,
    0xFF, 0x08, 0x30, 0x3F, 0x15, 0x93, 0xD8, 0x3D, 0x30, 0x92, 0x98, 0xD9, 0x97, 0xC4, 0x0B, 0x76,
    0x41, 0x9B, 0x9E, 0x59, 0xBF, 0x13, 0x27, 0xC0, 0x98, 0x8E, 0xFC, 0x62, 0x92, 0x7D, 0x92, 0x3E,
    0xC9, 0xC0, 0xF5, 0xD2, 0x2F, 0x3C, 0xE7, 0x28, 0x23, 0x72, 0xC3, 0x24, 0xFF, 0xE3, 0xA9, 0x48,
    0xC7, 0xDB, 0x94, 0xA3, 0x6C, 0xEC, 0x37, 0xC6, 0xF2, 0x05, 0xB4, 0x53, 0xE5, 0x96, 0xC3, 0x07,
    0xD9, 0x43, 0x03, 0x77, 0xE5, 0x07, 0xC9, 0x22, 0x4E, 0x70, 0x2A, 0x6E, 0x3E, 0x5E, 0xD1, 0xC4,
    0xB1, 0xF0, 0xE8, 0x49, 0xF6, 0xB4, 0xAF, 0x95, 0xB3, 0xCF, 0xEC, 0xAF, 0xE2, 0x7A, 0x8A, 0x9D,
    0x79, 0xF8, 0x48, 0x38, 0x3F, 0x9C, 0x84, 0xD9, 0x9E, 0xD8, 0xED, 0xF5, 0xC7, 0xB2, 0xD3, 0xF1,
    0x6A, 0xD7, 0xD1, 0x26, 0xE9, 0x5E, 0x2B, 0xED, 0xEC, 0x3F, 0xC7, 0xCE, 0x3C, 0x33, 0xE7, 0x8C,
    0xE2, 0xAA, 0x79, 0xB7, 0xF2, 0x90, 0xF1, 0x41, 0x16, 0x6A, 0x74, 0xEF, 0x3B, 0xA3, 0xC7, 0x7F,
    0x8B, 0x36, 0xEB, 0xE2, 0xBF, 0x40, 0xB5, 0x86, 0xB4, 0xD2, 0xC3, 0x74, 0x2D, 0xDD, 0x9D, 0xFC,
    0x94, 0x44, 0xEC, 0x1A, 0xBF, 0x62, 0x46, 0x66, 0x6A, 0xDF, 0x04, 0x1D, 0x9A, 0x50, 0xF5, 0x5C,
    0x8B, 0xCA, 0x37, 0xF2, 0xB3, 0x61, 0xD0, 0xB6, 0xA1, 0x46, 0x99, 0xA2, 0x67, 0xCD, 0x6F, 0x02,
    0xDC, 0x4E, 0x45, 0xE5, 0x31, 0xAE, 0x81, 0xFA, 0xE5, 0xF7, 0x62, 0x0F, 0x9D, 0xA1, 0x1C, 0x28,
    0x06, 0xE0, 0x92, 0x44, 0x59, 0x9B, 0xDA, 0x00, 0x95, 0x3B, 0x45, 0xBC, 0x3D, 0x6F, 0x1D, 0x29,
    0x51, 0xE1, 0x95, 0x4D, 0x69, 0x4B, 0x0F, 0x34, 0x26, 0x1F, 0x81, 0x35, 0x74, 0x4F, 0xE4, 0x75,
    0x0B, 0x15, 0x7F, 0x19, 0x6D, 0x3A, 0xA6, 0x01, 0x20, 0x7B, 0x08, 0x6F, 0xE5, 0x80, 0xDF, 0x56,
    0xD7, 0x32, 0x54, 0x50, 0x46, 0xAD, 0x6A, 0xD4, 0xEA, 0x88, 0x2A, 0x9C, 0x90, 0x99, 0x33, 0xE0,
    0x0B, 0x60, 0x05, 0x59, 0x80, 0xC2, 0xB3, 0xFB, 0x89, 0x51, 0x59, 0x50, 0x40, 0x03, 0x9C, 0x00,
    0xC7, 0xC0, 0xC5, 0x2B, 0xD7, 0x5C, 0x5C, 0xFB, 0xD9, 0xB5, 0x12, 0xD7, 0xEF, 0x3C, 0xA5, 0x2E,
    0x46, 0x8E, 0xCA, 0x91, 0x93, 0x69, 0x9E, 0xA5, 0x86, 0x42, 0xF6, 0x19, 0xD9, 0x53, 0x15, 0xC9,
    0x43, 0x13, 0xFB, 0xC2, 0x9F, 0x96, 0x2B, 0xF9, 0xE6, 0xDA, 0x54, 0xEE, 0x0B, 0x74, 0x34, 0x03,
    0xD5, 0x86, 0xFB, 0xC8, 0xE0, 0xFD, 0xB8, 0x49, 0x5D, 0x97, 0xB7, 0x61, 0xA0, 0x7D, 0xF9, 0x23,
    0x79, 0xF6, 0x17, 0x2F, 0x80, 0xDB, 0x23, 0x57, 0x6F, 0xCF, 0x57, 0x6F, 0xD3, 0x7F, 0x30, 0xB3,
    0xF7, 0xEC, 0x70, 0x91, 0x84, 0x5C, 0xBB, 0xF8, 0x75, 0xCA, 0x70, 0xD6, 0xD8, 0x7C, 0x7C, 0xDC,
    0x1A, 0x2E, 0xEF, 0x8D, 0x50, 0xFF, 0xA1, 0xE7, 0xB7, 0x8B, 0x68, 0xEE, 0xEB, 0x89, 0x7E, 0x95,
    0xC4, 0x37, 0xC4, 0x4C, 0x37, 0xB8, 0x7C, 0x3C, 0x52, 0x88, 0x73, 0x21, 0x61, 0xB8, 0x89, 0x60,
    0xCB, 0xF7, 0xE3, 0x57, 0xEF, 0x61, 0xB5, 0x07, 0x74, 0xB8, 0x12, 0x8D, 0x88, 0xFD, 0xBF, 0x00,
    0xB4, 0x05, 0x3A, 0x07, 0x44, 0x77, 0xB5, 0xD2, 0x86, 0xEB, 0xA0, 0xFA, 0x99, 0x65, 0x49, 0x9A,
    0x72, 0x64, 0xF2, 0xE1, 0x6D, 0x1E, 0xC8, 0xF7, 0xBB, 0xFE, 0xD9, 0x26, 0x7D, 0x7E, 0x7F, 0x3A,
    0xCA, 0x97, 0x7C, 0x9B, 0x8F, 0xF2, 0x39, 0x7F, 0x59, 0xAC, 0x6A, 0x57, 0xDB, 0x8B, 0x22, 0xD4,
    0xB6, 0x61, 0x2C, 0xFB, 0x86, 0x53, 0x56, 0xA5, 0x3B, 0xE5, 0x24, 0x0B, 0x95, 0x3D, 0xE6, 0x38,
    0xF3, 0x8A, 0x63, 0x76, 0x38, 0x48, 0x52, 0x3B, 0x80, 0xB6, 0x4F, 0xD2, 0xA7, 0x2B, 0x69, 0x5D,
    0x5B, 0xF6, 0x41, 0x96, 0x36, 0x52, 0xF7, 0x52, 0xBF, 0x0E, 0x31, 0xC9, 0x79, 0xAD, 0x0D, 0xD4,
    0x8E, 0x6B, 0xD0, 0xD8, 0x7D, 0xFE, 0x79, 0xAD, 0xDD, 0xAE, 0x8E, 0x34, 0x5B, 0x0B, 0xCD, 0xAF,
    0x32, 0xFB, 0xC6, 0x20, 0x5D, 0xBE, 0x06, 0xDA, 0x5D, 0xCF, 0xDC, 0x5C, 0xEF, 0x9D, 0x2A, 0x9C,
    0x39, 0x97, 0x95, 0xCF, 0x3B, 0xBA, 0x05, 0x64, 0xDC, 0xA5, 0x75, 0xD1, 0xC5, 0xC9, 0xEB, 0x2E,
    0x6F, 0x82, 0xC6, 0x74, 0xC9, 0xBB, 0xB5, 0x07, 0xC0, 0x3B, 0x66, 0x51, 0x95, 0xDF, 0x3F, 0xCF,
    0xBB, 0x86, 0x37, 0xC2, 0xFC, 0xFE, 0xF6, 0xAB, 0x75, 0xB6, 0x0E, 0x9A, 0x3E, 0x9D, 0xD5, 0x1B,
    0x30, 0xBD, 0xD9, 0xC9, 0xCF, 0x68, 0xA9, 0x69, 0x5C, 0x67, 0x6B, 0x74, 0x1F, 0x93, 0xEC, 0xCC,
    0x24, 0xDD, 0x7B, 0xD4, 0x57, 0x3F, 0x92, 0x5C, 0x23, 0xBB, 0x38, 0xA1, 0x8F, 0x49, 0x3E, 0x3A,
    0xFF, 0x7C, 0x7A, 0x60, 0x7D, 0x9D, 0xE7, 0xD1, 0x24, 0x2B, 0x93, 0xF8, 0xDD, 0x96, 0x3F, 0x49,
    0x4D, 0x4D, 0x6D, 0xAF, 0x3F, 0x73, 0x89, 0xDA, 0x9E, 0xAD, 0x7B, 0xEF, 0x6B, 0xCF, 0x7C, 0x3F,
    0x76, 0x2F, 0x66, 0x61, 0x1F, 0xEC, 0xC7, 0x5E, 0xFD, 0xA6, 0xFD, 0xDF, 0x86, 0xC0, 0x6E, 0x4C,
    0xE6, 0xDB, 0xF9, 0x7D, 0xDE, 0x3F, 0x63, 0x37, 0xC4, 0xBC, 0xF1, 0x2C, 0x3A, 0xBA, 0x26, 0x5A,
    0x15, 0xA9, 0x36, 0x14, 0x23, 0xF9, 0x00, 0xE1, 0x46, 0xC7, 0x8C, 0xFB, 0x10, 0x84, 0xBC, 0x18,
    0x25, 0x91, 0x8A, 0x4C, 0x49, 0xDB, 0xD8, 0xDF, 0x70, 0x96, 0x20, 0xFC, 0x4A, 0x71, 0x5C, 0xB8,
    0x93, 0xD2, 0xA9, 0xEF, 0x8B, 0x79, 0xB3, 0x7B, 0x39, 0x34, 0x74, 0x81, 0xC3, 0xC0, 0x5B, 0xED,
    0xFE, 0xFF, 0x02, 0xED, 0x95, 0x01, 0x84, 0x1C, 0x57, 0x18, 0xC7, 0x7F, 0x33, 0xCF, 0x65, 0x30,
    0x9A, 0x01, 0x41, 0x93, 0xC6, 0x14, 0x45, 0x5D, 0x9B, 0x0C, 0x14, 0x41, 0xF7, 0xDE, 0x2B, 0x00,
    0x00, 0x89, 0x6A, 0x43, 0x03, 0xC0, 0xC1, 0x05, 0xA0, 0x5C, 0xB2, 0xD3, 0x02, 0x80, 0x2B, 0x00,
    0x10, 0x14, 0xC9, 0x16, 0x81, 0x20, 0xD8, 0xDC, 0x3C, 0x85, 0xA0, 0x30, 0x45, 0x01, 0xA9, 0x51,
    0x97, 0x02, 0x69, 0x26, 0x4C, 0x99, 0xC6, 0xEC, 0xBC, 0xFE, 0x6F, 0xB6, 0x89, 0x95, 0xE6, 0x4A,
    0x29, 0x94, 0xEC, 0xF7, 0x7E, 0x6F, 0xDF, 0x7C, 0xDF, 0xFF, 0x7D, 0xFE, 0xFB, 0xD6, 0x33, 0x9C,
    0x75, 0xC4, 0xA1, 0x27, 0x6B, 0x0E, 0xC9, 0xBD, 0xC5, 0x96, 0x45, 0x69, 0x5D, 0xEE, 0xE7, 0x08,
    0xB2, 0xBA, 0xDA, 0xE0, 0x38, 0xA7, 0x9A, 0x28, 0xFC, 0xB1, 0x4A, 0x19, 0x4C, 0x18, 0xA0, 0xAA,
    0x89, 0x9C, 0x69, 0x92, 0x26, 0x72, 0x00, 0xB6, 0x4E, 0x6A, 0xF3, 0x6A, 0x34, 0xE7, 0x7E, 0xDF,
    0x5D, 0xC0, 0x65, 0x88, 0x07, 0x48, 0x44, 0x26, 0x2E, 0x8A, 0x2F, 0xC5, 0xB3, 0x81, 0xF8, 0xC7,
    0x81, 0xE4, 0xAB, 0x81, 0x2C, 0x1A, 0xB8, 0x20, 0xE6, 0x21, 0x0C, 0xDB, 0xDF, 0x8D, 0xB7, 0xD1,
    0x7A, 0xCD, 0x0A, 0x3E, 0x08, 0x07, 0x6C, 0x2F, 0x0E, 0x00, 0xB2, 0x10, 0x26, 0x4E, 0x5F, 0xB9,
    0xC6, 0x5B, 0x24, 0x9C, 0x87, 0x35, 0x9F, 0x39, 0x0A, 0xB9, 0x7A, 0x3B, 0x0A, 0x80, 0xF5, 0x50,
    0x88, 0xDC, 0x7F, 0xA8, 0xEF, 0x19, 0x56, 0xEE, 0x2B, 0x57, 0x84, 0x15, 0xA7, 0x42, 0x0D, 0xA7,
    0xBE, 0x85, 0x2A, 0x60, 0x3A, 0x5B, 0xA6, 0x75, 0x5E, 0x66, 0xFE, 0x34, 0x45, 0x09, 0xF6, 0x98,
    0xBB, 0x47, 0xD8, 0xE7, 0xA3, 0xD6, 0x8A, 0xE9, 0x57, 0x67, 0xDE, 0x4A, 0x51, 0xF8, 0x4C, 0x91,
    0xFB, 0xB4, 0xB1, 0x2E, 0x1E, 0x57, 0xB0, 0xD7, 0x00, 0x60, 0x43, 0xF0, 0xC7, 0xCC, 0xAE, 0x5C,
    0x2D, 0x2F, 0x91, 0xF1, 0x1E, 0x39, 0x30, 0x13, 0xFB, 0xE2, 0xBE, 0x68, 0x21, 0x6E, 0xC0, 0xD4,
    0x90, 0x7A, 0xC8, 0x1C, 0x93, 0x64, 0x67, 0x2D, 0xE1, 0xB6, 0xF8, 0xFC, 0x80, 0x44, 0xDE, 0x74,
    0xB2, 0xE8, 0x84, 0x15, 0x9A, 0x7D, 0xE1, 0x8A, 0xC6, 0x92, 0x8D, 0x3D, 0x71, 0x68, 0x88, 0x54,
    0x4F, 0x7F, 0x09, 0x4E, 0x55, 0x3F, 0x27, 0x97, 0x32, 0xAB, 0x55, 0xF5, 0xD2, 0x95, 0x99, 0xFC,
    0x46, 0xD5, 0x11, 0xEC, 0x3A, 0xF5, 0x69, 0xC9, 0x75, 0xA6, 0xD6, 0xCD, 0xB1, 0x0A, 0xCD, 0xE5,
    0x71, 0x57, 0x31, 0xFD, 0x83, 0xF9, 0xE3, 0xE0, 0x13, 0xF9, 0x45, 0x39, 0xA4, 0x12, 0xBC, 0xCF,
    0x21, 0xB3, 0x68, 0x20, 0x7F, 0xDA, 0x92, 0x8C, 0x0E, 0xB6, 0x80, 0xD3, 0x7F, 0xA7, 0xD2, 0xBE,
    0x63, 0x5E, 0x57, 0x63, 0x6B, 0x5D, 0xDF, 0x84, 0x57, 0x3E, 0x9B, 0xF9, 0xC4, 0x61, 0x89, 0x06,
    0x92, 0x96, 0xAC, 0x26, 0xF7, 0xB2, 0x29, 0x37, 0x1A, 0xCC, 0x79, 0x65, 0x4C, 0xF9, 0x52, 0xFE,
    0xA5, 0x24, 0x6D, 0x89, 0x87, 0x29, 0x9B, 0x3A, 0x00, 0xB8, 0x05, 0x87, 0x50, 0x4C, 0x25, 0x33,
    0xA8, 0x27, 0x8C, 0x50, 0xAD, 0xC7, 0x46, 0x97, 0xF5, 0xA3, 0xA4, 0x2B, 0x18, 0x88, 0x7B, 0x92,
    0x96, 0xDC, 0x73, 0x13, 0xEE, 0x01, 0x00, 0x97, 0xB1, 0x0F, 0x83, 0x4B, 0x9E, 0xE4, 0xDE, 0xB4,
    0xA6, 0x31, 0x4D, 0xDC, 0x9A, 0xFA, 0x04, 0x54, 0x3B, 0xD7, 0xC5, 0x7F, 0x6C, 0xDF, 0x89, 0x16,
    0xFF, 0xD5, 0x5D, 0x22, 0x72, 0xA8, 0x4C, 0x14, 0x3C, 0x85, 0xB0, 0xD6, 0xC3, 0xBF, 0xE0, 0x6C,
    0x78, 0xCE, 0xD9, 0xC5, 0x02, 0x76, 0x1D, 0x99, 0xFC, 0x14, 0x7E, 0xC4, 0x32, 0x17, 0xD6, 0x6D,
    0x09, 0xB4, 0x86, 0x43, 0x31, 0x40, 0xDC, 0x41, 0x52, 0x43, 0x0E, 0x2C, 0x21, 0x6E, 0x62, 0x9F,
    0x96, 0xC6, 0xDB, 0x10, 0xCA, 0xB9, 0xD8, 0x5E, 0x2C, 0xDC, 0x8B, 0x3E, 0xB6, 0x54, 0x1F, 0x2A,
    0x31, 0x67, 0x4B, 0xC0, 0x08, 0xA6, 0x83, 0x50, 0xC2, 0xDD, 0x1E, 0xA8, 0x40, 0x2A, 0x28, 0xFC,
    0x25, 0xAC, 0xDF, 0xD7, 0xFA, 0x26, 0x61, 0xBA, 0x8D, 0xA7, 0xC2, 0x01, 0xFF, 0x87, 0xDB, 0xFF,
    0xE6, 0xF6, 0xBF, 0xB9, 0xFD, 0x90, 0x06, 0x79, 0xF9, 0xA4, 0xE5, 0x22, 0x3D, 0x5B, 0xDC, 0x07,
    0xC1, 0x6E, 0x4F, 0xFE, 0xB8, 0xE7, 0x86, 0xD6, 0xCB, 0x89, 0x9E, 0xA5, 0x3C, 0xD8, 0x2F, 0x6E,
    0x90, 0x76, 0xF2, 0x06, 0x00, 0x71, 0xF0, 0xD9, 0xD7, 0xDD, 0x0E, 0xCB, 0x19, 0xFB, 0xFB, 0xCC,
    0x0E, 0x17, 0x0F, 0x0E, 0x17, 0x77, 0x96, 0xB0, 0x0F, 0x33, 0x28, 0x78, 0x27, 0xFD, 0xB5, 0x8F,
    0x42, 0xFD, 0x52, 0xDD, 0x90, 0x95, 0x4B, 0x76, 0x14, 0x33, 0x72, 0xA9, 0x32, 0xB7, 0xDC, 0x40,
    0xCF, 0x53, 0xBE, 0x50, 0x3D, 0xFB, 0xA6, 0xE7, 0xC5, 0xCE, 0xF9, 0x50, 0xB5, 0x69, 0x9B, 0xBB,
    0xB8, 0x3D, 0x0F, 0xFD, 0x47, 0xB0, 0x73, 0x0B, 0x72, 0x0F, 0x99, 0xB8, 0xD8, 0xC2, 0xF5, 0x1E,
    0xEA, 0x1D, 0x4C, 0x99, 0xBB, 0xDC, 0x17, 0x75, 0xD5, 0x56, 0x3D, 0x90, 0x06, 0xB7, 0x73, 0xB5,
    0x79, 0x97, 0x0E, 0xFE, 0xB2, 0xB4, 0x58, 0xAC, 0x64, 0x71, 0x89, 0xBC, 0xCA, 0x71, 0x97, 0x7F,
    0xDA, 0xC4, 0xC1, 0x01, 0x67, 0x1C, 0xCC, 0x3D, 0x24, 0xC2, 0x6C, 0xF2, 0x70, 0xC4, 0x3C, 0xD9,
    0xF3, 0xA6, 0x4D, 0xA6, 0xB7, 0xBA, 0xF1, 0xAF, 0x27, 0x11, 0x79, 0x67, 0xBA, 0xF9, 0x2A, 0x1E,
    0x4F, 0xEC, 0xE5, 0xAB, 0xD6, 0xF8, 0xBC, 0x34, 0xFE, 0x82, 0xD6, 0xF7, 0x30, 0xDF, 0xD7, 0x98,
    0x1F, 0x3C, 0xE6, 0x69, 0x83, 0x79, 0xD6, 0x29, 0xB7, 0x14, 0x96, 0x44, 0x9A, 0xBC, 0x4B, 0x8F,
    0xE6, 0xAB, 0x68, 0x79, 0xC6, 0x55, 0x5E, 0xBD, 0x4F, 0x0C, 0x69, 0xBB, 0x6A, 0x04, 0x00, 0xFB,
    0x70, 0x4C, 0x46, 0x92, 0x47, 0x7B, 0x8F, 0x26, 0xBF, 0x72, 0x2C, 0x6F, 0xAD, 0xD1, 0x3C, 0x45,
    0xFD, 0x8F, 0xF3, 0x14, 0x69, 0x67, 0x14, 0x76, 0x8C, 0xC7, 0x78, 0xB5, 0xEE, 0x18, 0x48, 0x7E,
    0xBE, 0xF6, 0xF2, 0xAD, 0x20, 0x4E, 0x7C, 0x2B, 0xA4, 0x5D, 0xAC, 0x9D, 0xD1, 0x08, 0x50, 0xE9,
    0xD4, 0x52, 0xED, 0x4B, 0xA6, 0x7D, 0x91, 0x34, 0xC2, 0xD3, 0xBD, 0x44, 0xCF, 0x53, 0xAF, 0xE3,
    0xFA, 0x6F, 0x72, 0x2B, 0xFD, 0xE6, 0x49, 0x25, 0x35, 0xEC, 0xF5, 0xB0, 0x7B, 0x1B, 0x80, 0x74,
    0xE4, 0xE3, 0xD4, 0xDF, 0x33, 0xFE, 0x7E, 0xC4, 0x4D, 0x28, 0x8E, 0x48, 0x46, 0x09, 0xBC, 0x74,
    0xD7, 0xE3, 0x5A, 0xDD, 0x1F, 0xA4, 0x65, 0xBE, 0x02, 0x88, 0x4A, 0x62, 0xA5, 0x3D, 0x7B, 0x81,
    0x73, 0x3F, 0x91, 0xFA, 0xD7, 0x0F, 0x09, 0xCC, 0x63, 0xA2, 0xE0, 0x80, 0x3F, 0x01, 0xB5, 0x98,
    0x01, 0xA4, 0x25, 0x59, 0x7A, 0xC7, 0x7F, 0x55, 0x35, 0xDD, 0x37, 0xBB, 0x15, 0x73, 0x16, 0xF3,
    0x66, 0xB2, 0xDB, 0x99, 0x57, 0x10, 0xAC, 0x95, 0x9E, 0x82, 0x60, 0xF0, 0x7A, 0xAA, 0x66, 0x02,
    0x08, 0xD2, 0xE8, 0x9B, 0x21, 0xC3, 0x4E, 0x23, 0x90, 0x5E, 0x3C, 0x08, 0x1A, 0x9D, 0xA9, 0xCA,
    0x0E, 0x02, 0xD8, 0x87, 0x4C, 0x60, 0x91, 0x46, 0x42, 0xF7, 0x1D, 0xBC, 0xC5, 0x5B, 0xE9, 0xD0,
    0xD3, 0x55, 0x9D, 0x11, 0x83, 0x41, 0x2A, 0xCB, 0x08, 0x42, 0xA6, 0xD6, 0x76, 0x27, 0x49, 0x37,
    0xFA, 0x4C, 0xB6, 0x3A, 0x5B, 0xEF, 0x75, 0x55, 0x7D, 0xA9, 0xEF, 0x9C, 0x57, 0xFA, 0xBD, 0xED,
    0xCE, 0x64, 0x93, 0x95, 0x4F, 0xBF, 0xDF, 0xFF, 0xDF, 0xF7, 0x3B, 0xE7, 0x9C, 0xEF, 0xDC, 0xAA,
    0x53, 0x55, 0xB7, 0x08, 0x36, 0x39, 0x90, 0x4A, 0x0F, 0xC1, 0xF4, 0xD6, 0x04, 0x51, 0x47, 0x05,
    0xA6, 0xE5, 0x0D, 0x48, 0x6A, 0x7E, 0x03, 0xD2, 0x1A, 0x20, 0x2B, 0x4F, 0x30, 0x5F, 0xAF, 0xD7,
    0x97, 0xB2, 0x5C, 0x44, 0xFA, 0xAC, 0x8C, 0x1F, 0xAF, 0x87, 0xAC, 0x5C, 0x59, 0xAE, 0x65, 0xF5,
    0xCC, 0x9D, 0x54, 0xF9, 0x4D, 0xD3, 0xCE, 0x64, 0xD5, 0x29, 0xC3, 0x49, 0x49, 0x21, 0x22, 0x35,
    0xC1, 0xFE, 0xD1, 0xA6, 0x04, 0xF7, 0xC9, 0xF3, 0x69, 0x1C, 0x13, 0xA5, 0x56, 0xB1, 0x7B, 0xB4,
    0x99, 0x40, 0x44, 0x66, 0xFA, 0x88, 0xEE, 0xB6, 0xCA, 0xBF, 0x6D, 0xB4, 0xFD, 0xFB, 0x35, 0x70,
    0xEE, 0xE1, 0xCC, 0x95, 0x48, 0x0F, 0x99, 0xBC, 0x2B, 0x20, 0xBF, 0x1B, 0x4B, 0x19, 0x0D, 0x2F,
    0xC6, 0x45, 0x6D, 0xBA, 0x57, 0x4D, 0x56, 0x27, 0xED, 0x79, 0x93, 0xE6, 0x59, 0xB3, 0xB3, 0xFD,
    0x12, 0x59, 0xBD, 0xF3, 0x2A, 0x14, 0xF5, 0xEB, 0xBF, 0x09, 0x55, 0x7D, 0x75, 0x67, 0x66, 0x79,
    0xE0, 0xF8, 0x83, 0xD7, 0x95, 0xF6, 0x8F, 0x1C, 0x0F, 0x66, 0xDE, 0x6D, 0x2D, 0x14, 0x77, 0x9B,
    0x99, 0xD9, 0x8F, 0xEA, 0x76, 0xE6, 0x4F, 0x74, 0xF2, 0xE4, 0x67, 0x3A, 0xB9, 0x91, 0xEF, 0xD6,
    0x51, 0x19, 0xC9, 0xFB, 0x75, 0x52, 0x22, 0x4F, 0xFE, 0x4E, 0x72, 0x52, 0x91, 0x51, 0x13, 0xD2,
    0xC2, 0x8B, 0xE6, 0xCF, 0x80, 0x6D, 0x03, 0x70, 0xDE, 0x71, 0x67, 0x5B, 0xF9, 0xD2, 0x0B, 0x4A,
    0x5E, 0xBE, 0x99, 0x43, 0xE8, 0x6A, 0x4E, 0x8E, 0xDE, 0x11, 0x9D, 0x12, 0x29, 0xC3, 0x51, 0x2B,
    0x5B, 0xE9, 0x42, 0x6A, 0x63, 0x21, 0xCD, 0x93, 0x16, 0xE6, 0x9A, 0x1B, 0xD0, 0xCF, 0x94, 0x85,
    0x63, 0x75, 0x77, 0xF3, 0xE6, 0xDF, 0x50, 0x7D, 0x57, 0x3E, 0x95, 0xB2, 0x2A, 0xD3, 0x7F, 0xAE,
    0xEA, 0xAA, 0x34, 0x7D, 0x5A, 0xCE, 0xB4, 0xAF, 0xA2, 0xD4, 0xD5, 0x99, 0x16, 0x8A, 0x85, 0x0D,
    0x64, 0x8D, 0x63, 0xAB, 0x4C, 0xAC, 0xD2, 0xF4, 0xCA, 0xD5, 0x68, 0x9A, 0xA8, 0x0C, 0xE5, 0x7B,
    0x4D, 0x52, 0x52, 0xC9, 0x7D, 0xC9, 0x49, 0xDC, 0x5A, 0x42, 0xB7, 0x16, 0xCE, 0x5C, 0x82, 0x2D,
    0x3D, 0xEC, 0x7A, 0x14, 0xA7, 0x73, 0xF2, 0x60, 0x7F, 0x42, 0xE0, 0x0E, 0x15, 0xBC, 0xA1, 0x78,
    0x8D, 0x05, 0x5F, 0x57, 0xF0, 0x25, 0x10, 0xA9, 0x15, 0xCD, 0xF3, 0xB2, 0x99, 0x88, 0x55, 0xB4,
    0xCF, 0xEF, 0x2B, 0x25, 0xA4, 0x72, 0x94, 0x53, 0x88, 0x5A, 0xAE, 0xFC, 0x25, 0xC4, 0x22, 0x39,
    0xD9, 0xFD, 0xAA, 0x41, 0x30, 0x36, 0x18, 0x58, 0xD9, 0x70, 0x20, 0xB2, 0x51, 0x4F, 0xD4, 0xCC,
    0x08, 0x98, 0x01, 0xE1, 0x00, 0x04, 0x0A, 0xC6, 0x13, 0xB3, 0xF5, 0x8A, 0xE1, 0xF8, 0x34, 0x37,
    0x0E, 0x0D, 0xFE, 0xB3, 0x6F, 0xED, 0x1F, 0xDD, 0x80, 0xB8, 0x61, 0x49, 0x94, 0x40, 0x0A, 0x70,
    0x2D, 0x27, 0x0C, 0x44, 0xCA, 0x38, 0x96, 0x39, 0x92, 0x07, 0x22, 0xC3, 0xAB, 0x9C, 0x95, 0x16,
    0xD8, 0xC2, 0xC5, 0x19, 0x2F, 0x60, 0x16, 0xF3, 0xDA, 0x62, 0x76, 0x16, 0x73, 0xCD, 0x31, 0xB8,
    0xC9, 0xE3, 0x9B, 0x50, 0x0D, 0xA9, 0x34, 0xBA, 0xEE, 0x74, 0xA8, 0xE4, 0x3F, 0xB5, 0xAE, 0x70,
    0x6C, 0x63, 0xE9, 0x56, 0x23, 0x81, 0x94, 0xA1, 0xD4, 0xC1, 0x34, 0x1B, 0x02, 0xC9, 0x51, 0x82,
    0x40, 0x45, 0x30, 0x2D, 0x66, 0xFC, 0x32, 0x13, 0x2C, 0x26, 0x5C, 0x4C, 0xB4, 0x98, 0x78, 0x31,
    0x66, 0x31, 0xC9, 0x62, 0x2E, 0x2C, 0x66, 0xC7, 0x99, 0x48, 0xB8, 0x25, 0x39, 0x55, 0xB9, 0x2F,
    0xBD, 0x95, 0x9E, 0xAA, 0x17, 0x19, 0x5B, 0x19, 0xA8, 0x46, 0x88, 0x1A, 0x7C, 0xAC, 0x6A, 0xAF,
    0xC4, 0xF9, 0xCF, 0x7F, 0x03, 0x67, 0x8E, 0x65, 0x0D, 0xEB, 0x35, 0xA9, 0x94, 0x88, 0x94, 0x67,
    0xA5, 0x66, 0x77, 0xCA, 0x29, 0x5A, 0x22, 0x0B, 0x99, 0x75, 0x43, 0x65, 0xBD, 0x97, 0xC1, 0xC9,
    0x1B, 0x93, 0x93, 0x1D, 0xF1, 0x52, 0x95, 0x4E, 0xB2, 0x7A, 0x96, 0x42, 0x34, 0xDA, 0xCA, 0x89,
    0x65, 0x27, 0xEE, 0x5D, 0x2E, 0x1A, 0x54, 0xAE, 0x85, 0xD3, 0x2C, 0xC7, 0xB9, 0x2B, 0xD3, 0x46,
    0x1E, 0x1E, 0x5D, 0x67, 0x87, 0xEC, 0x63, 0x6D, 0x42, 0xF2, 0x13, 0x27, 0xE6, 0xA7, 0x4E, 0x56,
    0x4F, 0x9C, 0x44, 0xE2, 0x24, 0xF0, 0xC2, 0xB1, 0x14, 0xB3, 0xDC, 0xD1, 0xCD, 0xC3, 0x39, 0xB9,
    0x47, 0xD2, 0x90, 0x4A, 0x87, 0x69, 0x98, 0xF7, 0x03, 0x1A, 0x22, 0x72, 0xA8, 0xFA, 0x8E, 0x7C,
    0x28, 0x25, 0x10, 0x0A, 0xA9, 0x75, 0x09, 0xE2, 0xDE, 0x6B, 0x34, 0x1C, 0xEB, 0xE8, 0x35, 0x9C,
    0x9E, 0xD1, 0xDC, 0x6B, 0x58, 0x3B, 0x1D, 0x23, 0xA7, 0xD1, 0xE0, 0x75, 0xD5, 0x1B, 0xA7, 0xC6,
    0x66, 0x0F, 0xF6, 0x10, 0xAA, 0x8F, 0x45, 0x5A, 0x44, 0xA6, 0x60, 0xF7, 0x7E, 0x3E, 0xEB, 0x1E,
    0x3E, 0xCF, 0xFF, 0x45, 0x03, 0xA7, 0x0D, 0x91, 0xE4, 0xB3, 0x5A, 0xF6, 0xE5, 0x08, 0x56, 0xD3,
    0x0F, 0x44, 0x24, 0x27, 0x14, 0x8B, 0x8B, 0x2D, 0xB6, 0xFC, 0x7A, 0xFD, 0x26, 0x9E, 0xBC, 0x3B,
    0x27, 0x1B, 0x69, 0xBD, 0x95, 0x3C, 0x1E, 0x8E, 0xD3, 0x79, 0x38, 0x2D, 0x0E, 0x59, 0x9C, 0xFE,
    0x7B, 0xEA, 0x7E, 0xFF, 0xA2, 0x77, 0x65, 0x2C, 0xA3, 0x77, 0x79, 0xF6, 0x81, 0xE4, 0xDE, 0x8D,
    0x64, 0xB5, 0xEF, 0x3B, 0x90, 0xA8, 0x0B, 0xC6, 0x60, 0xC0, 0x68, 0x6A, 0xD5, 0xCD, 0xEE, 0x05,
    0xA8, 0x3E, 0xA8, 0x6A, 0x26, 0x5F, 0xCC, 0x08, 0xD2, 0xA8, 0xFB, 0x70, 0x80, 0x62, 0x54, 0xF7,
    0x96, 0x40, 0x22, 0xAD, 0x8E, 0xEC, 0x16, 0xE1, 0xE6, 0xA8, 0x6A, 0x48, 0xC5, 0x4D, 0xD5, 0x40,
    0x20, 0x3A, 0xB2, 0x3B, 0x52, 0x69, 0x33, 0x3B, 0xD3, 0xF1, 0x35, 0x4C, 0x4B, 0xA5, 0xEB, 0xB0,
    0xC4, 0xEA, 0xA2, 0x29, 0x3C, 0x76, 0x81, 0x84, 0xEE, 0xA0, 0x4B, 0x8D, 0xDC, 0x1D, 0x48, 0xEB,
    0x5D, 0x39, 0x22, 0xEB, 0x65, 0x23, 0x54, 0x22, 0xC4, 0xA3, 0x9E, 0x14, 0xC7, 0xB1, 0xD6, 0xD3,
    0x7C, 0x06, 0x7A, 0xD5, 0xBC, 0x98, 0x8A, 0x40, 0x06, 0x95, 0xD8, 0x57, 0xE4, 0x31, 0x14, 0x70,
    0x4E, 0xF6, 0x90, 0xDA, 0x2D, 0x1B, 0x2D, 0xB9, 0xC6, 0xFD, 0xB7, 0x87, 0xCC, 0xDB, 0xA0, 0x73,
    0x45, 0x05, 0xD2, 0x10, 0x5A, 0x48, 0x5A, 0xA2, 0x47, 0x7E, 0x8B, 0x18, 0x4B, 0xF4, 0xF7, 0x7E,
    0x9B, 0x98, 0x8E, 0xD5, 0xA7, 0xD6, 0xED, 0xB9, 0xB8, 0x27, 0xFE, 0xD3, 0x8E, 0xB8, 0x86, 0x68,
    0xC0, 0xFC, 0x76, 0x8F, 0x29, 0xBD, 0x0D, 0xDD, 0xF7, 0xB6, 0xF5, 0xF6, 0xB4, 0xDE, 0xFD, 0xBD,
    0xF9, 0xEF, 0x83, 0x8B, 0x99, 0x2C, 0xD1, 0x6F, 0xAD, 0x65, 0xFD, 0x9E, 0xFB, 0xBB, 0x08, 0xC2,
    0x0E, 0x15, 0x3B, 0x00, 0x45, 0x79, 0x95, 0x22, 0xBF, 0x06, 0x5A, 0xCF, 0x01, 0x59, 0xD9, 0x7B,
    0x6B, 0x49, 0xEB, 0x0E, 0xB4, 0x34, 0x4B, 0x72, 0xD7, 0xAA, 0x4D, 0x7E, 0xDC, 0x62, 0x7E, 0xE4,
    0xAC, 0xF9, 0x8F, 0x06, 0xA3, 0xDB, 0x0A, 0xE2, 0x9F, 0xD6, 0xEE, 0x0F, 0x58, 0x3D, 0xA9, 0x89,
    0x9E, 0x38, 0x1B, 0x49, 0xE9, 0xFE, 0x9C, 0x85, 0x50, 0x72, 0x50, 0x81, 0x40, 0x70, 0x31, 0x01,
    0x6A, 0x37, 0x9B, 0xCD, 0x1E, 0xC1, 0x0D, 0xDD, 0xBC, 0x79, 0x38, 0x54, 0xEB, 0x75, 0xD5, 0xCC,
    0xA2, 0xAB, 0x77, 0x12, 0xF5, 0x5E, 0x06, 0x27, 0xA1, 0x97, 0x60, 0x54, 0x59, 0x7B, 0x99, 0xFE,
    0x17, 0x72, 0xC3, 0x09, 0x44, 0xA7, 0xA5, 0x77, 0xB2, 0xEA, 0x9C, 0x18, 0xEB, 0xA4, 0x68, 0x2A,
    0x44, 0x8B, 0x72, 0x72, 0x8F, 0x25, 0x56, 0x62, 0x61, 0xD9, 0x2B, 0x89, 0xA3, 0x51, 0xAE, 0xDF,
    0x7D, 0x9C, 0x13, 0x88, 0x48, 0x4B, 0xB0, 0xD9, 0x3F, 0xDA, 0x03, 0x62, 0xCB, 0x31, 0xCF, 0xFD,
    0xDB, 0xCC, 0x39, 0xF9, 0x3B, 0x96, 0x58, 0xAA, 0x7F, 0xB2, 0x24, 0x5D, 0xF0, 0xC4, 0x92, 0x35,
    0x64, 0x33, 0x6B, 0x52, 0x4B, 0x91, 0xEB, 0x38, 0x95, 0x27, 0x4A, 0x81, 0xF8, 0x19, 0xBA, 0xEC,
    0xD3, 0x96, 0x45, 0x49, 0xB2, 0x8C, 0x90, 0xB6, 0x14, 0x16, 0x73, 0x78, 0xF6, 0x5F, 0x7B, 0x22,
    0x91, 0x4F, 0x64, 0x8F, 0x6A, 0x8A, 0xB4, 0x9E, 0x8B, 0x9C, 0x8E, 0x6F, 0x6C, 0xE6, 0x20, 0x95,
    0x39, 0x8E, 0x3D, 0x9C, 0xB9, 0x09, 0x14, 0x62, 0x89, 0xA6, 0x77, 0x46, 0xBD, 0xBF, 0x0A, 0x49,
    0x8D, 0x90, 0x95, 0xDC, 0xA1, 0x80, 0xAB, 0x54, 0x00, 0xD3, 0x82, 0x60, 0x5C, 0x50, 0x88, 0x4C,
    0x8A, 0xD1, 0xDD, 0x7A, 0x3D, 0x5E, 0x99, 0xD6, 0x17, 0xF5, 0x33, 0xCB, 0xCB, 0xEA, 0x82, 0xA5,
    0x1B, 0x08, 0xF8, 0xDD, 0x40, 0x56, 0xFB, 0xFD, 0xE8, 0x96, 0xF3, 0x55, 0x56, 0x13, 0xEF, 0x11,
    0xF8, 0x7B, 0xB4, 0xB4, 0xC0, 0x5A, 0xB7, 0x56, 0x7E, 0x66, 0xEE, 0x9E, 0x8A, 0xD4, 0x89, 0x74,
    0x9C, 0x95, 0x31, 0x5F, 0x69, 0x2E, 0x6B, 0xFD, 0x90, 0x59, 0x43, 0xD4, 0xFB, 0x51, 0x56, 0xAD,
    0x57, 0x53, 0x7A, 0xCD, 0xF0, 0x3A, 0x78, 0x0D, 0xAD, 0xD7, 0xB8, 0xF6, 0x9A, 0xE4, 0x5E, 0xDF,
    0x53, 0x71, 0x77, 0x8E, 0xE1, 0xA9, 0x92, 0x7D, 0x2E, 0xAD, 0xCB, 0x4F, 0x59, 0xE7, 0xB4, 0x37,
    0x83, 0xD3, 0x76, 0x35, 0x1D, 0x8F, 0x27, 0xB9, 0x53, 0xA4, 0xF6, 0x5A, 0x58, 0xAF, 0x69, 0xEF,
    0xD5, 0x8C, 0x5E, 0x23, 0xF1, 0x75, 0x86, 0x52, 0xE3, 0x1A, 0x55, 0x96, 0x73, 0x32, 0x95, 0x64,
    0x93, 0x5B, 0x17, 0x67, 0x85, 0xAD, 0xB5, 0x7B, 0xD0, 0x96, 0x39, 0xC6, 0xEC, 0x68, 0xFF, 0x68,
    0x7F, 0xCC, 0x30, 0x96, 0xF1, 0x82, 0xF2, 0xC2, 0xCE, 0x53, 0x9E, 0xFF, 0xA6, 0xF2, 0xEB, 0x28,
    0x51, 0xFE, 0x8A, 0xF2, 0x8B, 0x8F, 0x94, 0xD2, 0x29, 0x27, 0x57, 0x96, 0x65, 0x39, 0x51, 0xAB,
    0xCF, 0xED, 0xAF, 0xC3, 0x2D, 0xF3, 0xC5, 0xE8, 0xDA, 0xB4, 0xCA, 0x09, 0xF0, 0xF5, 0xC6, 0xBE,
    0xCD, 0xF7, 0x2C, 0xDA, 0x46, 0xC9, 0xB3, 0x4C, 0x7A, 0xE0, 0xAB, 0x22, 0xD7, 0x75, 0x00, 0x37,
    0x0B, 0x9C, 0x65, 0x89, 0xF3, 0x2C, 0x71, 0x6B, 0x31, 0xA1, 0xF5, 0xCA, 0xCB, 0xFB, 0x87, 0xCB,
    0xA6, 0xA9, 0x1E, 0xB5, 0xCE, 0x5D, 0xA0, 0x08, 0x06, 0x7C, 0x4C, 0x64, 0x4E, 0x09, 0xDC, 0xB5,
    0x5F, 0x23, 0xEA, 0x31, 0x8D, 0x77, 0x1D, 0x2B, 0xCB, 0xF1, 0x06, 0x8A, 0xBC, 0x33, 0xB3, 0xEB,
    0xBD, 0x6B, 0x08, 0x9D, 0xD3, 0x8E, 0xA1, 0x1F, 0x30, 0xAD, 0x09, 0xBC, 0xCB, 0xCA, 0xA7, 0x6E,
    0xC9, 0x16, 0x39, 0x8B, 0x63, 0x71, 0x95, 0x9B, 0xF0, 0x6B, 0xC0, 0xA4, 0x13, 0xC6, 0x52, 0xC2,
    0x08, 0x2B, 0x9B, 0x7D, 0xDF, 0xC2, 0xA0, 0x53, 0xDF, 0x0E, 0x7A, 0x37, 0x96, 0x69, 0x3A, 0x06,
    0x37, 0x67, 0x7A, 0xD7, 0x72, 0xDB, 0x7D, 0xDB, 0xD9, 0x5B, 0xB3, 0xBB, 0x70, 0xCE, 0x82, 0x44,
    0x96, 0xE1, 0xB7, 0xA2, 0x8E, 0x70, 0x88, 0xBA, 0xD9, 0xC5, 0xFB, 0x18, 0xBB, 0x1A, 0xC2, 0xEE,
    0xC2, 0xEE, 0xEA, 0x48, 0xCA, 0x58, 0xFE, 0xA2, 0x89, 0x3B, 0x8A, 0x1E, 0xF3, 0xC9, 0x84, 0x0F,
    0x53, 0x7B, 0x85, 0xA4, 0x5C, 0x5C, 0xBA, 0x38, 0xB2, 0x7C, 0x71, 0x05, 0x4B, 0x54, 0x2C, 0x31,
    0x1E, 0xEB, 0xB2, 0x4A, 0xBE, 0xB1, 0x07, 0x04, 0x32, 0x00, 0xD1, 0x61, 0x05, 0xC4, 0xEE, 0x04,
    0x37, 0xB5, 0x29, 0x95, 0xF1, 0xCC, 0xE4, 0x14, 0x8D, 0x66, 0x1B, 0xC3, 0xCC, 0x36, 0x51, 0xDA,
    0xD7, 0xD0, 0xE5, 0xEE, 0x00, 0xAB, 0xEE, 0x2A, 0x10, 0x0D, 0x9D, 0x52, 0x5A, 0x37, 0xB2, 0x2B,
    0x56, 0x4A, 0x65, 0x35, 0xF3, 0x57, 0x29, 0x6A, 0x38, 0x4F, 0xD5, 0x40, 0x86, 0x58, 0x90, 0xF7,
    0x3F, 0xB7, 0x04, 0x8F, 0x3E, 0xF9, 0xB4, 0x27, 0xFA, 0x44, 0xA2, 0x81, 0xD5, 0xFB, 0x53, 0x38,
    0x62, 0x82, 0x21, 0x98, 0x38, 0x4F, 0x87, 0xB0, 0xC3, 0x65, 0xAA, 0xE5, 0x58, 0x9C, 0xFA, 0xA9,
    0x79, 0xD5, 0xAD, 0xBC, 0x27, 0xCD, 0x61, 0x20, 0x03, 0xF4, 0x5A, 0x00, 0xC5, 0xC3, 0x01, 0x77,
    0x73, 0x3F, 0x75, 0xAB, 0x4D, 0x45, 0xA4, 0xE4, 0xAC, 0x3C, 0xA8, 0x7A, 0xDD, 0x59, 0xAB, 0x49,
    0x89, 0xE4, 0x6E, 0x17, 0xD6, 0x6E, 0x0F, 0x4F, 0x8E, 0xA3, 0xBB, 0x0E, 0x34, 0x9E, 0x5B, 0xC5,
    0xFD, 0x75, 0x71, 0xCF, 0x67, 0xAF, 0x54, 0x0F, 0x36, 0xD5, 0xBF, 0xFB, 0x67, 0x81, 0x99, 0xC1,
    0xC4, 0xCC, 0x78, 0x70, 0x43, 0x37, 0xCA, 0x43, 0xD0, 0xEC, 0x2F, 0xC8, 0xCC, 0xB1, 0xB0, 0xA0,
    0x3B, 0xFB, 0xBA, 0x1B, 0xC6, 0xA2, 0x71, 0xC0, 0x09, 0x39, 0x33, 0xF9, 0xA3, 0x24, 0x92, 0x83,
    0x99, 0x8E, 0xB4, 0x4D, 0xD1, 0x1C, 0xA4, 0x3D, 0x81, 0x70, 0x10, 0x0F, 0x44, 0x03, 0x07, 0xBA,
    0x01, 0xBA, 0x59, 0x2C, 0x89, 0xE5, 0x20, 0xD0, 0xF2, 0x5C, 0xF7, 0xAC, 0x76, 0x52, 0x9C, 0x92,
    0xEA, 0x58, 0xCA, 0xE7, 0xCB, 0x5F, 0x8B, 0xB4, 0x55, 0xCD, 0x0F, 0x2B, 0xD9, 0xD3, 0x0E, 0x66,
    0x40, 0x65, 0xD5, 0x6B, 0xC1, 0x2A, 0x69, 0xEB, 0x24, 0xB1, 0x4E, 0xE2, 0xDE, 0x49, 0x34, 0x3A,
    0x09, 0x24, 0x57, 0xA1, 0xE8, 0x0E, 0xE2, 0x59, 0x62, 0xF1, 0x3B, 0xBF, 0x92, 0x29, 0x07, 0x82,
    0xC3, 0xFC, 0xD9, 0xF5, 0x2D, 0xF1, 0x92, 0x97, 0xC9, 0x31, 0x10, 0x27, 0xD1, 0x22, 0xA5, 0x4A,
    0x5C, 0xD5, 0x2A, 0x66, 0xD7, 0x49, 0x92, 0xB4, 0x2A, 0xA9, 0xB1, 0x2A, 0x17, 0xE2, 0x4E, 0xE5,
    0x9A, 0x4E, 0x0E, 0xB7, 0xA2, 0x01, 0xAE, 0x6C, 0xA6, 0x0F, 0xA7, 0xCD, 0xCD, 0x4A, 0x34, 0xA6,
    0xAD, 0xB7, 0xEF, 0xAF, 0x65, 0x7D, 0x89, 0xC8, 0x1D, 0x3D, 0x56, 0x35, 0x45, 0xC9, 0xFA, 0xDD,
    0xCF, 0xD6, 0xC5, 0x67, 0x97, 0x8E, 0x9B, 0xAC, 0x8B, 0xF5, 0x7A, 0xF7, 0xF1, 0x25, 0xDE, 0x00,
    0x1D, 0xF4, 0x8F, 0x41, 0x07, 0xBD, 0x0D, 0xAB, 0x01, 0x7A, 0x88, 0x06, 0x82, 0x0E, 0xC2, 0x89,
    0xD0, 0xCE, 0x22, 0xAC, 0x3A, 0x88, 0x24, 0xDF, 0x97, 0x3D, 0xF6, 0xA5, 0xF7, 0x0F, 0xDC, 0x03,
    0xC1, 0xE6, 0x22, 0x90, 0xCA, 0x08, 0xC8, 0x67, 0x55, 0xAD, 0x1D, 0x8C, 0xD5, 0xDE, 0x51, 0x87,
    0xDB, 0xEC, 0x04, 0x56, 0xC9, 0xD7, 0x1C, 0x21, 0x3A, 0x41, 0xD3, 0xE3, 0xCA, 0xA9, 0xAF, 0x6C,
    0xF6, 0xE5, 0xA8, 0x84, 0x42, 0x66, 0xAC, 0x74, 0xB4, 0xAD, 0x42, 0x1E, 0xAF, 0x73, 0x9F, 0xFD,
    0x8E, 0x3C, 0xD8, 0x6C, 0xCA, 0xD5, 0xE4, 0xBB, 0x38, 0xDA, 0x85, 0x7F, 0x80, 0x69, 0xE1, 0x9A,
    0xF3, 0x77, 0x88, 0x67, 0x8E, 0x44, 0x3D, 0xE1, 0x48, 0x30, 0x11, 0x0F, 0x90, 0x3D, 0xA8, 0xAC,
    0x8E, 0x29, 0x39, 0x70, 0x46, 0xAB, 0x25, 0x68, 0x1C, 0x5B, 0xE5, 0x2B, 0x87, 0x4F, 0x5F, 0x3D,
    0x3C, 0x79, 0x22, 0x50, 0xFD, 0x49, 0xAB, 0xAF, 0x1E, 0x82, 0x56, 0x5F, 0x3D, 0x04, 0xAD, 0xBE,
    0x7A, 0x08, 0x5A, 0x7D, 0xF5, 0x10, 0xB4, 0xFA, 0xEA, 0x41, 0x7B, 0x65, 0xB5, 0xB2, 0x70, 0xAC,
    0x3C, 0xCB, 0x2F, 0xE5, 0xD2, 0x7E, 0xE1, 0x32, 0x4E, 0xAB, 0x4C, 0xAC, 0xD2, 0xF4, 0xCA, 0xD5,
    0x3C, 0xAF, 0xBE, 0x7A, 0x78, 0xB3, 0x4D, 0x4A, 0xAA, 0xA3, 0x7F, 0xF9, 0xF9, 0x57, 0x0F, 0x67,
    0xEF, 0x2D, 0x95, 0x2F, 0x74, 0x71, 0x89, 0x2D, 0x60, 0xA2, 0xFA, 0x9F, 0x18, 0x4C, 0x08, 0x88,
    0x46, 0x5D, 0x39, 0x2E, 0xD9, 0xFF, 0x1F, 0xE6, 0xCA, 0xA2, 0x56, 0x66, 0x53, 0x3B, 0x33, 0x96,
    0x06, 0x60, 0x0D, 0x5C, 0xD9, 0x43, 0x17, 0x97, 0xEB, 0x8F, 0x97, 0x56, 0xAF, 0x83, 0x9D, 0x9E,
    0x32, 0x7D, 0x6C, 0x67, 0x18, 0x4B, 0x68, 0x67, 0x80, 0x83, 0x3B, 0xDF, 0x57, 0x23, 0xCB, 0xEE,
    0x90, 0x1E, 0xC8, 0xD4, 0xC6, 0xCE, 0x56, 0xDE, 0xB6, 0x6A, 0x7B, 0xC0, 0x0C, 0xDA, 0x74, 0x42,
    0x17, 0x1C, 0xBC, 0xF9, 0x66, 0x3E, 0x25, 0x8F, 0x1E, 0xB5, 0xD3, 0x4E, 0xDF, 0xDB, 0xF1, 0xF5,
    0xAE, 0xFB, 0x62, 0xD8, 0x39, 0x38, 0xF8, 0x59, 0xFF, 0x5A, 0x77, 0x20, 0x6D, 0xDC, 0x3F, 0x96,
    0x32, 0x10, 0x1D, 0xE5, 0x87, 0x87, 0x16, 0x0E, 0x0E, 0x16, 0x5C, 0xBE, 0x7C, 0xD9, 0xBF, 0xE5,
    0xA9, 0xDC, 0xE5, 0x70, 0x33, 0x07, 0x4B, 0x9C, 0x48, 0x54, 0x0F, 0x64, 0x23, 0xB7, 0x11, 0xB2,
    0x5B, 0x08, 0xC9, 0x81, 0xA2, 0x43, 0x30, 0x56, 0x01, 0x02, 0xBF, 0x14, 0x02, 0x29, 0x41, 0x7F,
    0x5D, 0x51, 0x89, 0x3C, 0x9D, 0x77, 0xB8, 0xB2, 0x2F, 0x0F, 0x6E, 0x40, 0x55, 0x2F, 0xCF, 0x32,
    0xC6, 0xA1, 0x63, 0xDE, 0x4A, 0xD3, 0x0D, 0xD7, 0x64, 0x6B, 0xFD, 0xEE, 0xE1, 0x25, 0xFD, 0x6C,
    0xC9, 0xA6, 0x2D, 0xAE, 0xC7, 0xFA, 0x3B, 0xD3, 0xAC, 0x72, 0x0F, 0xB2, 0x7B, 0x2C, 0xDD, 0x7B,
    0x20, 0x7E, 0xFA, 0xBD, 0x49, 0x0E, 0x48, 0x0D, 0x14, 0xCD, 0xE9, 0x36, 0x9A, 0x0E, 0xB5, 0x33,
    0xBB, 0xBD, 0x7B, 0xFC, 0x84, 0x44, 0xB4, 0xE5, 0x59, 0x7F, 0xE1, 0xCB, 0xDA, 0x67, 0x6F, 0x01,
    0x2F, 0x38, 0x7E, 0xA4, 0x7C, 0xD8, 0x29, 0x5D, 0xCB, 0xAA, 0x75, 0xB7, 0x03, 0xCD, 0x16, 0xBB,
    0x9A, 0xBD, 0x9C, 0x3E, 0xEC, 0x35, 0xEB, 0x26, 0x2F, 0x8E, 0xB3, 0xC1, 0xA8, 0xD9, 0x48, 0xF2,
    0xCB, 0xFA, 0x48, 0x59, 0xBB, 0x5B, 0x95, 0xA3, 0x71, 0x8C, 0x9F, 0xA1, 0xC9, 0x95, 0x29, 0x64,
    0x36, 0x18, 0x88, 0x65, 0xDA, 0xB7, 0x24, 0xE2, 0x8A, 0xBB, 0x89, 0x46, 0x2C, 0xB5, 0x4A, 0xF2,
    0xFD, 0x56, 0xE5, 0x02, 0x56, 0x65, 0x87, 0x03, 0xFF, 0xBF, 0xAB, 0xC1, 0x45, 0x48, 0xF5, 0xD2,
    0x53, 0x6A, 0x37, 0x11, 0xCB, 0x4A, 0xE4, 0xAF, 0xDE, 0x19, 0xE0, 0x0F, 0xAF, 0xC1, 0x47, 0xAE,
    0x2D, 0x99, 0x97, 0xC4, 0x8B, 0x39, 0x21, 0xD7, 0xAF, 0x27, 0x40, 0xF6, 0xB8, 0x7B, 0x4D, 0x45,
    0x86, 0x6B, 0x2A, 0x69, 0xD1, 0x01, 0xC3, 0x8B, 0xC6, 0xFD, 0x26, 0x7D, 0xE1, 0x0C, 0x60, 0x6E,
    0xA3, 0xF1, 0xC6, 0x8E, 0x93, 0x5F, 0xBB, 0xE0, 0x84, 0xD4, 0xDF, 0x1C, 0x92, 0x5C, 0xC7, 0xC3,
    0x34, 0xB8, 0xB3, 0x7E, 0xD4, 0xD9, 0x09, 0x44, 0x3A, 0xD7, 0xC6, 0xD7, 0xCF, 0x25, 0x45, 0xB0,
    0x87, 0x93, 0xF6, 0xBF, 0x17, 0xBD, 0x66, 0x83, 0x11, 0x99, 0x80, 0xE2, 0x1F, 0x7E, 0x2C, 0xB5,
    0xEE, 0x8B, 0x36, 0xD5, 0x9D, 0x16, 0xB4, 0x71, 0x47, 0x6C, 0x83, 0x36, 0x1A, 0x30, 0x6D, 0xA0,
    0x1B, 0x31, 0xD1, 0x4B, 0xD4, 0x44, 0xAA, 0x22, 0x64, 0x2A, 0x15, 0x59, 0xF9, 0x54, 0x8A, 0x3C,
    0xCB, 0x9D, 0x14, 0xBF, 0x9C, 0xCC, 0x67, 0xF3, 0xF1, 0xBB, 0xF0, 0xDC, 0xBD, 0x3A, 0xB1, 0x20,
    0xEE, 0xFE, 0x53, 0x81, 0x38, 0x56, 0xB9, 0xB2, 0x28, 0x95, 0x59, 0x7D, 0x82, 0xA5, 0xB2, 0x70,
    0x59, 0xF7, 0x2F, 0x98, 0x94, 0xAB, 0x81, 0x6F, 0xB9, 0x57, 0x30, 0x99, 0x5B, 0xEB, 0x56, 0xA5,
    0xE3, 0x53, 0x71, 0x9A, 0x9A, 0xB5, 0x8E, 0xED, 0x73, 0xB2, 0x0B, 0xA5, 0xC4, 0xBF, 0x5F, 0x75,
    0x15, 0x96, 0xB0, 0xC4, 0xF6, 0xF6, 0x33, 0xFC, 0x36, 0x10, 0x54, 0x3A, 0x5C, 0x22, 0xFB, 0x5A,
    0xC9, 0xB7, 0xB7, 0x8B, 0x3A, 0x18, 0xB6, 0xB7, 0x8D, 0x8D, 0xBA, 0xED, 0xED, 0x68, 0x30, 0x76,
    0x7B, 0x3B, 0x18, 0x4C, 0x3B, 0xB7, 0x9F, 0x92, 0x46, 0x99, 0xD6, 0x33, 0xEF, 0x64, 0xCA, 0xDB,
    0x59, 0xFD, 0x95, 0xAF, 0x70, 0x31, 0xAB, 0x01, 0x4E, 0x32, 0x75, 0x4C, 0x1A, 0xA5, 0x69, 0x95,
    0x2B, 0xAB, 0x8C, 0x7A, 0x25, 0xA3, 0x63, 0xE1, 0x68, 0x6A, 0x97, 0xEE, 0xFC, 0xEA, 0x44, 0xEC,
    0x49, 0x12, 0xBD, 0x5F, 0x43, 0xF4, 0x71, 0xCD, 0xD6, 0xDB, 0xFF, 0x58, 0xEB, 0x72, 0x7A, 0xCE,
    0xC9, 0xBE, 0xE4, 0xD1, 0x48, 0xD1, 0xE8, 0x11, 0xB7, 0x33, 0x8C, 0x43, 0x77, 0x1A, 0x76, 0x41,
    0xAA, 0xED, 0x8A, 0x32, 0x14, 0x19, 0x99, 0x71, 0x48, 0x38, 0x05, 0x55, 0xBD, 0x64, 0x57, 0xFD,
    0x8C, 0x68, 0x70, 0x50, 0x8C, 0xA7, 0x31, 0x68, 0x13, 0x85, 0xE9, 0xA2, 0x91, 0xDD, 0xD6, 0x3D,
    0x9E, 0x6A, 0x19, 0xAE, 0xAA, 0x93, 0x70, 0x11, 0x6C, 0x72, 0xFF, 0x4C, 0x11, 0xC8, 0x9F, 0x4B,
    0x19, 0x0D, 0xFE, 0xFD, 0x7F, 0xDA, 0x24, 0x2D, 0x49, 0x9D, 0x36, 0xBC, 0x98, 0xBB, 0xEF, 0xE7,
    0x17, 0x41, 0xB3, 0x5C, 0xF6, 0x8C, 0x85, 0x3C, 0x1E, 0x08, 0xF5, 0x4A, 0x92, 0xD4, 0x88, 0xB8,
    0x7B, 0x6B, 0x0F, 0xAC, 0x39, 0x11, 0xAE, 0xB4, 0x6C, 0x46, 0xAD, 0xD7, 0xDA, 0xFC, 0xBF, 0x00,
    0xCB, 0x5A, 0xB5, 0x6A, 0xD5, 0x82, 0xFA, 0xFF, 0xFF, 0xFF, 0x7F, 0x01, 0x13, 0xA2, 0xA1, 0xA1,
    0xA1, 0x01, 0x00, 0xCD, 0xD2, 0x21, 0x6C, 0xDC, 0x4A, 0x14, 0x85, 0xE1, 0x7F, 0x36, 0x2F, 0x31,
    0x30, 0x30, 0x7A, 0x28, 0xC0, 0x1C, 0x54, 0xC6, 0x25, 0x99, 0xA9, 0x0A, 0x4B, 0x13, 0x54, 0x4E,
    0x4A, 0xC2, 0x91, 0x5D, 0x4E, 0x02, 0x5A, 0x4E, 0x0A, 0xAA, 0x25, 0xE1, 0x68, 0xAC, 0x72, 0x60,
    0x8E, 0x16, 0x07, 0x19, 0xB8, 0x92, 0x13, 0x6D, 0x7C, 0x3A, 0x57, 0x63, 0x83, 0x6C, 0x41, 0x59,
    0x94, 0x91, 0xA5, 0xEF, 0xCA, 0x96, 0x26, 0x39, 0x67, 0x2F, 0x76, 0xCE, 0xAF, 0xC1, 0xC5, 0x99,
    0xA8, 0x8E, 0x52, 0x3A, 0x7B, 0x6C, 0x0F, 0x34, 0x7D, 0xFC, 0x74, 0xA8, 0x46, 0x3C, 0xBE, 0x1A,
    0xCA, 0x81, 0xC8, 0xFB, 0xBA, 0x77, 0xB0, 0x90, 0x3E, 0xF1, 0x42, 0x9F, 0x74, 0x0B, 0xE7, 0x6D,
    0x52, 0x76, 0x34, 0xF3, 0x45, 0xFB, 0x7B, 0x3D, 0xFC, 0xD8, 0xBE, 0xBF, 0xBA, 0x6E, 0xF5, 0x4C,
    0x90, 0xD2, 0x70, 0xAF, 0xC7, 0x4B, 0x2D, 0x77, 0x48, 0x4B, 0x23, 0x1D, 0x80, 0x8B, 0x7D, 0x00,
    0x9C, 0xF4, 0x0C, 0x94, 0x73, 0xA1, 0x80, 0x25, 0x52, 0x07, 0x6D, 0xB0, 0x87, 0x08, 0x57, 0xF9,
    0x46, 0x4E, 0x71, 0x19, 0xD9, 0xE9, 0x2D, 0xEC, 0x3E, 0xF6, 0xF9, 0x6F, 0xBF, 0x06, 0x2E, 0x93,
    0xB3, 0x59, 0xB4, 0x52, 0x4B, 0x90, 0x96, 0x4A, 0xEA, 0xC0, 0xDD, 0x60, 0x27, 0x4A, 0x3D, 0x94,
    0x8F, 0x9F, 0x8D, 0x66, 0xC0, 0xF0, 0x01, 0x9F, 0x88, 0xFF, 0xBC, 0x5A, 0xD2, 0x21, 0x91, 0x82,
    0xDD, 0xF9, 0x37, 0x13, 0x0C, 0x70, 0xFB, 0x6F, 0xE4, 0x5D, 0x6D, 0xEC, 0x15, 0xA5, 0xC4, 0xF2,
    0x21, 0x8E, 0xD8, 0xBE, 0x7E, 0x4C, 0x6F, 0x47, 0xF0, 0xF8, 0x72, 0xA4, 0x1A, 0xB1, 0x9D, 0xAD,
    0x06, 0xCA, 0x7C, 0x7D, 0x9D, 0x58, 0xF7, 0xF6, 0x64, 0xDA, 0x76, 0x05, 0xB4, 0x9E, 0x29, 0xFF,
    0xA4, 0x0F, 0xFB, 0xFB, 0x09, 0xF2, 0xD7, 0xE2, 0x6D, 0x4D, 0x6E, 0x9D, 0xE6, 0xAD, 0xAC, 0xEA,
    0xB8, 0xEE, 0xF8, 0xD7, 0xA8, 0x43, 0xDE, 0xF2, 0x5F, 0xD2, 0x08, 0x76, 0x6E, 0xC2, 0xDA, 0x5A,
    0x2D, 0x4D, 0xB9, 0x35, 0x7D, 0xB7, 0xA9, 0xE9, 0xA2, 0xB5, 0x36, 0xB1, 0xB5, 0x36, 0x6D, 0xAD,
    0x15, 0xD3, 0xDA, 0xDA, 0x36, 0x35, 0x27, 0x93, 0xDB, 0xFE, 0x97, 0xB5, 0xB5, 0x63, 0xB1, 0xB5,
    0xF6, 0xB3, 0x78, 0xEB, 0xAD, 0x4D, 0x7F, 0xB7, 0xA6, 0x97, 0xAD, 0x5D, 0xD8, 0x9E, 0xE1, 0xF2,
    0xDE, 0x95, 0xD3, 0xE5, 0x84, 0x75, 0xE1, 0x9E, 0x01, 0xDF, 0x21, 0xA0, 0x0D, 0x44, 0x20, 0x72,
    0x82, 0x30, 0x76, 0x99, 0x5A, 0xEA, 0x13, 0x4D, 0xC6, 0x9E, 0x57, 0x40, 0x89, 0x80, 0x53, 0x47,
    0xDB, 0x73, 0xAB, 0xA7, 0xE0, 0x97, 0x43, 0x2B, 0xF5, 0xA5, 0x86, 0xBC, 0x0D, 0xB0, 0x05, 0xDC,
    0x12, 0x52, 0xE5, 0x88, 0x34, 0xFD, 0xEE, 0x68, 0xFA, 0xC0, 0x82, 0x09, 0x32, 0xDB, 0x55, 0xBF,
    0x19, 0x30, 0x2F, 0x62, 0x6F, 0x49, 0x9D, 0x34, 0x58, 0xC6, 0xF2, 0xF7, 0xED, 0xE8, 0x93, 0x75,
    0x6F, 0x6B, 0x01, 0x4D, 0x38, 0x1B, 0x4D, 0x1F, 0x76, 0xAB, 0x2E, 0x60, 0xF6, 0x60, 0xD6, 0x73,
    0xB6, 0x52, 0x87, 0xB9, 0xD3, 0x33, 0x26, 0xAD, 0x3A, 0xCC, 0x42, 0x23, 0x26, 0xCD, 0x9C, 0x2D,
    0x8E, 0xE6, 0x7F, 0x38, 0x93, 0x77, 0x60, 0x72, 0xB5, 0xEA, 0x71, 0x33, 0x31, 0xD9, 0x15, 0xA3,
    0x85, 0xAF, 0x9F, 0xE2, 0x80, 0x7F, 0x1A, 0x0A, 0x2D, 0x60, 0xF1, 0xFF, 0x0F, 0xC0, 0x35, 0x7F,
    0x00, 0x64, 0xD0, 0x81, 0x09, 0xC2, 0x30, 0x10, 0x85, 0xE1, 0x27, 0x45, 0x04, 0xA4, 0xDC, 0x08,
    0x1D, 0xC1, 0x11, 0x92, 0xCD, 0xE2, 0x3C, 0x2E, 0xD1, 0x8E, 0x70, 0xDD, 0xC0, 0x21, 0x0A, 0x88,
    0x52, 0x9F, 0x79, 0xF1, 0x2A, 0x48, 0x0F, 0x80, 0x9F, 0xF0, 0x71, 0x84, 0xC3, 0xDF, 0xF4, 0xBF,
    0x4A, 0x79, 0x2B, 0x7A, 0x44, 0xC7, 0x25, 0xCA, 0xB8, 0x6E, 0x8C, 0x0C, 0x48, 0xD2, 0x83, 0xDD,
    0x02, 0xDA, 0x1D, 0xA7, 0x2F, 0x4C, 0xD7, 0x23, 0x4A, 0x83, 0xAC, 0x7D, 0xF1, 0xC6, 0x50, 0x26,
    0x13, 0x34, 0xE6, 0xD1, 0x4D, 0x30, 0xF1, 0x49, 0x3F, 0x6B, 0x23, 0xEB, 0x4C, 0x46, 0x47, 0x17,
    0xB5, 0xC0, 0x54, 0x79, 0xE0, 0x5A, 0x19, 0xF9, 0x46, 0x21, 0xB3, 0xEA, 0x71, 0xD0, 0xBB, 0x89,
    0x0D, 0xE4, 0x8A, 0x4E, 0x45, 0xEA, 0x0F, 0x51, 0xAE, 0xCD, 0x9C, 0xC5, 0xA0, 0x35, 0x2F, 0x31,
    0x08, 0x36, 0x56, 0x47, 0x6F, 0x62, 0x82, 0x79, 0x14, 0x13, 0x44, 0x12, 0x13, 0x44, 0x12, 0x13,
    0x44, 0x11, 0x13, 0x9C, 0xC5, 0xE2, 0x1A, 0xBB, 0x0B, 0x81, 0xBE, 0xBF, 0x64, 0xFF, 0x19, 0x03,
    0x2A, 0x00, 0x00,
};

static const EpdGlyph notoserif_19_regularGlyphs[] = {
    { 0, 0, 0, 0, 0, 0, 0 }, // U+0000
    { 0, 0, 165, 0, 0, 0, 0 }, // U+000D
    { 0, 0, 165, 0, 0, 0, 0 }, // U+0020
    { 6, 30, 210, 4, 29, 45, 0 }, // !
    { 12, 11, 258, 2, 29, 33, 45 }, // "
    { 22, 29, 354, 0, 29, 160, 78 }, // #
    { 18, 35, 354, 2, 31, 158, 238 }, // $
    { 33, 30, 567, 1, 29, 248, 396 }, // %
    { 29, 30, 470, 1, 29, 218, 644 }, // &
    { 5, 11, 139, 2, 29, 14, 862 }, // '
    { 11, 37, 219, 2, 31, 102, 876 }, // (
    { 11, 37, 219, 1, 31, 102, 978 }, // )
    { 17, 17, 317, 1, 31, 73, 1080 }, // *
    { 18, 18, 354, 2, 23, 81, 1153 }, // +
    { 7, 13, 158, 1, 6, 23, 1234 }, // ,
    { 12, 4, 196, 0, 13, 12, 1257 }, // -
    { 6, 7, 158, 2, 6, 11, 1269 }, // .
    { 12, 36, 182, 0, 31, 108, 1280 }, // /
    { 19, 30, 367, 2, 29, 143, 1388 }, // 0
    { 18, 29, 291, 0, 29, 131, 1531 }, // 1
    { 18, 29, 313, 1, 29, 131, 1662 }, // 2
    { 18, 30, 324, 1, 29, 135, 1793 }, // 3
    { 22, 29, 350, 0, 29, 160, 1928 }, // 4
    { 18, 30, 324, 1, 29, 135, 2088 }, // 5
    { 18, 30, 348, 2, 29, 135, 2223 }, // 6
    { 19, 29, 325, 1, 29, 138, 2358 }, // 7
    { 20, 30, 353, 1, 29, 150, 2496 }, // 8
    { 19, 30, 348, 1, 29, 143, 2646 }, // 9
    { 6, 23, 181, 3, 22, 35, 2789 }, // :
    { 8, 29, 181, 1, 22, 58, 2824 }, // ;
    { 18, 20, 354, 2, 24, 90, 2882 }, // <
    { 18, 11, 354, 2, 20, 50, 2972 }, // =
    { 18, 20, 354, 2, 24, 90, 3022 }, // >
    { 17, 30, 300, 1, 29, 128, 3112 }, // ?
    { 33, 35, 583, 2, 29, 289, 3240 }, // @
    { 28, 29, 446, 0, 29, 203, 3529 }, // A
    { 23, 29, 414, 1, 29, 167, 3732 }, // B
    { 21, 30, 389, 2, 29, 158, 3899 }, // C
    { 26, 29, 460, 1, 29, 189, 4057 }, // D
    { 22, 29, 395, 1, 29, 160, 4246 }, // E
    { 21, 29, 374, 1, 29, 153, 4406 }, // F
    { 26, 30, 452, 2, 29, 195, 4559 }, // G
    { 29, 29, 502, 1, 29, 211, 4754 }, // H
    { 13, 29, 232, 1, 29, 95, 4965 }, // I
    { 15, 39, 226, -1, 29, 147, 5060 }, // J
    { 28, 29, 443, 1, 29, 203, 5207 }, // K
    { 22, 29, 395, 1, 29, 160, 5410 }, // L
    { 35, 29, 594, 1, 29, 254, 5570 }, // M
    { 29, 29, 483, 1, 29, 211, 5824 }, // N
    { 26, 30, 470, 2, 29, 195, 6035 }, // O
    { 22, 29, 382, 1, 29, 160, 6230 }, // P
    { 26, 39, 470, 2, 29, 254, 6390 }, // Q
    { 26, 29, 415, 1, 29, 189, 6644 }, // R
    { 19, 30, 344, 1, 29, 143, 6833 }, // S
    { 24, 29, 388, 0, 29, 174, 6976 }, // T
    { 28, 30, 454, 0, 29, 210, 7150 }, // U
    { 27, 29, 427, 0, 29, 196, 7360 }, // V
    { 42, 29, 663, 0, 29, 305, 7556 }, // W
    { 26, 29, 418, 0, 29, 189, 7861 }, // X
    { 26, 29, 396, -1, 29, 189, 8050 }, // Y
    { 21, 29, 375, 1, 29, 153, 8239 }, // Z
    { 10, 37, 228, 3, 31, 93, 8392 }, // [
    { 12, 36, 182, 0, 31, 108, 8485 }, // <backslash>
    { 10, 37, 228, 1, 31, 93, 8593 }, // ]
    { 19, 19, 354, 2, 29, 91, 8686 }, // ^
    { 20, 3, 291, -1, -3, 15, 8777 }, // _
    { 9, 8, 174, 1, 31, 18, 8792 }, // `
    { 20, 23, 357, 1, 22, 115, 8810 }, // a
    { 23, 32, 389, 0, 31, 184, 8925 }, // b
    { 16, 23, 312, 2, 22, 92, 9109 }, // c
    { 22, 32, 389, 2, 31, 176, 9201 }, // d
    { 18, 23, 339, 2, 22, 104, 9377 }, // e
    { 17, 31, 234, 1, 31, 132, 9481 }, // f
    { 21, 33, 341, 0, 23, 174, 9613 }, // g
    { 25, 31, 402, 0, 31, 194, 9787 }, // h
    { 13, 31, 203, 0, 31, 101, 9981 }, // i
    { 10, 41, 190, -1, 31, 103, 10082 }, // j
    { 24, 31, 370, 0, 31, 186, 10185 }, // k
    { 12, 31, 196, 0, 31, 93, 10371 }, // l
    { 36, 22, 598, 1, 22, 198, 10464 }, // m
    { 24, 22, 408, 1, 22, 132, 10662 }, // n
    { 19, 23, 365, 2, 22, 110, 10794 }, // o
    { 23, 32, 389, 0, 22, 184, 10904 }, // p
    { 22, 32, 389, 2, 22, 176, 11088 }, // q
    { 18, 22, 298, 1, 22, 99, 11264 }, // r
    { 16, 23, 286, 1, 22, 92, 11363 }, // s
    { 14, 28, 223, 0, 27, 98, 11455 }, // t
    { 25, 23, 402, 0, 22, 144, 11553 }, // u
    { 23, 22, 367, 0, 22, 127, 11697 }, // v
    { 35, 22, 546, 0, 22, 193, 11824 }, // w
    { 23, 22, 366, 0, 22, 127, 12017 }, // x
    { 23, 32, 358, 0, 22, 184, 12144 }, // y
    { 18, 22, 324, 1, 22, 99, 12328 }, // z
    { 14, 37, 271, 1, 31, 130, 12427 }, // {
    { 4, 41, 354, 9, 31, 41, 12557 }, // |
    { 14, 37, 271, 1, 31, 130, 12598 }, // }
    { 18, 8, 354, 2, 18, 36, 12728 }, // ~
    { 0, 0, 165, 0, 0, 0, 0 }, // U+00A0
    { 6, 30, 210, 4, 22, 45, 0 }, // U+00A1
    { 17, 29, 354, 3, 29, 124, 45 }, // U+00A2
    { 20, 30, 354, 1, 29, 150, 169 }, // U+00A3
    { 18, 18, 354, 2, 23, 81, 319 }, // U+00A4
    { 22, 29, 354, 0, 29, 160, 400 }, // U+00A5
    { 4, 41, 354, 9, 31, 41, 560 }, // U+00A6
    { 17, 36, 344, 3, 31, 153, 601 }, // U+00A7
    { 13, 5, 365, 5, 30, 17, 754 }, // U+00A8
    { 30, 30, 535, 2, 29, 225, 771 }, // U+00A9
    { 14, 14, 242, 1, 29, 49, 996 }, // U+00AA
    { 16, 16, 325, 2, 19, 64, 1045 }, // U+00AB
    { 18, 12, 354, 2, 16, 54, 1109 }, // U+00AC
    { 12, 4, 196, 0, 13, 12, 1163 }, // U+00AD
    { 30, 30, 535, 2, 29, 225, 1175 }, // U+00AE
    { 20, 3, 291, -1, 33, 15, 1400 }, // U+00AF
    { 13, 13, 253, 1, 29, 43, 1415 }, // U+00B0
    { 18, 23, 354, 2, 23, 104, 1458 }, // U+00B1
    { 13, 18, 253, 1, 33, 59, 1562 }, // U+00B2
    { 13, 18, 253, 1, 33, 59, 1621 }, // U+00B3
    { 9, 8, 174, 1, 31, 18, 1680 }, // U+00B4
    { 20, 32, 389, 3, 22, 160, 1698 }, // U+00B5
    { 22, 36, 391, 1, 31, 198, 1858 }, // U+00B6
    { 6, 6, 158, 2, 17, 9, 2056 }, // U+00B7
    { 9, 11, 211, 2, 1, 25, 2065 }, // U+00B8
    { 13, 18, 253, 1, 33, 59, 2090 }, // U+00B9
    { 14, 14, 251, 1, 29, 49, 2149 }, // U+00BA
    { 16, 16, 325, 2, 19, 64, 2198 }, // U+00BB
    { 33, 29, 532, 0, 29, 240, 2262 }, // U+00BC
    { 32, 29, 532, 0, 29, 232, 2502 }, // U+00BD
    { 32, 29, 532, 1, 29, 232, 2734 }, // U+00BE
    { 17, 30, 300, 1, 22, 128, 2966 }, // U+00BF
    { 28, 38, 446, 0, 38, 266, 3094 }, // U+00C0
    { 28, 38, 446, 0, 38, 266, 3360 }, // U+00C1
    { 28, 38, 446, 0, 38, 266, 3626 }, // U+00C2
    { 28, 37, 446, 0, 37, 259, 3892 }, // U+00C3
    { 28, 37, 446, 0, 37, 259, 4151 }, // U+00C4
    { 28, 35, 446, 0, 35, 245, 4410 }, // U+00C5
    { 36, 29, 602, 0, 29, 261, 4655 }, // U+00C6
    { 21, 39, 389, 2, 29, 205, 4916 }, // U+00C7
    { 22, 38, 395, 1, 38, 209, 5121 }, // U+00C8
    { 22, 38, 395, 1, 38, 209, 5330 }, // U+00C9
    { 22, 38, 395, 1, 38, 209, 5539 }, // U+00CA
    { 22, 37, 395, 1, 37, 204, 5748 }, // U+00CB
    { 13, 38, 232, 1, 38, 124, 5952 }, // U+00CC
    { 13, 38, 232, 1, 38, 124, 6076 }, // U+00CD
    { 13, 38, 232, 1, 38, 124, 6200 }, // U+00CE
    { 13, 37, 232, 1, 37, 121, 6324 }, // U+00CF
    { 26, 29, 460, 1, 29, 189, 6445 }, // U+00D0
    { 29, 37, 483, 1, 37, 269, 6634 }, // U+00D1
    { 26, 39, 470, 2, 38, 254, 6903 }, // U+00D2
    { 26, 39, 470, 2, 38, 254, 7157 }, // U+00D3
    { 26, 39, 470, 2, 38, 254, 7411 }, // U+00D4
    { 26, 38, 470, 2, 37, 247, 7665 }, // U+00D5
    { 26, 38, 470, 2, 37, 247, 7912 }, // U+00D6
    { 18, 18, 354, 2, 23, 81, 8159 }, // U+00D7
    { 26, 32, 470, 2, 30, 208, 8240 }, // U+00D8
    { 28, 39, 454, 0, 38, 273, 8448 }, // U+00D9
    { 28, 39, 454, 0, 38, 273, 8721 }, // U+00DA
    { 28, 39, 454, 0, 38, 273, 8994 }, // U+00DB
    { 28, 38, 454, 0, 37, 266, 9267 }, // U+00DC
    { 26, 38, 396, -1, 38, 247, 9533 }, // U+00DD
    { 22, 29, 382, 1, 29, 160, 9780 }, // U+00DE
    { 24, 32, 410, 0, 31, 192, 9940 }, // U+00DF
    { 20, 32, 357, 1, 31, 160, 10132 }, // U+00E0
    { 20, 32, 357, 1, 31, 160, 10292 }, // U+00E1
    { 20, 32, 357, 1, 31, 160, 10452 }, // U+00E2
    { 20, 31, 357, 1, 30, 155, 10612 }, // U+00E3
    { 20, 31, 357, 1, 30, 155, 10767 }, // U+00E4
    { 20, 34, 357, 1, 33, 170, 10922 }, // U+00E5
    { 31, 23, 533, 1, 22, 179, 11092 }, // U+00E6
    { 16, 32, 312, 2, 22, 128, 11271 }, // U+00E7
    { 18, 32, 339, 2, 31, 144, 11399 }, // U+00E8
    { 18, 32, 339, 2, 31, 144, 11543 }, // U+00E9
    { 18, 32, 339, 2, 31, 144, 11687 }, // U+00EA
    { 18, 31, 339, 2, 30, 140, 11831 }, // U+00EB
    { 13, 31, 203, 0, 31, 101, 11971 }, // U+00EC
    { 13, 31, 203, 0, 31, 101, 12072 }, // U+00ED
    { 13, 31, 203, 0, 31, 101, 12173 }, // U+00EE
    { 13, 30, 203, 0, 30, 98, 12274 }, // U+00EF
    { 19, 32, 365, 2, 31, 152, 12372 }, // U+00F0
    { 24, 30, 408, 1, 30, 180, 12524 }, // U+00F1
    { 19, 32, 365, 2, 31, 152, 12704 }, // U+00F2
    { 19, 32, 365, 2, 31, 152, 12856 }, // U+00F3
    { 19, 32, 365, 2, 31, 152, 13008 }, // U+00F4
    { 19, 31, 365, 2, 30, 148, 13160 }, // U+00F5
    { 19, 31, 365, 2, 30, 148, 13308 }, // U+00F6
    { 18, 20, 354, 2, 24, 90, 13456 }, // U+00F7
    { 19, 25, 365, 2, 23, 119, 13546 }, // U+00F8
    { 25, 32, 402, 0, 31, 200, 13665 }, // U+00F9
    { 25, 32, 402, 0, 31, 200, 13865 }, // U+00FA
    { 25, 32, 402, 0, 31, 200, 14065 }, // U+00FB
    { 25, 31, 402, 0, 30, 194, 14265 }, // U+00FC
    { 23, 41, 358, 0, 31, 236, 14459 }, // U+00FD
    { 23, 41, 389, 0, 31, 236, 14695 }, // U+00FE
    { 23, 40, 358, 0, 30, 230, 14931 }, // U+00FF
    { 28, 34, 446, 0, 34, 238, 0 }, // U+0100
    { 20, 28, 357, 1, 27, 140, 238 }, // U+0101
    { 28, 37, 446, 0, 37, 259, 378 }, // U+0102
    { 20, 31, 357, 1, 30, 155, 637 }, // U+0103
    { 28, 39, 446, 0, 29, 273, 792 }, // U+0104
    { 20, 32, 357, 1, 22, 160, 1065 }, // U+0105
    { 21, 39, 389, 2, 38, 205, 1225 }, // U+0106
    { 16, 32, 312, 2, 31, 128, 1430 }, // U+0107
    { 21, 39, 389, 2, 38, 205, 1558 }, // U+0108
    { 16, 32, 312, 2, 31, 128, 1763 }, // U+0109
    { 21, 39, 389, 2, 38, 205, 1891 }, // U+010A
    { 16, 32, 312, 2, 31, 128, 2096 }, // U+010B
    { 21, 39, 389, 2, 38, 205, 2224 }, // U+010C
    { 16, 32, 312, 2, 31, 128, 2429 }, // U+010D
    { 26, 38, 460, 1, 38, 247, 2557 }, // U+010E
    { 25, 32, 389, 2, 31, 200, 2804 }, // U+010F
    { 26, 29, 460, 1, 29, 189, 3004 }, // U+0110
    { 22, 32, 389, 2, 31, 176, 3193 }, // U+0111
    { 22, 34, 395, 1, 34, 187, 3369 }, // U+0112
    { 18, 28, 339, 2, 27, 126, 3556 }, // U+0113
    { 22, 37, 395, 1, 37, 204, 3682 }, // U+0114
    { 18, 31, 339, 2, 30, 140, 3886 }, // U+0115
    { 22, 37, 395, 1, 37, 204, 4026 }, // U+0116
    { 18, 32, 339, 2, 31, 144, 4230 }, // U+0117
    { 22, 39, 395, 1, 29, 215, 4374 }, // U+0118
    { 18, 31, 339, 2, 22, 140, 4589 }, // U+0119
    { 22, 38, 395, 1, 38, 209, 4729 }, // U+011A
    { 18, 32, 339, 2, 31, 144, 4938 }, // U+011B
    { 26, 39, 452, 2, 38, 254, 5082 }, // U+011C
    { 21, 41, 341, 0, 31, 216, 5336 }, // U+011D
    { 26, 38, 452, 2, 37, 247, 5552 }, // U+011E
    { 21, 40, 341, 0, 30, 210, 5799 }, // U+011F
    { 26, 39, 452, 2, 38, 254, 6009 }, // U+0120
    { 21, 41, 341, 0, 31, 216, 6263 }, // U+0121
    { 26, 38, 452, 2, 29, 247, 6479 }, // U+0122
    { 21, 41, 341, 0, 31, 216, 6726 }, // U+0123
    { 29, 38, 502, 1, 38, 276, 6942 }, // U+0124
    { 25, 39, 402, 0, 39, 244, 7218 }, // U+0125
    { 29, 29, 502, 1, 29, 211, 7462 }, // U+0126
    { 25, 31, 402, 0, 31, 194, 7673 }, // U+0127
    { 15, 37, 232, 0, 37, 139, 7867 }, // U+0128
    { 15, 30, 203, -1, 30, 113, 8006 }, // U+0129
    { 13, 34, 232, 1, 34, 111, 8119 }, // U+012A
    { 13, 27, 203, 0, 27, 88, 8230 }, // U+012B
    { 13, 37, 232, 1, 37, 121, 8318 }, // U+012C
    { 13, 30, 203, 0, 30, 98, 8439 }, // U+012D
    { 13, 39, 232, 1, 29, 127, 8537 }, // U+012E
    { 13, 41, 203, 0, 31, 134, 8664 }, // U+012F
    { 13, 38, 232, 1, 38, 124, 8798 }, // U+0130
    { 13, 22, 203, 0, 22, 72, 8922 }, // U+0131
    { 26, 39, 441, 1, 29, 254, 8994 }, // U+0132
    { 21, 41, 393, 0, 31, 216, 9248 }, // U+0133
    { 15, 48, 226, -1, 38, 180, 9464 }, // U+0134
    { 13, 41, 190, -1, 31, 134, 9644 }, // U+0135
    { 28, 38, 443, 1, 29, 266, 9778 }, // U+0136
    { 24, 40, 370, 0, 31, 240, 10044 }, // U+0137
    { 24, 22, 370, 0, 22, 132, 10284 }, // U+0138
    { 22, 38, 395, 1, 38, 209, 10416 }, // U+0139
    { 12, 39, 196, 0, 39, 117, 10625 }, // U+013A
    { 22, 38, 395, 1, 29, 209, 10742 }, // U+013B
    { 12, 40, 196, 0, 31, 120, 10951 }, // U+013C
    { 22, 29, 395, 1, 29, 160, 11071 }, // U+013D
    { 15, 31, 196, 0, 31, 117, 11231 }, // U+013E
    { 22, 29, 395, 1, 29, 160, 11348 }, // U+013F
    { 16, 31, 234, 0, 31, 124, 11508 }, // U+0140
    { 22, 29, 395, 1, 29, 160, 11632 }, // U+0141
    { 12, 31, 205, 1, 31, 93, 11792 }, // U+0142
    { 29, 38, 483, 1, 38, 276, 11885 }, // U+0143
    { 24, 31, 408, 1, 31, 186, 12161 }, // U+0144
    { 29, 38, 483, 1, 29, 276, 12347 }, // U+0145
    { 24, 31, 408, 1, 22, 186, 12623 }, // U+0146
    { 29, 38, 483, 1, 38, 276, 12809 }, // U+0147
    { 24, 31, 408, 1, 31, 186, 13085 }, // U+0148
    { 30, 29, 494, 0, 29, 218, 13271 }, // U+0149
    { 29, 39, 483, 1, 29, 283, 13489 }, // U+014A
    { 21, 32, 402, 1, 22, 168, 13772 }, // U+014B
    { 26, 35, 470, 2, 34, 228, 13940 }, // U+014C
    { 19, 28, 365, 2, 27, 133, 14168 }, // U+014D
    { 26, 38, 470, 2, 37, 247, 14301 }, // U+014E
    { 19, 31, 365, 2, 30, 148, 14548 }, // U+014F
    { 26, 39, 470, 2, 38, 254, 14696 }, // U+0150
    { 19, 32, 365, 2, 31, 152, 14950 }, // U+0151
    { 35, 30, 607, 2, 29, 263, 15102 }, // U+0152
    { 32, 23, 573, 2, 22, 184, 15365 }, // U+0153
    { 26, 38, 415, 1, 38, 247, 15549 }, // U+0154
    { 18, 31, 298, 1, 31, 140, 15796 }, // U+0155
    { 26, 38, 415, 1, 29, 247, 15936 }, // U+0156
    { 18, 31, 298, 1, 22, 140, 16183 }, // U+0157
    { 26, 38, 415, 1, 38, 247, 16323 }, // U+0158
    { 18, 31, 298, 1, 31, 140, 16570 }, // U+0159
    { 19, 39, 344, 1, 38, 186, 16710 }, // U+015A
    { 16, 32, 286, 1, 31, 128, 16896 }, // U+015B
    { 19, 39, 344, 1, 38, 186, 17024 }, // U+015C
    { 16, 32, 286, 1, 31, 128, 17210 }, // U+015D
    { 19, 39, 344, 1, 29, 186, 17338 }, // U+015E
    { 16, 32, 286, 1, 22, 128, 17524 }, // U+015F
    { 19, 39, 344, 1, 38, 186, 17652 }, // U+0160
    { 16, 32, 286, 1, 31, 128, 17838 }, // U+0161
    { 24, 39, 388, 0, 29, 234, 17966 }, // U+0162
    { 14, 37, 223, 0, 27, 130, 18200 }, // U+0163
    { 24, 38, 388, 0, 38, 228, 18330 }, // U+0164
    { 15, 32, 223, 0, 31, 120, 18558 }, // U+0165
    { 24, 29, 388, 0, 29, 174, 18678 }, // U+0166
    { 14, 28, 223, 0, 27, 98, 18852 }, // U+0167
    { 28, 38, 454, 0, 37, 266, 18950 }, // U+0168
    { 25, 31, 402, 0, 30, 194, 19216 }, // U+0169
    { 28, 35, 454, 0, 34, 245, 19410 }, // U+016A
    { 25, 28, 402, 0, 27, 175, 19655 }, // U+016B
    { 28, 38, 454, 0, 37, 266, 19830 }, // U+016C
    { 25, 31, 402, 0, 30, 194, 20096 }, // U+016D
    { 28, 41, 454, 0, 40, 287, 20290 }, // U+016E
    { 25, 34, 402, 0, 33, 213, 20577 }, // U+016F
    { 28, 39, 454, 0, 38, 273, 20790 }, // U+0170
    { 25, 32, 402, 0, 31, 200, 21063 }, // U+0171
    { 29, 39, 459, 0, 29, 283, 21263 }, // U+0172
    { 25, 32, 402, 0, 22, 200, 21546 }, // U+0173
    { 42, 38, 663, 0, 38, 399, 21746 }, // U+0174
    { 35, 31, 546, 0, 31, 272, 22145 }, // U+0175
    { 26, 38, 396, -1, 38, 247, 22417 }, // U+0176
    { 23, 41, 358, 0, 31, 236, 22664 }, // U+0177
    { 26, 37, 396, -1, 37, 241, 22900 }, // U+0178
    { 21, 38, 375, 1, 38, 200, 23141 }, // U+0179
    { 18, 31, 324, 1, 31, 140, 23341 }, // U+017A
    { 21, 38, 375, 1, 38, 200, 23481 }, // U+017B
    { 18, 31, 324, 1, 31, 140, 23681 }, // U+017C
    { 21, 38, 375, 1, 38, 200, 23821 }, // U+017D
    { 18, 31, 324, 1, 31, 140, 24021 }, // U+017E
    { 17, 31, 225, 0, 31, 132, 24161 }, // U+017F
    { 29, 32, 493, 2, 31, 232, 0 }, // U+01A0
    { 23, 26, 384, 2, 25, 150, 232 }, // U+01A1
    { 31, 32, 493, 0, 31, 248, 382 }, // U+01AF
    { 28, 26, 428, 0, 25, 182, 630 }, // U+01B0
    { 50, 38, 835, 1, 38, 475, 812 }, // U+01C4
    { 46, 31, 784, 1, 31, 357, 1287 }, // U+01C5
    { 41, 32, 712, 2, 31, 328, 1644 }, // U+01C6
    { 37, 39, 621, 1, 29, 361, 1972 }, // U+01C7
    { 32, 41, 584, 1, 31, 328, 2333 }, // U+01C8
    { 21, 41, 386, 0, 31, 216, 2661 }, // U+01C9
    { 43, 39, 709, 1, 29, 420, 2877 }, // U+01CA
    { 38, 41, 673, 1, 31, 390, 3297 }, // U+01CB
    { 33, 41, 598, 1, 31, 339, 3687 }, // U+01CC
    { 28, 38, 446, 0, 38, 266, 4026 }, // U+01CD
    { 20, 32, 357, 1, 31, 160, 4292 }, // U+01CE
    { 13, 38, 232, 1, 38, 124, 4452 }, // U+01CF
    { 13, 31, 203, 0, 31, 101, 4576 }, // U+01D0
    { 26, 39, 470, 2, 38, 254, 4677 }, // U+01D1
    { 19, 32, 365, 2, 31, 152, 4931 }, // U+01D2
    { 28, 39, 454, 0, 38, 273, 5083 }, // U+01D3
    { 25, 32, 402, 0, 31, 200, 5356 }, // U+01D4
    { 28, 41, 454, 0, 40, 287, 5556 }, // U+01D5
    { 25, 35, 402, 0, 34, 219, 5843 }, // U+01D6
    { 28, 42, 454, 0, 41, 294, 6062 }, // U+01D7
    { 25, 36, 402, 0, 35, 225, 6356 }, // U+01D8
    { 28, 42, 454, 0, 41, 294, 6581 }, // U+01D9
    { 25, 36, 402, 0, 35, 225, 6875 }, // U+01DA
    { 28, 42, 454, 0, 41, 294, 7100 }, // U+01DB
    { 25, 36, 402, 0, 35, 225, 7394 }, // U+01DC
    { 18, 23, 339, 1, 22, 104, 7619 }, // U+01DD
    { 28, 40, 446, 0, 40, 280, 7723 }, // U+01DE
    { 20, 35, 357, 1, 34, 175, 8003 }, // U+01DF
    { 28, 39, 446, 0, 39, 273, 8178 }, // U+01E0
    { 20, 35, 357, 1, 34, 175, 8451 }, // U+01E1
    { 36, 34, 602, 0, 34, 306, 8626 }, // U+01E2
    { 31, 28, 533, 1, 27, 217, 8932 }, // U+01E3
    { 26, 30, 452, 2, 29, 195, 9149 }, // U+01E4
    { 22, 33, 341, 0, 23, 182, 9344 }, // U+01E5
    { 26, 39, 452, 2, 38, 254, 9526 }, // U+01E6
    { 21, 41, 341, 0, 31, 216, 9780 }, // U+01E7
    { 28, 38, 443, 1, 38, 266, 9996 }, // U+01E8
    { 24, 39, 370, 0, 39, 234, 10262 }, // U+01E9
    { 26, 39, 470, 2, 29, 254, 10496 }, // U+01EA
    { 19, 32, 365, 2, 22, 152, 10750 }, // U+01EB
    { 26, 44, 470, 2, 34, 286, 10902 }, // U+01EC
    { 19, 37, 365, 2, 27, 176, 11188 }, // U+01ED
    { 21, 39, 382, 1, 38, 205, 11364 }, // U+01EE
    { 19, 41, 346, 1, 31, 195, 11569 }, // U+01EF
    { 13, 41, 190, -1, 31, 134, 11764 }, // U+01F0
    { 50, 29, 835, 1, 29, 363, 11898 }, // U+01F1
    { 46, 29, 784, 1, 29, 334, 12261 }, // U+01F2
    { 41, 32, 712, 2, 31, 328, 12595 }, // U+01F3
    { 26, 39, 452, 2, 38, 254, 12923 }, // U+01F4
    { 21, 41, 341, 0, 31, 216, 13177 }, // U+01F5
    { 41, 30, 674, 1, 29, 308, 13393 }, // U+01F6
    { 26, 39, 439, 0, 29, 254, 13701 }, // U+01F7
    { 29, 38, 483, 1, 38, 276, 13955 }, // U+01F8
    { 24, 31, 408, 1, 31, 186, 14231 }, // U+01F9
    { 28, 38, 446, 0, 38, 266, 14417 }, // U+01FA
    { 20, 39, 357, 1, 38, 195, 14683 }, // U+01FB
    { 36, 38, 602, 0, 38, 342, 14878 }, // U+01FC
    { 31, 32, 533, 1, 31, 248, 15220 }, // U+01FD
    { 26, 40, 470, 2, 38, 260, 15468 }, // U+01FE
    { 19, 33, 365, 2, 31, 157, 15728 }, // U+01FF
    { 28, 38, 446, 0, 38, 266, 15885 }, // U+0200
    { 20, 32, 357, 1, 31, 160, 16151 }, // U+0201
    { 28, 37, 446, 0, 37, 259, 16311 }, // U+0202
    { 20, 31, 357, 1, 30, 155, 16570 }, // U+0203
    { 22, 38, 395, 1, 38, 209, 16725 }, // U+0204
    { 19, 32, 339, 1, 31, 152, 16934 }, // U+0205
    { 22, 37, 395, 1, 37, 204, 17086 }, // U+0206
    { 18, 31, 339, 2, 30, 140, 17290 }, // U+0207
    { 16, 38, 232, -2, 38, 152, 17430 }, // U+0208
    { 16, 31, 203, -3, 31, 124, 17582 }, // U+0209
    { 13, 37, 232, 1, 37, 121, 17706 }, // U+020A
    { 13, 30, 203, 0, 30, 98, 17827 }, // U+020B
    { 26, 39, 470, 2, 38, 254, 17925 }, // U+020C
    { 19, 32, 365, 2, 31, 152, 18179 }, // U+020D
    { 26, 38, 470, 2, 37, 247, 18331 }, // U+020E
    { 19, 31, 365, 2, 30, 148, 18578 }, // U+020F
    { 26, 38, 415, 1, 38, 247, 18726 }, // U+0210
    { 18, 31, 298, 1, 31, 140, 18973 }, // U+0211
    { 26, 37, 415, 1, 37, 241, 19113 }, // U+0212
    { 18, 30, 298, 1, 30, 135, 19354 }, // U+0213
    { 28, 39, 454, 0, 38, 273, 19489 }, // U+0214
    { 25, 32, 402, 0, 31, 200, 19762 }, // U+0215
    { 28, 38, 454, 0, 37, 266, 19962 }, // U+0216
    { 25, 31, 402, 0, 30, 194, 20228 }, // U+0217
    { 19, 38, 344, 1, 29, 181, 20422 }, // U+0218
    { 16, 31, 286, 1, 22, 124, 20603 }, // U+0219
    { 24, 38, 388, 0, 29, 228, 20727 }, // U+021A
    { 14, 36, 223, 0, 27, 126, 20955 }, // U+021B
    { 20, 36, 383, 2, 29, 180, 21081 }, // U+021C
    { 17, 32, 313, 1, 22, 136, 21261 }, // U+021D
    { 29, 38, 502, 1, 38, 276, 21397 }, // U+021E
    { 25, 39, 402, 0, 39, 244, 21673 }, // U+021F
    { 9, 8, 0, -18, 31, 18, 0 }, // U+0300
    { 8, 8, 0, -12, 31, 16, 18 }, // U+0301
    { 13, 8, 0, -18, 31, 26, 34 }, // U+0302
    { 15, 7, 0, -20, 30, 27, 60 }, // U+0303
    { 12, 3, 0, -6, 27, 9, 87 }, // U+0304
    { 18, 3, 0, -9, 33, 14, 96 }, // U+0305
    { 12, 7, 0, -6, 30, 21, 110 }, // U+0306
    { 6, 6, 0, -3, 31, 9, 131 }, // U+0307
    { 12, 5, 0, -6, 30, 15, 140 }, // U+0308
    { 10, 10, 0, -17, 33, 25, 155 }, // U+0309
    { 10, 10, 0, -5, 33, 25, 180 }, // U+030A
    { 15, 8, 0, -6, 31, 30, 205 }, // U+030B
    { 13, 8, 0, -18, 31, 26, 235 }, // U+030C
    { 4, 8, 0, -2, 31, 8, 261 }, // U+030D
    { 8, 8, 0, -4, 31, 16, 269 }, // U+030E
    { 15, 8, 0, -21, 31, 30, 285 }, // U+030F
    { 12, 10, 0, -6, 33, 30, 315 }, // U+0310
    { 12, 7, 0, -6, 30, 21, 345 }, // U+0311
    { 8, 12, 0, -4, 29, 24, 366 }, // U+0312
    { 8, 12, 0, -4, 29, 24, 390 }, // U+0313
    { 8, 12, 0, -4, 29, 24, 414 }, // U+0314
    { 8, 12, 0, -4, 29, 24, 438 }, // U+0315
    { 8, 8, 0, -4, -2, 16, 462 }, // U+0316
    { 8, 8, 0, -4, -2, 16, 478 }, // U+0317
    { 8, 8, 0, -4, -1, 16, 494 }, // U+0318
    { 8, 8, 0, -4, -1, 16, 510 }, // U+0319
    { 10, 11, 219, 0, 31, 28, 526 }, // U+031A
    { 7, 10, 0, -4, 31, 18, 554 }, // U+031B
    { 6, 10, 0, -3, 0, 15, 572 }, // U+031C
    { 8, 7, 0, -4, -2, 14, 587 }, // U+031D
    { 8, 7, 0, -4, -2, 14, 601 }, // U+031E
    { 8, 9, 0, -4, -1, 18, 615 }, // U+031F
    { 10, 3, 0, -5, -3, 8, 633 }, // U+0320
    { 8, 10, 0, -8, 2, 20, 641 }, // U+0321
    { 8, 10, 0, 0, 2, 20, 661 }, // U+0322
    { 6, 6, 0, -15, -2, 9, 681 }, // U+0323
    { 12, 5, 0, -6, -2, 15, 690 }, // U+0324
    { 10, 9, 0, -5, -1, 23, 705 }, // U+0325
    { 6, 7, 0, -3, -2, 11, 728 }, // U+0326
    { 10, 11, 0, -5, 1, 28, 739 }, // U+0327
    { 10, 10, 0, -5, 0, 25, 767 }, // U+0328
    { 4, 7, 0, -2, -1, 7, 792 }, // U+0329
    { 16, 7, 0, -8, -2, 28, 799 }, // U+032A
    { 14, 6, 0, -7, -2, 21, 827 }, // U+032B
    { 12, 7, 0, -6, -2, 21, 848 }, // U+032C
    { 12, 7, 0, -6, -2, 21, 869 }, // U+032D
    { 12, 7, 0, -6, -2, 21, 890 }, // U+032E
    { 12, 7, 0, -6, -2, 21, 911 }, // U+032F
    { 16, 6, 0, -8, -2, 24, 932 }, // U+0330
    { 12, 3, 0, -6, -3, 9, 956 }, // U+0331
    { 18, 3, 0, -9, -3, 14, 965 }, // U+0332
    { 18, 8, 0, -9, -1, 36, 979 }, // U+0333
    { 16, 7, 0, -8, 15, 28, 1015 }, // U+0334
    { 14, 4, 0, -7, 13, 14, 1043 }, // U+0335
    { 26, 4, 0, -13, 13, 26, 1057 }, // U+0336
    { 14, 10, 0, -7, 16, 35, 1083 }, // U+0337
    { 17, 35, 0, -9, 31, 149, 1118 }, // U+0338
    { 6, 10, 0, -3, 0, 15, 1267 }, // U+0339
    { 16, 7, 0, -8, -2, 28, 1282 }, // U+033A
    { 16, 9, 0, -8, -1, 36, 1310 }, // U+033B
    { 14, 6, 0, -7, -2, 21, 1346 }, // U+033C
    { 8, 9, 0, -4, 31, 18, 1367 }, // U+033D
    { 6, 13, 0, -3, 35, 20, 1385 }, // U+033E
    { 18, 8, 0, -9, 38, 36, 1405 }, // U+033F
    { 9, 8, 0, -6, 31, 18, 1441 }, // U+0340
    { 9, 8, 0, -3, 31, 18, 1459 }, // U+0341
    { 16, 7, 0, -8, 30, 28, 1477 }, // U+0342
    { 5, 9, 0, -3, 32, 12, 1505 }, // U+0343
    { 16, 10, 0, -7, 32, 40, 1517 }, // U+0344
    { 7, 8, 0, 2, -2, 14, 1557 }, // U+0345
    { 16, 7, 0, -8, 31, 28, 1571 }, // U+0346
    { 18, 8, 0, -9, -1, 36, 1599 }, // U+0347
    { 8, 8, 0, -4, 0, 16, 1635 }, // U+0348
    { 8, 7, 0, -4, -3, 14, 1651 }, // U+0349
    { 16, 9, 0, -8, 31, 36, 1665 }, // U+034A
    { 16, 15, 0, -8, 37, 60, 1701 }, // U+034B
    { 16, 13, 0, -8, 35, 52, 1761 }, // U+034C
    { 12, 8, 0, -6, -1, 24, 1813 }, // U+034D
    { 8, 10, 0, -4, 0, 20, 1837 }, // U+034E
    { 30, 29, 0, -15, 29, 218, 1857 }, // U+034F
    { 8, 9, 0, -4, 31, 18, 2075 }, // U+0350
    { 6, 10, 0, -3, 33, 15, 2093 }, // U+0351
    { 12, 11, 0, -6, 34, 33, 2108 }, // U+0352
    { 8, 9, 0, -4, -1, 18, 2141 }, // U+0353
    { 8, 9, 0, -4, -1, 18, 2159 }, // U+0354
    { 8, 9, 0, -4, -1, 18, 2177 }, // U+0355
    { 16, 9, 0, -8, -1, 36, 2195 }, // U+0356
    { 6, 10, 0, -3, 33, 15, 2231 }, // U+0357
    { 5, 6, 0, 4, 31, 8, 2246 }, // U+0358
    { 10, 9, 0, -5, -1, 23, 2254 }, // U+0359
    { 14, 9, 0, -7, -1, 32, 2277 }, // U+035A
    { 8, 8, 0, -4, 31, 16, 2309 }, // U+035B
    { 30, 8, 0, -15, -1, 60, 2325 }, // U+035C
    { 30, 8, 0, -15, 31, 60, 2385 }, // U+035D
    { 24, 4, 0, -12, 27, 24, 2445 }, // U+035E
    { 24, 3, 0, -12, -3, 18, 2469 }, // U+035F
    { 32, 6, 0, -16, 30, 48, 2487 }, // U+0360
    { 30, 8, 0, -15, 33, 60, 2535 }, // U+0361
    { 24, 8, 0, -12, -1, 48, 2595 }, // U+0362
    { 9, 10, 0, -4, 34, 23, 2643 }, // U+0363
    { 9, 10, 0, -4, 34, 23, 2666 }, // U+0364
    { 7, 13, 0, -3, 37, 23, 2689 }, // U+0365
    { 9, 10, 0, -4, 34, 23, 2712 }, // U+0366
    { 11, 10, 0, -5, 34, 28, 2735 }, // U+0367
    { 9, 10, 0, -4, 34, 23, 2763 }, // U+0368
    { 11, 13, 0, -5, 37, 36, 2786 }, // U+0369
    { 11, 13, 0, -5, 37, 36, 2822 }, // U+036A
    { 17, 10, 0, -8, 34, 43, 2858 }, // U+036B
    { 9, 10, 0, -4, 34, 23, 2901 }, // U+036C
    { 7, 11, 0, -3, 35, 20, 2924 }, // U+036D
    { 11, 10, 0, -5, 34, 28, 2944 }, // U+036E
    { 11, 10, 0, -5, 34, 28, 2972 }, // U+036F
    { 23, 37, 398, 1, 37, 213, 0 }, // U+0400
    { 23, 36, 398, 1, 36, 207, 213 }, // U+0401
    { 30, 29, 501, 0, 29, 218, 420 }, // U+0402
    { 21, 38, 357, 1, 38, 200, 638 }, // U+0403
    { 21, 30, 388, 2, 29, 158, 838 }, // U+0404
    { 19, 30, 348, 1, 29, 143, 996 }, // U+0405
    { 13, 29, 235, 1, 29, 95, 1139 }, // U+0406
    { 13, 36, 235, 1, 36, 117, 1234 }, // U+0407
    { 15, 39, 229, -1, 29, 147, 1351 }, // U+0408
    { 37, 30, 610, 0, 29, 278, 1498 }, // U+0409
    { 38, 29, 645, 1, 29, 276, 1776 }, // U+040A
    { 33, 29, 540, 0, 29, 240, 2052 }, // U+040B
    { 28, 38, 446, 1, 38, 266, 2292 }, // U+040C
    { 30, 37, 511, 1, 37, 278, 2558 }, // U+040D
    { 26, 38, 412, 0, 37, 247, 2836 }, // U+040E
    { 29, 37, 498, 1, 29, 269, 3083 }, // U+040F
    { 28, 29, 446, 0, 29, 203, 3352 }, // U+0410
    { 22, 29, 399, 1, 29, 160, 3555 }, // U+0411
    { 23, 29, 415, 1, 29, 167, 3715 }, // U+0412
    { 21, 29, 357, 1, 29, 153, 3882 }, // U+0413
    { 28, 37, 470, 0, 29, 259, 4035 }, // U+0414
    { 23, 29, 398, 1, 29, 167, 4294 }, // U+0415
    { 41, 29, 621, -1, 29, 298, 4461 }, // U+0416
    { 21, 30, 377, 1, 29, 158, 4759 }, // U+0417
    { 30, 29, 511, 1, 29, 218, 4917 }, // U+0418
    { 30, 37, 511, 1, 37, 278, 5135 }, // U+0419
    { 28, 29, 446, 1, 29, 203, 5413 }, // U+041A
    { 28, 30, 464, 0, 29, 210, 5616 }, // U+041B
    { 36, 29, 605, 1, 29, 261, 5826 }, // U+041C
    { 29, 29, 505, 1, 29, 211, 6087 }, // U+041D
    { 26, 30, 469, 2, 29, 195, 6298 }, // U+041E
    { 29, 29, 498, 1, 29, 211, 6493 }, // U+041F
    { 22, 29, 386, 1, 29, 160, 6704 }, // U+0420
    { 21, 30, 388, 2, 29, 158, 6864 }, // U+0421
    { 24, 29, 395, 0, 29, 174, 7022 }, // U+0422
    { 26, 30, 412, 0, 29, 195, 7196 }, // U+0423
    { 32, 30, 544, 1, 29, 240, 7391 }, // U+0424
    { 26, 29, 420, 0, 29, 189, 7631 }, // U+0425
    { 29, 37, 498, 1, 29, 269, 7820 }, // U+0426
    { 29, 29, 479, 0, 29, 211, 8089 }, // U+0427
    { 40, 29, 679, 1, 29, 290, 8300 }, // U+0428
    { 41, 37, 679, 1, 29, 380, 8590 }, // U+0429
    { 27, 29, 455, 0, 29, 196, 8970 }, // U+042A
    { 34, 29, 579, 1, 29, 247, 9166 }, // U+042B
    { 22, 29, 393, 1, 29, 160, 9413 }, // U+042C
    { 22, 30, 397, 1, 29, 165, 9573 }, // U+042D
    { 38, 30, 646, 1, 29, 285, 9738 }, // U+042E
    { 26, 29, 417, -1, 29, 189, 10023 }, // U+042F
    { 20, 23, 361, 1, 22, 115, 10212 }, // U+0430
    { 21, 32, 369, 1, 31, 168, 10327 }, // U+0431
    { 20, 22, 350, 1, 22, 110, 10495 }, // U+0432
    { 17, 22, 301, 1, 22, 94, 10605 }, // U+0433
    { 24, 30, 391, 0, 22, 180, 10699 }, // U+0434
    { 19, 23, 339, 1, 22, 110, 10879 }, // U+0435
    { 32, 22, 507, 0, 22, 176, 10989 }, // U+0436
    { 17, 23, 301, 1, 22, 98, 11165 }, // U+0437
    { 25, 22, 427, 1, 22, 138, 11263 }, // U+0438
    { 25, 30, 427, 1, 30, 188, 11401 }, // U+0439
    { 23, 22, 375, 1, 22, 127, 11589 }, // U+043A
    { 23, 23, 388, 0, 22, 133, 11716 }, // U+043B
    { 31, 22, 522, 1, 22, 171, 11849 }, // U+043C
    { 24, 22, 424, 1, 22, 132, 12020 }, // U+043D
    { 21, 23, 366, 1, 22, 121, 12152 }, // U+043E
    { 24, 22, 418, 1, 22, 132, 12273 }, // U+043F
    { 23, 32, 403, 1, 22, 184, 12405 }, // U+0440
    { 18, 23, 312, 1, 22, 104, 12589 }, // U+0441
    { 20, 22, 336, 0, 22, 110, 12693 }, // U+0442
    { 23, 32, 361, 0, 22, 184, 12803 }, // U+0443
    { 26, 41, 458, 1, 31, 267, 12987 }, // U+0444
    { 23, 22, 366, 0, 22, 127, 13254 }, // U+0445
    { 24, 30, 418, 1, 22, 180, 13381 }, // U+0446
    { 24, 22, 400, 0, 22, 132, 13561 }, // U+0447
    { 35, 22, 597, 1, 22, 193, 13693 }, // U+0448
    { 35, 30, 597, 1, 22, 263, 13886 }, // U+0449
    { 24, 22, 393, 0, 22, 132, 14149 }, // U+044A
    { 30, 22, 519, 1, 22, 165, 14281 }, // U+044B
    { 20, 22, 340, 1, 22, 110, 14446 }, // U+044C
    { 17, 23, 313, 1, 22, 98, 14556 }, // U+044D
    { 30, 23, 524, 1, 22, 173, 14654 }, // U+044E
    { 21, 22, 361, 0, 22, 116, 14827 }, // U+044F
    { 19, 32, 339, 1, 31, 152, 14943 }, // U+0450
    { 19, 31, 339, 1, 30, 148, 15095 }, // U+0451
    { 21, 41, 382, 1, 31, 216, 15243 }, // U+0452
    { 17, 31, 301, 1, 31, 132, 15459 }, // U+0453
    { 18, 23, 312, 1, 22, 104, 15591 }, // U+0454
    { 16, 23, 286, 1, 22, 92, 15695 }, // U+0455
    { 12, 31, 218, 1, 31, 93, 15787 }, // U+0456
    { 12, 31, 218, 1, 31, 93, 15880 }, // U+0457
    { 10, 41, 205, 0, 31, 103, 15973 }, // U+0458
    { 31, 23, 499, 0, 22, 179, 16076 }, // U+0459
    { 32, 22, 538, 1, 22, 176, 16255 }, // U+045A
    { 24, 31, 418, 1, 31, 186, 16431 }, // U+045B
    { 23, 31, 375, 1, 31, 179, 16617 }, // U+045C
    { 25, 31, 427, 1, 31, 194, 16796 }, // U+045D
    { 23, 40, 361, 0, 30, 230, 16990 }, // U+045E
    { 24, 30, 418, 1, 22, 180, 17220 }, // U+045F
    { 38, 29, 622, 0, 29, 276, 17400 }, // U+0460
    { 30, 22, 515, 0, 22, 165, 17676 }, // U+0461
    { 25, 29, 422, 0, 29, 182, 17841 }, // U+0462
    { 22, 31, 377, 0, 31, 171, 18023 }, // U+0463
    { 34, 30, 577, 1, 29, 255, 18194 }, // U+0464
    { 30, 23, 503, 0, 22, 173, 18449 }, // U+0465
    { 28, 29, 438, 0, 29, 203, 18622 }, // U+0466
    { 24, 22, 373, 0, 22, 132, 18825 }, // U+0467
    { 41, 29, 664, 1, 29, 298, 18957 }, // U+0468
    { 33, 22, 526, 0, 22, 182, 19255 }, // U+0469
    { 32, 29, 498, 0, 29, 232, 19437 }, // U+046A
    { 28, 22, 445, 0, 22, 154, 19669 }, // U+046B
    { 44, 29, 720, 1, 29, 319, 19823 }, // U+046C
    { 38, 22, 598, 0, 22, 209, 20142 }, // U+046D
    { 20, 43, 382, 2, 34, 215, 20351 }, // U+046E
    { 18, 35, 310, 1, 27, 158, 20566 }, // U+046F
    { 33, 29, 524, 0, 29, 240, 20724 }, // U+0470
    { 26, 41, 439, 0, 31, 267, 20964 }, // U+0471
    { 26, 30, 470, 2, 29, 195, 21231 }, // U+0472
    { 19, 23, 365, 2, 22, 110, 21426 }, // U+0473
    { 28, 29, 439, 0, 29, 203, 21536 }, // U+0474
    { 24, 22, 371, 0, 22, 132, 21739 }, // U+0475
    { 28, 38, 439, 0, 38, 266, 21871 }, // U+0476
    { 24, 31, 371, 0, 31, 186, 22137 }, // U+0477
    { 47, 39, 778, 2, 29, 459, 22323 }, // U+0478
    { 40, 32, 660, 2, 22, 320, 22782 }, // U+0479
    { 27, 34, 495, 2, 31, 230, 23102 }, // U+047A
    { 22, 27, 403, 2, 24, 149, 23332 }, // U+047B
    { 35, 42, 622, 2, 41, 368, 23481 }, // U+047C
    { 28, 36, 500, 2, 35, 252, 23849 }, // U+047D
    { 38, 35, 622, 0, 35, 333, 24101 }, // U+047E
    { 30, 28, 515, 0, 28, 210, 24434 }, // U+047F
    { 21, 39, 389, 2, 29, 205, 24644 }, // U+0480
    { 16, 32, 312, 2, 22, 128, 24849 }, // U+0481
    { 21, 26, 386, 2, 25, 137, 24977 }, // U+0482
    { 16, 7, 0, -8, 29, 28, 25114 }, // U+0483
    { 16, 5, 0, -8, 29, 20, 25142 }, // U+0484
    { 6, 8, 0, -3, 31, 12, 25162 }, // U+0485
    { 6, 8, 0, -3, 31, 12, 25174 }, // U+0486
    { 16, 5, 0, -8, 35, 20, 25186 }, // U+0487
    { 50, 45, 0, -25, 33, 563, 25206 }, // U+0488
    { 48, 48, 0, -24, 35, 576, 25769 }, // U+0489
    { 31, 46, 512, 1, 37, 357, 26345 }, // U+048A
    { 25, 39, 427, 1, 30, 244, 26702 }, // U+048B
    { 22, 31, 382, 1, 31, 171, 26946 }, // U+048C
    { 22, 26, 377, 0, 26, 143, 27117 }, // U+048D
    { 22, 29, 382, 1, 29, 160, 27260 }, // U+048E
    { 23, 32, 389, 0, 22, 184, 27420 }, // U+048F
    { 20, 34, 344, 1, 34, 170, 27604 }, // U+0490
    { 17, 26, 282, 0, 26, 111, 27774 }, // U+0491
    { 22, 29, 355, 0, 29, 160, 27885 }, // U+0492
    { 18, 22, 290, 0, 22, 99, 28045 }, // U+0493
    { 24, 39, 417, 1, 29, 234, 28144 }, // U+0494
    { 21, 32, 348, 0, 22, 168, 28378 }, // U+0495
    { 40, 38, 655, 0, 29, 380, 28546 }, // U+0496
    { 36, 31, 583, 0, 22, 279, 28926 }, // U+0497
    { 21, 38, 382, 1, 29, 200, 29205 }, // U+0498
    { 17, 31, 310, 1, 22, 132, 29405 }, // U+0499
    { 28, 38, 469, 1, 29, 266, 29537 }, // U+049A
    { 25, 31, 407, 0, 22, 194, 29803 }, // U+049B
    { 28, 29, 462, 1, 29, 203, 29997 }, // U+049C
    { 26, 22, 408, 0, 22, 143, 30200 }, // U+049D
    { 27, 29, 443, 1, 29, 196, 30343 }, // U+049E
    { 24, 31, 389, 0, 31, 186, 30539 }, // U+049F
    { 31, 29, 497, 0, 29, 225, 30725 }, // U+04A0
    { 28, 22, 448, 0, 22, 154, 30950 }, // U+04A1
    { 30, 38, 502, 1, 29, 285, 31104 }, // U+04A2
    { 27, 31, 436, 0, 22, 210, 31389 }, // U+04A3
    { 33, 29, 556, 1, 29, 240, 31599 }, // U+04A4
    { 31, 22, 495, 0, 22, 171, 31839 }, // U+04A5
    { 40, 39, 667, 1, 29, 390, 32010 }, // U+04A6
    { 35, 32, 562, 0, 22, 280, 32400 }, // U+04A7
    { 27, 31, 469, 2, 29, 210, 32680 }, // U+04A8
    { 22, 24, 395, 2, 22, 132, 32890 }, // U+04A9
    { 21, 38, 389, 2, 29, 200, 33022 }, // U+04AA
    { 16, 31, 312, 2, 22, 124, 33222 }, // U+04AB
    { 24, 38, 388, 0, 29, 228, 33346 }, // U+04AC
    { 21, 31, 346, 0, 22, 163, 33574 }, // U+04AD
    { 26, 29, 396, -1, 29, 189, 33737 }, // U+04AE
    { 23, 32, 367, 0, 22, 184, 33926 }, // U+04AF
    { 26, 29, 396, -1, 29, 189, 34110 }, // U+04B0
    { 23, 32, 367, 0, 22, 184, 34299 }, // U+04B1
    { 27, 38, 448, 0, 29, 257, 34483 }, // U+04B2
    { 24, 31, 388, 0, 22, 186, 34740 }, // U+04B3
    { 35, 38, 565, 0, 29, 333, 34926 }, // U+04B4
    { 32, 31, 516, 0, 22, 248, 35259 }, // U+04B5
    { 29, 38, 479, 0, 29, 276, 35507 }, // U+04B6
    { 25, 31, 405, 0, 22, 194, 35783 }, // U+04B7
    { 29, 29, 479, 0, 29, 211, 35977 }, // U+04B8
    { 24, 22, 400, 0, 22, 132, 36188 }, // U+04B9
    { 29, 29, 479, 1, 29, 211, 36320 }, // U+04BA
    { 25, 31, 402, 0, 31, 194, 36531 }, // U+04BB
    { 30, 30, 512, 0, 29, 225, 36725 }, // U+04BC
    { 24, 23, 405, 0, 22, 138, 36950 }, // U+04BD
    { 30, 38, 512, 0, 29, 285, 37088 }, // U+04BE
    { 24, 31, 405, 0, 22, 186, 37373 }, // U+04BF
    { 13, 29, 232, 1, 29, 95, 37559 }, // U+04C0
    { 41, 37, 621, -1, 37, 380, 37654 }, // U+04C1
    { 32, 30, 507, 0, 30, 240, 38034 }, // U+04C2
    { 26, 39, 439, 1, 29, 254, 38274 }, // U+04C3
    { 24, 32, 388, 0, 22, 192, 38528 }, // U+04C4
    { 29, 38, 462, 0, 29, 276, 38720 }, // U+04C5
    { 23, 31, 388, 0, 22, 179, 38996 }, // U+04C6
    { 29, 39, 496, 1, 29, 283, 39175 }, // U+04C7
    { 27, 32, 430, 0, 22, 216, 39458 }, // U+04C8
    { 31, 38, 502, 1, 29, 295, 39674 }, // U+04C9
    { 25, 31, 424, 1, 22, 194, 39969 }, // U+04CA
    { 29, 38, 479, 0, 29, 276, 40163 }, // U+04CB
    { 25, 31, 405, 0, 22, 194, 40439 }, // U+04CC
    { 36, 38, 594, 1, 29, 342, 40633 }, // U+04CD
    { 31, 31, 522, 1, 22, 241, 40975 }, // U+04CE
    { 13, 29, 232, 1, 29, 95, 41216 }, // U+04CF
    { 28, 37, 446, 0, 37, 259, 41311 }, // U+04D0
    { 20, 31, 357, 1, 30, 155, 41570 }, // U+04D1
    { 28, 37, 446, 0, 37, 259, 41725 }, // U+04D2
    { 20, 31, 357, 1, 30, 155, 41984 }, // U+04D3
    { 36, 29, 602, 0, 29, 261, 42139 }, // U+04D4
    { 31, 23, 533, 1, 22, 179, 42400 }, // U+04D5
    { 22, 37, 395, 1, 37, 204, 42579 }, // U+04D6
    { 18, 31, 339, 2, 30, 140, 42783 }, // U+04D7
    { 24, 30, 437, 2, 29, 180, 42923 }, // U+04D8
    { 18, 23, 339, 1, 22, 104, 43103 }, // U+04D9
    { 24, 38, 437, 2, 37, 228, 43207 }, // U+04DA
    { 18, 31, 339, 1, 30, 140, 43435 }, // U+04DB
    { 41, 37, 621, -1, 37, 380, 43575 }, // U+04DC
    { 32, 30, 507, 0, 30, 240, 43955 }, // U+04DD
    { 21, 38, 377, 1, 37, 200, 44195 }, // U+04DE
    { 17, 31, 301, 1, 30, 132, 44395 }, // U+04DF
    { 21, 30, 382, 1, 29, 158, 44527 }, // U+04E0
    { 19, 32, 346, 1, 22, 152, 44685 }, // U+04E1
    { 30, 34, 511, 1, 34, 255, 44837 }, // U+04E2
    { 25, 27, 427, 1, 27, 169, 45092 }, // U+04E3
    { 30, 37, 511, 1, 37, 278, 45261 }, // U+04E4
    { 25, 30, 427, 1, 30, 188, 45539 }, // U+04E5
    { 26, 38, 470, 2, 37, 247, 45727 }, // U+04E6
    { 19, 31, 365, 2, 30, 148, 45974 }, // U+04E7
    { 26, 30, 470, 2, 29, 195, 46122 }, // U+04E8
    { 19, 23, 365, 2, 22, 110, 46317 }, // U+04E9
    { 26, 38, 470, 2, 37, 247, 46427 }, // U+04EA
    { 19, 31, 365, 2, 30, 148, 46674 }, // U+04EB
    { 22, 38, 397, 1, 37, 209, 46822 }, // U+04EC
    { 17, 31, 313, 1, 30, 132, 47031 }, // U+04ED
    { 26, 35, 412, 0, 34, 228, 47163 }, // U+04EE
    { 23, 37, 358, 0, 27, 213, 47391 }, // U+04EF
    { 26, 38, 412, 0, 37, 247, 47604 }, // U+04F0
    { 23, 40, 358, 0, 30, 230, 47851 }, // U+04F1
    { 26, 39, 412, 0, 38, 254, 48081 }, // U+04F2
    { 23, 41, 358, 0, 31, 236, 48335 }, // U+04F3
    { 29, 37, 479, 0, 37, 269, 48571 }, // U+04F4
    { 24, 30, 400, 0, 30, 180, 48840 }, // U+04F5
    { 21, 38, 355, 1, 29, 200, 49020 }, // U+04F6
    { 18, 31, 290, 0, 22, 140, 49220 }, // U+04F7
    { 34, 37, 579, 1, 37, 315, 49360 }, // U+04F8
    { 30, 30, 519, 1, 30, 225, 49675 }, // U+04F9
    { 22, 37, 355, 0, 29, 204, 49900 }, // U+04FA
    { 18, 30, 290, 0, 22, 135, 50104 }, // U+04FB
    { 26, 37, 418, 0, 29, 241, 50239 }, // U+04FC
    { 23, 30, 366, 0, 22, 173, 50480 }, // U+04FD
    { 26, 29, 418, 0, 29, 189, 50653 }, // U+04FE
    { 23, 22, 366, 0, 22, 127, 50842 }, // U+04FF
    { 28, 37, 446, 0, 29, 259, 0 }, // U+1EA0
    { 20, 30, 357, 1, 22, 150, 259 }, // U+1EA1
    { 28, 39, 446, 0, 39, 273, 409 }, // U+1EA2
    { 20, 34, 357, 1, 33, 170, 682 }, // U+1EA3
    { 28, 39, 446, 0, 39, 273, 852 }, // U+1EA4
    { 21, 34, 357, 1, 33, 179, 1125 }, // U+1EA5
    { 28, 39, 446, 0, 39, 273, 1304 }, // U+1EA6
    { 21, 34, 357, 0, 33, 179, 1577 }, // U+1EA7
    { 28, 41, 446, 0, 41, 287, 1756 }, // U+1EA8
    { 20, 36, 357, 1, 35, 180, 2043 }, // U+1EA9
    { 28, 42, 446, 0, 42, 294, 2223 }, // U+1EAA
    { 20, 36, 357, 1, 35, 180, 2517 }, // U+1EAB
    { 28, 46, 446, 0, 38, 322, 2697 }, // U+1EAC
    { 20, 39, 357, 1, 31, 195, 3019 }, // U+1EAD
    { 28, 40, 446, 0, 40, 280, 3214 }, // U+1EAE
    { 20, 35, 357, 1, 34, 175, 3494 }, // U+1EAF
    { 28, 40, 446, 0, 40, 280, 3669 }, // U+1EB0
    { 20, 35, 357, 1, 34, 175, 3949 }, // U+1EB1
    { 28, 42, 446, 0, 42, 294, 4124 }, // U+1EB2
    { 20, 36, 357, 1, 35, 180, 4418 }, // U+1EB3
    { 28, 42, 446, 0, 42, 294, 4598 }, // U+1EB4
    { 20, 36, 357, 1, 35, 180, 4892 }, // U+1EB5
    { 28, 45, 446, 0, 37, 315, 5072 }, // U+1EB6
    { 20, 38, 357, 1, 30, 190, 5387 }, // U+1EB7
    { 22, 37, 395, 1, 29, 204, 5577 }, // U+1EB8
    { 18, 30, 339, 2, 22, 135, 5781 }, // U+1EB9
    { 22, 39, 395, 1, 39, 215, 5916 }, // U+1EBA
    { 18, 34, 339, 2, 33, 153, 6131 }, // U+1EBB
    { 22, 37, 395, 1, 37, 204, 6284 }, // U+1EBC
    { 18, 31, 339, 2, 30, 140, 6488 }, // U+1EBD
    { 23, 39, 395, 1, 39, 225, 6628 }, // U+1EBE
    { 20, 34, 339, 2, 33, 170, 6853 }, // U+1EBF
    { 22, 39, 395, 1, 39, 215, 7023 }, // U+1EC0
    { 20, 34, 339, 0, 33, 170, 7238 }, // U+1EC1
    { 22, 41, 395, 1, 41, 226, 7408 }, // U+1EC2
    { 18, 36, 339, 2, 35, 162, 7634 }, // U+1EC3
    { 22, 42, 395, 1, 42, 231, 7796 }, // U+1EC4
    { 18, 36, 339, 2, 35, 162, 8027 }, // U+1EC5
    { 22, 46, 395, 1, 38, 253, 8189 }, // U+1EC6
    { 18, 39, 339, 2, 31, 176, 8442 }, // U+1EC7
    { 13, 39, 232, 1, 39, 127, 8618 }, // U+1EC8
    { 13, 33, 203, 0, 33, 108, 8745 }, // U+1EC9
    { 13, 37, 232, 1, 29, 121, 8853 }, // U+1ECA
    { 13, 39, 203, 0, 31, 127, 8974 }, // U+1ECB
    { 26, 37, 470, 2, 29, 241, 9101 }, // U+1ECC
    { 19, 30, 365, 2, 22, 143, 9342 }, // U+1ECD
    { 26, 40, 470, 2, 39, 260, 9485 }, // U+1ECE
    { 19, 34, 365, 2, 33, 162, 9745 }, // U+1ECF
    { 26, 40, 470, 2, 39, 260, 9907 }, // U+1ED0
    { 20, 34, 365, 2, 33, 170, 10167 }, // U+1ED1
    { 26, 40, 470, 2, 39, 260, 10337 }, // U+1ED2
    { 21, 34, 365, 0, 33, 179, 10597 }, // U+1ED3
    { 26, 42, 470, 2, 41, 273, 10776 }, // U+1ED4
    { 19, 36, 365, 2, 35, 171, 11049 }, // U+1ED5
    { 26, 43, 470, 2, 42, 280, 11220 }, // U+1ED6
    { 19, 36, 365, 2, 35, 171, 11500 }, // U+1ED7
    { 26, 46, 470, 2, 38, 299, 11671 }, // U+1ED8
    { 19, 39, 365, 2, 31, 186, 11970 }, // U+1ED9
    { 29, 39, 493, 2, 38, 283, 12156 }, // U+1EDA
    { 23, 32, 384, 2, 31, 184, 12439 }, // U+1EDB
    { 29, 39, 493, 2, 38, 283, 12623 }, // U+1EDC
    { 23, 32, 384, 2, 31, 184, 12906 }, // U+1EDD
    { 29, 40, 493, 2, 39, 290, 13090 }, // U+1EDE
    { 23, 34, 384, 2, 33, 196, 13380 }, // U+1EDF
    { 29, 38, 493, 2, 37, 276, 13576 }, // U+1EE0
    { 23, 31, 384, 2, 30, 179, 13852 }, // U+1EE1
    { 29, 39, 493, 2, 31, 283, 14031 }, // U+1EE2
    { 23, 33, 384, 2, 25, 190, 14314 }, // U+1EE3
    { 28, 37, 454, 0, 29, 259, 14504 }, // U+1EE4
    { 25, 30, 402, 0, 22, 188, 14763 }, // U+1EE5
    { 28, 40, 454, 0, 39, 280, 14951 }, // U+1EE6
    { 25, 34, 402, 0, 33, 213, 15231 }, // U+1EE7
    { 31, 39, 493, 0, 38, 303, 15444 }, // U+1EE8
    { 28, 32, 428, 0, 31, 224, 15747 }, // U+1EE9
    { 31, 39, 493, 0, 38, 303, 15971 }, // U+1EEA
    { 28, 32, 428, 0, 31, 224, 16274 }, // U+1EEB
    { 31, 40, 493, 0, 39, 310, 16498 }, // U+1EEC
    { 28, 34, 428, 0, 33, 238, 16808 }, // U+1EED
    { 31, 38, 493, 0, 37, 295, 17046 }, // U+1EEE
    { 28, 31, 428, 0, 30, 217, 17341 }, // U+1EEF
    { 31, 39, 493, 0, 31, 303, 17558 }, // U+1EF0
    { 28, 33, 428, 0, 25, 231, 17861 }, // U+1EF1
    { 26, 38, 396, -1, 38, 247, 18092 }, // U+1EF2
    { 23, 41, 358, 0, 31, 236, 18339 }, // U+1EF3
    { 26, 37, 396, -1, 29, 241, 18575 }, // U+1EF4
    { 23, 32, 358, 0, 22, 184, 18816 }, // U+1EF5
    { 26, 39, 396, -1, 39, 254, 19000 }, // U+1EF6
    { 23, 43, 358, 0, 33, 248, 19254 }, // U+1EF7
    { 26, 37, 396, -1, 37, 241, 19502 }, // U+1EF8
    { 23, 40, 358, 0, 30, 230, 19743 }, // U+1EF9
    { 0, 0, 317, 0, 0, 0, 0 }, // U+2000
    { 0, 0, 633, 0, 0, 0, 0 }, // U+2001
    { 0, 0, 317, 0, 0, 0, 0 }, // U+2002
    { 0, 0, 633, 0, 0, 0, 0 }, // U+2003
    { 0, 0, 211, 0, 0, 0, 0 }, // U+2004
    { 0, 0, 158, 0, 0, 0, 0 }, // U+2005
    { 0, 0, 106, 0, 0, 0, 0 }, // U+2006
    { 0, 0, 354, 0, 0, 0, 0 }, // U+2007
    { 0, 0, 158, 0, 0, 0, 0 }, // U+2008
    { 0, 0, 105, 0, 0, 0, 0 }, // U+2009
    { 0, 0, 63, 0, 0, 0, 0 }, // U+200A
    { 0, 0, 0, 0, 0, 0, 0 }, // U+200B
    { 2, 31, 0, -1, 25, 16, 0 }, // U+200C
    { 10, 34, 0, -5, 28, 85, 16 }, // U+200D
    { 10, 34, 0, -1, 28, 85, 101 }, // U+200E
    { 10, 34, 0, -9, 28, 85, 186 }, // U+200F
    { 12, 4, 196, 0, 13, 12, 271 }, // U+2010
    { 12, 4, 196, 0, 13, 12, 283 }, // U+2011
    { 20, 3, 354, 1, 16, 15, 295 }, // U+2012
    { 21, 3, 317, -1, 12, 16, 310 }, // U+2013
    { 41, 3, 633, -1, 12, 31, 326 }, // U+2014
    { 41, 3, 633, -1, 12, 31, 357 }, // U+2015
    { 10, 41, 354, 6, 31, 103, 388 }, // U+2016
    { 18, 8, 260, -1, 0, 36, 491 }, // U+2017
    { 7, 12, 158, 2, 29, 21, 527 }, // U+2018
    { 7, 12, 158, 1, 29, 21, 548 }, // U+2019
    { 7, 13, 158, 1, 6, 23, 569 }, // U+201A
    { 7, 12, 158, 2, 29, 21, 592 }, // U+201B
    { 15, 12, 285, 2, 29, 45, 613 }, // U+201C
    { 15, 12, 285, 1, 29, 45, 658 }, // U+201D
    { 15, 13, 285, 1, 6, 49, 703 }, // U+201E
    { 15, 12, 285, 2, 29, 45, 752 }, // U+201F
    { 16, 36, 284, 1, 31, 144, 797 }, // U+2020
    { 16, 36, 284, 1, 31, 144, 941 }, // U+2021
    { 12, 12, 229, 1, 20, 36, 1085 }, // U+2022
    { 13, 14, 317, 4, 21, 46, 1121 }, // U+2023
    { 6, 6, 158, 2, 17, 9, 1167 }, // U+2024
    { 17, 6, 339, 2, 17, 26, 1176 }, // U+2025
    { 28, 7, 543, 3, 6, 49, 1202 }, // U+2026
    { 6, 7, 158, 2, 15, 11, 1251 }, // U+2027
    { 0, 0, 380, 0, 0, 0, 1262 }, // U+2028
    { 0, 0, 380, 0, 0, 0, 1262 }, // U+2029
    { 10, 30, 0, -1, 24, 75, 1262 }, // U+202A
    { 10, 30, 0, -9, 24, 75, 1337 }, // U+202B
    { 10, 34, 0, -5, 28, 85, 1412 }, // U+202C
    { 10, 34, 0, -5, 28, 85, 1497 }, // U+202D
    { 10, 34, 0, -5, 28, 85, 1582 }, // U+202E
    { 0, 0, 105, 0, 0, 0, 1667 }, // U+202F
    { 49, 30, 818, 1, 29, 368, 1667 }, // U+2030
    { 64, 30, 1068, 1, 29, 480, 2035 }, // U+2031
    { 7, 11, 119, 0, 29, 20, 2515 }, // U+2032
    { 15, 11, 238, 0, 29, 42, 2535 }, // U+2033
    { 22, 11, 357, 0, 29, 61, 2577 }, // U+2034
    { 7, 11, 119, 0, 29, 20, 2638 }, // U+2035
    { 15, 11, 238, 0, 29, 42, 2658 }, // U+2036
    { 22, 11, 357, 0, 29, 61, 2700 }, // U+2037
    { 13, 12, 253, 1, 2, 39, 2761 }, // U+2038
    { 9, 16, 211, 2, 19, 36, 2800 }, // U+2039
    { 9, 16, 211, 2, 19, 36, 2836 }, // U+203A
    { 28, 29, 519, 2, 29, 203, 2872 }, // U+203B
    { 15, 30, 354, 4, 29, 113, 3075 }, // U+203C
    { 19, 30, 342, 1, 29, 143, 3188 }, // U+203D
    { 20, 3, 291, -1, 33, 15, 3331 }, // U+203E
    { 30, 8, 0, -15, -1, 60, 3346 }, // U+203F
    { 30, 8, 0, -15, 33, 60, 3406 }, // U+2040
    { 18, 29, 285, 0, 29, 131, 3466 }, // U+2041
    { 36, 31, 633, 2, 31, 279, 3597 }, // U+2042
    { 12, 8, 229, 1, 18, 24, 3876 }, // U+2043
    { 18, 29, 39, -8, 29, 131, 3900 }, // U+2044
    { 10, 37, 228, 3, 31, 93, 4031 }, // U+2045
    { 10, 37, 228, 1, 31, 93, 4124 }, // U+2046
    { 36, 30, 605, 1, 29, 270, 4217 }, // U+2047
    { 26, 30, 486, 1, 29, 195, 4487 }, // U+2048
    { 25, 30, 481, 4, 29, 188, 4682 }, // U+2049
    { 19, 30, 354, 1, 23, 143, 4870 }, // U+204A
    { 22, 36, 391, 1, 31, 198, 5013 }, // U+204B
    { 21, 15, 378, 1, 22, 79, 5211 }, // U+204C
    { 22, 15, 378, 1, 22, 83, 5290 }, // U+204D
    { 17, 17, 317, 1, 23, 73, 5373 }, // U+204E
    { 8, 29, 181, 2, 22, 58, 5446 }, // U+204F
    { 26, 30, 462, 1, 29, 195, 5504 }, // U+2050
    { 17, 34, 317, 1, 31, 145, 5699 }, // U+2051
    { 13, 30, 208, 0, 29, 98, 5844 }, // U+2052
    { 18, 8, 354, 2, 18, 36, 5942 }, // U+2053
    { 30, 8, 0, -15, -1, 60, 5978 }, // U+2054
    { 19, 18, 342, 1, 23, 86, 6038 }, // U+2055
    { 19, 23, 389, 3, 22, 110, 6124 }, // U+2056
    { 27, 11, 438, 0, 29, 75, 6234 }, // U+2057
    { 22, 23, 449, 3, 22, 127, 6309 }, // U+2058
    { 22, 23, 449, 3, 22, 127, 6436 }, // U+2059
    { 6, 30, 182, 3, 29, 45, 6563 }, // U+205A
    { 22, 30, 449, 3, 29, 165, 6608 }, // U+205B
    { 22, 22, 441, 3, 22, 121, 6773 }, // U+205C
    { 6, 30, 182, 3, 29, 45, 6894 }, // U+205D
    { 6, 30, 182, 3, 29, 45, 6939 }, // U+205E
    { 0, 0, 141, 0, 0, 0, 6984 }, // U+205F
    { 0, 0, 380, 0, 0, 0, 6984 }, // U+2060
    { 0, 0, 380, 0, 0, 0, 6984 }, // U+2061
    { 0, 0, 380, 0, 0, 0, 6984 }, // U+2062
    { 0, 0, 380, 0, 0, 0, 6984 }, // U+2063
    { 0, 0, 380, 0, 0, 0, 6984 }, // U+2064
    { 0, 0, 0, 0, 0, 0, 6984 }, // U+2066
    { 0, 0, 0, 0, 0, 0, 6984 }, // U+2067
    { 0, 0, 0, 0, 0, 0, 6984 }, // U+2068
    { 0, 0, 0, 0, 0, 0, 6984 }, // U+2069
    { 10, 34, 0, -5, 28, 85, 6984 }, // U+206A
    { 10, 34, 0, -5, 28, 85, 7069 }, // U+206B
    { 10, 34, 0, -5, 28, 85, 7154 }, // U+206C
    { 10, 34, 0, -5, 28, 85, 7239 }, // U+206D
    { 10, 34, 0, -5, 28, 85, 7324 }, // U+206E
    { 10, 34, 0, -5, 28, 85, 7409 }, // U+206F
    { 14, 18, 253, 1, 33, 63, 0 }, // U+2070
    { 8, 19, 132, 0, 30, 38, 63 }, // U+2071
    { 15, 18, 253, 0, 33, 68, 101 }, // U+2074
    { 14, 18, 253, 1, 33, 63, 169 }, // U+2075
    { 14, 18, 253, 1, 33, 63, 232 }, // U+2076
    { 13, 18, 253, 1, 33, 59, 295 }, // U+2077
    { 14, 18, 253, 1, 33, 63, 354 }, // U+2078
    { 13, 18, 253, 1, 33, 59, 417 }, // U+2079
    { 14, 14, 249, 1, 30, 49, 476 }, // U+207A
    { 14, 2, 249, 1, 24, 7, 525 }, // U+207B
    { 14, 8, 249, 1, 27, 28, 532 }, // U+207C
    { 9, 25, 158, 2, 36, 57, 560 }, // U+207D
    { 9, 25, 158, -1, 36, 57, 617 }, // U+207E
    { 16, 14, 265, 0, 25, 56, 674 }, // U+207F
    { 14, 18, 253, 1, 14, 63, 730 }, // U+2080
    { 13, 18, 253, 1, 14, 59, 793 }, // U+2081
    { 13, 18, 253, 1, 14, 59, 852 }, // U+2082
    { 13, 18, 253, 1, 14, 59, 911 }, // U+2083
    { 15, 18, 253, 0, 14, 68, 970 }, // U+2084
    { 14, 18, 253, 1, 14, 63, 1038 }, // U+2085
    { 14, 18, 253, 1, 14, 63, 1101 }, // U+2086
    { 13, 18, 253, 1, 14, 59, 1164 }, // U+2087
    { 14, 18, 253, 1, 14, 63, 1223 }, // U+2088
    { 13, 18, 253, 1, 14, 59, 1286 }, // U+2089
    { 14, 14, 249, 1, 11, 49, 1345 }, // U+208A
    { 14, 2, 249, 1, 5, 7, 1394 }, // U+208B
    { 14, 8, 249, 1, 8, 28, 1401 }, // U+208C
    { 9, 25, 158, 2, 17, 57, 1429 }, // U+208D
    { 9, 25, 158, -1, 17, 57, 1486 }, // U+208E
    { 13, 15, 232, 1, 10, 49, 1543 }, // U+2090
    { 12, 15, 220, 1, 10, 45, 1592 }, // U+2091
    { 13, 15, 237, 1, 10, 49, 1637 }, // U+2092
    { 15, 13, 238, 0, 9, 49, 1686 }, // U+2093
    { 12, 15, 220, 1, 10, 45, 1735 }, // U+2094
    { 16, 19, 262, 0, 15, 76, 1780 }, // U+2095
    { 16, 19, 241, 0, 15, 76, 1856 }, // U+2096
    { 8, 19, 128, 0, 15, 38, 1932 }, // U+2097
    { 24, 14, 389, 0, 10, 84, 1970 }, // U+2098
    { 16, 14, 265, 0, 10, 56, 2054 }, // U+2099
    { 15, 20, 253, 0, 10, 75, 2110 }, // U+209A
    { 10, 15, 186, 1, 10, 38, 2185 }, // U+209B
    { 9, 17, 145, 0, 12, 39, 2223 }, // U+209C
    { 24, 29, 419, 1, 29, 174, 0 }, // U+20A0
    { 21, 34, 389, 2, 31, 179, 174 }, // U+20A1
    { 21, 30, 389, 2, 29, 158, 353 }, // U+20A2
    { 20, 29, 354, 1, 29, 145, 511 }, // U+20A3
    { 20, 30, 354, 1, 29, 150, 656 }, // U+20A4
    { 36, 32, 598, 1, 27, 288, 806 }, // U+20A5
    { 26, 29, 420, 0, 29, 189, 1094 }, // U+20A6
    { 30, 30, 519, 1, 29, 225, 1283 }, // U+20A7
    { 38, 30, 647, 1, 29, 285, 1508 }, // U+20A8
    { 43, 29, 663, -1, 29, 312, 1793 }, // U+20A9
    { 28, 24, 565, 4, 24, 168, 2105 }, // U+20AA
    { 22, 37, 389, 2, 31, 204, 2273 }, // U+20AB
    { 20, 30, 354, 1, 29, 150, 2477 }, // U+20AC
    { 29, 29, 443, 0, 29, 211, 2627 }, // U+20AD
    { 24, 29, 354, 0, 29, 174, 2838 }, // U+20AE
    { 40, 40, 633, 0, 32, 400, 3012 }, // U+20AF
    { 21, 39, 354, -1, 29, 205, 3412 }, // U+20B0
    { 24, 29, 382, 0, 29, 174, 3617 }, // U+20B1
    { 26, 35, 452, 2, 31, 228, 3791 }, // U+20B2
    { 28, 29, 446, 0, 29, 203, 4019 }, // U+20B3
    { 22, 30, 344, 0, 29, 165, 4222 }, // U+20B4
    { 21, 35, 389, 2, 31, 184, 4387 }, // U+20B5
    { 22, 30, 376, 1, 29, 165, 4571 }, // U+20B6
    { 20, 33, 354, 0, 29, 165, 4736 }, // U+20B7
    { 20, 29, 354, 1, 29, 145, 4901 }, // U+20B8
    { 19, 29, 354, 2, 29, 138, 5046 }, // U+20B9
    { 22, 29, 354, 0, 29, 160, 5184 }, // U+20BA
    { 25, 30, 414, 0, 29, 188, 5344 }, // U+20BB
    { 25, 27, 498, 3, 27, 169, 5532 }, // U+20BC
    { 21, 29, 374, 1, 29, 153, 5701 }, // U+20BD
    { 24, 31, 426, 1, 31, 186, 5854 }, // U+20BE
    { 20, 35, 354, 1, 31, 175, 6040 }, // U+20BF
    { 18, 28, 312, 1, 22, 126, 6215 }, // U+20C0
    { 19, 4, 367, 2, 16, 19, 0 }, // U+2212
    { 30, 31, 448, 1, 31, 233, 0 }, // U+FB00
    { 25, 31, 420, 1, 31, 194, 233 }, // U+FB01
    { 25, 31, 419, 1, 31, 194, 427 }, // U+FB02
    { 39, 31, 635, 1, 31, 303, 621 }, // U+FB03
    { 39, 31, 634, 1, 31, 303, 924 }, // U+FB04
    { 26, 32, 423, 0, 31, 208, 1227 }, // U+FB05
    { 30, 32, 500, 1, 31, 240, 1435 }, // U+FB06
    { 37, 38, 633, 1, 31, 352, 0 }, // U+FFFD
};

static const EpdUnicodeInterval notoserif_19_regularIntervals[] = {
    { 0x0, 0x0, 0x0 },
    { 0xD, 0xD, 0x1 },
    { 0x20, 0x7E, 0x2 },
    { 0xA0, 0x17F, 0x61 },
    { 0x1A0, 0x1A1, 0x141 },
    { 0x1AF, 0x1B0, 0x143 },
    { 0x1C4, 0x21F, 0x145 },
    { 0x300, 0x36F, 0x1A1 },
    { 0x400, 0x4FF, 0x211 },
    { 0x1EA0, 0x1EF9, 0x311 },
    { 0x2000, 0x2064, 0x36B },
    { 0x2066, 0x2071, 0x3D0 },
    { 0x2074, 0x208E, 0x3DC },
    { 0x2090, 0x209C, 0x3F7 },
    { 0x20A0, 0x20C0, 0x404 },
    { 0x2212, 0x2212, 0x425 },
    { 0xFB00, 0xFB06, 0x426 },
    { 0xFFFD, 0xFFFD, 0x42D },
};

static const EpdFontGroup notoserif_19_regularGroups[] = {
    { 0, 5029, 13763, 97, 0 },
    { 5029, 4240, 16192, 96, 97 },
    { 9269, 5149, 26144, 128, 193 },
    { 14418, 5237, 23155, 96, 321 },
    { 19655, 1605, 3262, 112, 417 },
    { 21260, 14440, 53869, 256, 529 },
    { 35700, 2943, 20980, 90, 785 },
    { 38643, 2672, 8242, 111, 875 },
    { 41315, 923, 2578, 42, 986 },
    { 42238, 2914, 6678, 33, 1028 },
    { 45152, 19, 20, 1, 1061 },
    { 45171, 478, 1782, 7, 1062 },
    { 45649, 162, 380, 1, 1069 },
};

static const uint16_t notoserif_19_regularKernLeftCodepoints[] = {
    0x0022, 0x0026, 0x0027, 0x002A, 0x002C, 0x002E, 0x0040, 0x0041, 0x0042, 0x0044, 0x0045, 0x0046,
    0x0047, 0x004B, 0x004C, 0x004E, 0x004F, 0x0050, 0x0051, 0x0052, 0x0053, 0x0054, 0x0055, 0x0056,
    0x0057, 0x0058, 0x0059, 0x0061, 0x0062, 0x0065, 0x0066, 0x0067, 0x0068, 0x006B, 0x006D, 0x006E,
    0x006F, 0x0070, 0x0072, 0x0073, 0x0076, 0x0077, 0x0079, 0x00A1, 0x00BF, 0x00C0, 0x00C1, 0x00C2,
    0x00C3, 0x00C4, 0x00C5, 0x00C6, 0x00C8, 0x00C9, 0x00CA, 0x00CB, 0x00D0, 0x00D1, 0x00D2, 0x00D3,
    0x00D4, 0x00D5, 0x00D6, 0x00D8, 0x00D9, 0x00DA, 0x00DB, 0x00DC, 0x00DD, 0x00DE, 0x00DF, 0x00E0,
    0x00E1, 0x00E2, 0x00E3, 0x00E4, 0x00E5, 0x00E6, 0x00E8, 0x00E9, 0x00EA, 0x00EB, 0x00F0, 0x00F1,
    0x00F2, 0x00F3, 0x00F4, 0x00F5, 0x00F6, 0x00F8, 0x00FD, 0x00FE, 0x00FF, 0x0100, 0x0102, 0x0104,
    0x010E, 0x010F, 0x0110, 0x0112, 0x0113, 0x0114, 0x0115, 0x0116, 0x0117, 0x0118, 0x0119, 0x011A,
    0x011B, 0x011C, 0x011E, 0x0120, 0x0122, 0x0125, 0x0127, 0x0129, 0x0136, 0x0137, 0x0138, 0x0139,
    0x013B, 0x013E, 0x0141, 0x0143, 0x0144, 0x0145, 0x0146, 0x0147, 0x0148, 0x0149, 0x014B, 0x014C,
    0x014D, 0x014E, 0x014F, 0x0150, 0x0151, 0x0152, 0x0153, 0x0154, 0x0155, 0x0156, 0x0157, 0x0158,
    0x0159, 0x015A, 0x015B, 0x015C, 0x015D, 0x015E, 0x015F, 0x0160, 0x0161, 0x0162, 0x0164, 0x0165,
    0x0166, 0x0168, 0x016A, 0x016C, 0x016E, 0x0170, 0x0172, 0x0174, 0x0175, 0x0176, 0x0177, 0x0178,
    0x01A0, 0x01A1, 0x01AF, 0x01B0, 0x01FA, 0x01FC, 0x01FD, 0x01FE, 0x01FF, 0x0218, 0x0219, 0x021A,
    0x0402, 0x0409, 0x040A, 0x040E, 0x0423, 0x042A, 0x042C, 0x0431, 0x043E, 0x0440, 0x0444, 0x044D,
    0x044E, 0x0457, 0x0460, 0x0462, 0x0465, 0x0466, 0x0468, 0x046A, 0x046C, 0x046E, 0x046F, 0x0472,
    0x0473, 0x0474, 0x0476, 0x0478, 0x0479, 0x047A, 0x047B, 0x047C, 0x047D, 0x047E, 0x0481, 0x048C,
    0x048D, 0x048E, 0x048F, 0x0490, 0x0491, 0x0493, 0x0494, 0x0496, 0x0497, 0x0498, 0x0499, 0x049A,
    0x049B, 0x049C, 0x049D, 0x049E, 0x049F, 0x04A0, 0x04A1, 0x04A3, 0x04A4, 0x04A5, 0x04A6, 0x04A8,
    0x04AB, 0x04AC, 0x04AD, 0x04B2, 0x04B3, 0x04B5, 0x04B7, 0x04BA, 0x04BC, 0x04BD, 0x04BE, 0x04BF,
    0x04C3, 0x04C6, 0x04D0, 0x04D1, 0x04D2, 0x04D3, 0x04D4, 0x04D5, 0x04D6, 0x04D7, 0x04D8, 0x04D9,
    0x04DA, 0x04DB, 0x04E0, 0x04E6, 0x04E7, 0x04E8, 0x04E9, 0x04EA, 0x04EB, 0x04ED, 0x04EE, 0x04EF,
    0x04F0, 0x04F1, 0x04F2, 0x04F3, 0x04F6, 0x04F7, 0x04FB, 0x04FC, 0x04FD, 0x04FE, 0x04FF, 0x1EA0,
    0x1EA1, 0x1EA2, 0x1EA3, 0x1EA4, 0x1EA5, 0x1EA6, 0x1EA7, 0x1EA8, 0x1EA9, 0x1EAA, 0x1EAB, 0x1EAC,
    0x1EAD, 0x1EAE, 0x1EAF, 0x1EB0, 0x1EB1, 0x1EB2, 0x1EB3, 0x1EB4, 0x1EB5, 0x1EB6, 0x1EB7, 0x1EB8,
    0x1EB9, 0x1EBA, 0x1EBB, 0x1EBC, 0x1EBD, 0x1EBE, 0x1EBF, 0x1EC0, 0x1EC1, 0x1EC2, 0x1EC3, 0x1EC4,
    0x1EC5, 0x1EC6, 0x1EC7, 0x1ECC, 0x1ECD, 0x1ECE, 0x1ECF, 0x1ED0, 0x1ED1, 0x1ED2, 0x1ED3, 0x1ED4,
    0x1ED5, 0x1ED6, 0x1ED7, 0x1ED8, 0x1ED9, 0x1EDA, 0x1EDB, 0x1EDC, 0x1EDD, 0x1EDE, 0x1EDF, 0x1EE0,
    0x1EE1, 0x1EE2, 0x1EE3, 0x1EE4, 0x1EE6, 0x1EE8, 0x1EE9, 0x1EEA, 0x1EEB, 0x1EEC, 0x1EED, 0x1EEE,
    0x1EEF, 0x1EF0, 0x1EF1, 0x1EF2, 0x1EF3, 0x1EF4, 0x1EF5, 0x1EF6, 0x1EF7, 0x1EF8, 0x1EF9, 0x2018,
    0x2019, 0x201A, 0x201C, 0x201D, 0x201E, 0x2026, 0x207D, 0x208D, 0xFB00,
};

static const uint8_t notoserif_19_regularKernLeftClassIds[] = {
      1,   2,   1,   3,   4,   4,   5,   6,   7,   8,   9,  10,  11,  12,  13,  14,
      8,   3,   8,  15,  16,  17,  18,  19,  20,  21,  22,  23,  24,  25,  26,  27,
     23,  28,  23,  23,  24,  24,  29,  30,  31,  32,  33,  34,  35,  36,  36,  36,
     36,  36,  36,   9,   9,   9,   9,   9,   8,  14,   8,   8,   8,   8,   8,   8,
     18,  18,  18,  18,  22,   8,  24,  23,  23,  23,  23,  23,  23,  25,  25,  25,
     25,  25,  24,  23,  24,  24,  24,  24,  24,  24,  33,  24,  33,   6,  36,  36,
      8,  37,   8,   9,  25,   9,  25,   9,  25,   9,  25,   9,  25,  11,  11,  11,
     11,  23,  23,  38,  12,  28,  28,  13,  13,  37,  13,  14,  23,  14,  23,  14,
     23,  23,  23,   8,  24,   8,  24,   8,  24,   9,  25,  15,  29,  15,  29,  15,
     29,  16,  30,  16,  30,  16,  30,  16,  30,  17,  17,  39,  17,  18,  18,  18,
     18,  18,  18,  20,  32,  22,  33,  22,  40,  41,  42,  43,   6,   9,  25,   8,
     24,  16,  30,  17,  44,  45,  45,  46,  46,  45,  45,  47,  48,  48,  49,  49,
     49,  50,  51,  52,  53,  54,  54,  55,  55,  56,  24,  51,  48,  57,  57,  33,
     58,  51,  48,  51,  24,  51,  53,  52,  24,  59,  48,  60,  61,  61,  62,  55,
     63,  56,  48,  55,  63,  55,  63,  55,  63,  55,  63,  64,  60,  61,  62,  51,
     53,  60,  61,  65,  63,  64,  64,  62,  51,  48,  51,  48,  62,  64,  54,  23,
     54,  23,  66,  48,  66,  48,  51,  48,  51,  48,  56,  51,  48,  51,  48,  51,
     48,  48,  46,  58,  46,  58,  46,  58,  60,  61,  61,  65,  63,  65,  63,  36,
     23,  36,  23,  36,  23,  36,  23,  36,  23,  36,  23,  36,  23,  36,  23,  36,
     23,  36,  23,  36,  23,  36,  23,   9,  25,   9,  25,   9,  25,   9,  25,   9,
     25,   9,  25,   9,  25,   9,  25,   8,  24,   8,  24,   8,  24,   8,  24,   8,
     24,   8,  24,   8,  24,  40,  41,  40,  41,  40,  41,  40,  41,  40,  41,  18,
     18,  42,  43,  42,  43,  42,  43,  42,  43,  42,  43,  22,  33,  22,  33,  22,
     33,  22,  33,  67,  68,   4,  67,  68,   4,   4,  69,  70,  26,
};

static const uint16_t notoserif_19_regularKernRightCodepoints[] = {
    0x0021, 0x0022, 0x0026, 0x0027, 0x0029, 0x002A, 0x002C, 0x002E, 0x003A, 0x003B, 0x003F, 0x0040,
    0x0041, 0x0042, 0x0043, 0x0044, 0x0045, 0x0046, 0x0047, 0x0048, 0x0049, 0x004A, 0x004B, 0x004C,
    0x004D, 0x004E, 0x004F, 0x0050, 0x0051, 0x0052, 0x0053, 0x0054, 0x0055, 0x0056, 0x0057, 0x0058,
    0x0059, 0x005A, 0x005D, 0x0061, 0x0062, 0x0063, 0x0064, 0x0065, 0x0067, 0x0068, 0x0069, 0x006B,
    0x006C, 0x006D, 0x006E, 0x006F, 0x0070, 0x0071, 0x0072, 0x0073, 0x0074, 0x0075, 0x0076, 0x0077,
    0x0078, 0x0079, 0x007A, 0x007D, 0x00AB, 0x00B7, 0x00BB, 0x00C0, 0x00C1, 0x00C2, 0x00C3, 0x00C4,
    0x00C5, 0x00C6, 0x00C7, 0x00C8, 0x00C9, 0x00CA, 0x00CB, 0x00CC, 0x00CD, 0x00CE, 0x00CF, 0x00D0,
    0x00D1, 0x00D2, 0x00D3, 0x00D4, 0x00D5, 0x00D6, 0x00D8, 0x00D9, 0x00DA, 0x00DB, 0x00DC, 0x00DD,
    0x00DE, 0x00E0, 0x00E1, 0x00E2, 0x00E3, 0x00E4, 0x00E5, 0x00E6, 0x00E7, 0x00E8, 0x00E9, 0x00EA,
    0x00EB, 0x00EC, 0x00ED, 0x00EE, 0x00EF, 0x00F0, 0x00F1, 0x00F2, 0x00F3, 0x00F4, 0x00F5, 0x00F6,
    0x00F8, 0x00F9, 0x00FA, 0x00FB, 0x00FC, 0x00FD, 0x00FE, 0x00FF, 0x0100, 0x0101, 0x0102, 0x0103,
    0x0104, 0x0105, 0x0106, 0x0107, 0x0108, 0x0109, 0x010A, 0x010B, 0x010C, 0x010D, 0x010E, 0x010F,
    0x0110, 0x0111, 0x0112, 0x0113, 0x0114, 0x0115, 0x0116, 0x0117, 0x0118, 0x0119, 0x011A, 0x011B,
    0x011C, 0x011D, 0x011E, 0x011F, 0x0120, 0x0121, 0x0122, 0x0123, 0x0124, 0x0125, 0x0126, 0x0127,
    0x0128, 0x0129, 0x012A, 0x012B, 0x012C, 0x012D, 0x012E, 0x012F, 0x0130, 0x0132, 0x0133, 0x0134,
    0x0136, 0x0137, 0x0138, 0x0139, 0x013A, 0x013B, 0x013C, 0x013D, 0x013E, 0x013F, 0x0140, 0x0141,
    0x0142, 0x0143, 0x0144, 0x0145, 0x0146, 0x0147, 0x0148, 0x014A, 0x014B, 0x014C, 0x014D, 0x014E,
    0x014F, 0x0150, 0x0151, 0x0152, 0x0153, 0x0154, 0x0155, 0x0156, 0x0157, 0x0158, 0x015A, 0x015B,
    0x015C, 0x015D, 0x015E, 0x015F, 0x0160, 0x0161, 0x0162, 0x0163, 0x0164, 0x0165, 0x0166, 0x0167,
    0x0168, 0x0169, 0x016A, 0x016B, 0x016C, 0x016D, 0x016E, 0x016F, 0x0170, 0x0171, 0x0172, 0x0173,
    0x0174, 0x0175, 0x0176, 0x0177, 0x0178, 0x0179, 0x017A, 0x017B, 0x017C, 0x017D, 0x017E, 0x01A0,
    0x01A1, 0x01AF, 0x01B0, 0x01FA, 0x01FB, 0x01FC, 0x01FD, 0x01FE, 0x01FF, 0x0218, 0x0219, 0x021A,
    0x021B, 0x0402, 0x040B, 0x040E, 0x0416, 0x0422, 0x0423, 0x0425, 0x0427, 0x042A, 0x042F, 0x0431,
    0x0436, 0x0443, 0x0445, 0x0447, 0x0451, 0x0456, 0x0457, 0x045E, 0x0460, 0x0462, 0x0466, 0x046A,
    0x046E, 0x0472, 0x0473, 0x0478, 0x0479, 0x047A, 0x047B, 0x047C, 0x047D, 0x047E, 0x0480, 0x0481,
    0x0496, 0x0498, 0x0499, 0x04A0, 0x04A1, 0x04A8, 0x04A9, 0x04AA, 0x04AB, 0x04AC, 0x04AD, 0x04B2,
    0x04B4, 0x04B5, 0x04B6, 0x04B7, 0x04B8, 0x04B9, 0x04C1, 0x04C2, 0x04CB, 0x04CC, 0x04D0, 0x04D2,
    0x04D4, 0x04D5, 0x04D7, 0x04D8, 0x04D9, 0x04DA, 0x04DC, 0x04DD, 0x04E0, 0x04E1, 0x04E6, 0x04E7,
    0x04E8, 0x04E9, 0x04EA, 0x04EB, 0x04EE, 0x04EF, 0x04F0, 0x04F1, 0x04F2, 0x04F3, 0x04F4, 0x04F5,
    0x04FC, 0x04FE, 0x1EA0, 0x1EA1, 0x1EA2, 0x1EA3, 0x1EA4, 0x1EA5, 0x1EA6, 0x1EA7, 0x1EA8, 0x1EA9,
    0x1EAA, 0x1EAB, 0x1EAC, 0x1EAD, 0x1EAE, 0x1EAF, 0x1EB0, 0x1EB1, 0x1EB2, 0x1EB3, 0x1EB4, 0x1EB5,
    0x1EB6, 0x1EB7, 0x1EB8, 0x1EB9, 0x1EBA, 0x1EBB, 0x1EBC, 0x1EBD, 0x1EBE, 0x1EBF, 0x1EC0, 0x1EC1,
    0x1EC2, 0x1EC3, 0x1EC4, 0x1EC5, 0x1EC6, 0x1EC7, 0x1EC9, 0x1ECB, 0x1ECC, 0x1ECD, 0x1ECE, 0x1ECF,
    0x1ED0, 0x1ED1, 0x1ED2, 0x1ED3, 0x1ED4, 0x1ED5, 0x1ED6, 0x1ED7, 0x1ED8, 0x1ED9, 0x1EDA, 0x1EDB,
    0x1EDC, 0x1EDD, 0x1EDE, 0x1EDF, 0x1EE0, 0x1EE1, 0x1EE2, 0x1EE3, 0x1EE4, 0x1EE5, 0x1EE6, 0x1EE7,
    0x1EE8, 0x1EE9, 0x1EEA, 0x1EEB, 0x1EEC, 0x1EED, 0x1EEE, 0x1EEF, 0x1EF0, 0x1EF1, 0x1EF2, 0x1EF3,
    0x1EF4, 0x1EF5, 0x1EF6, 0x1EF7, 0x1EF8, 0x1EF9, 0x2018, 0x2019, 0x201A, 0x201C, 0x201D, 0x201E,
    0x2026, 0x2039, 0x203A, 0x207E, 0x208E,
};

static const uint8_t notoserif_19_regularKernRightClassIds[] = {
      1,   2,   3,   2,   4,   5,   6,   7,   8,   8,   9,  10,  11,  12,  13,  12,
     12,  12,  13,  12,  12,  14,  12,  12,  12,  12,  13,  12,  13,  12,  15,  16,
     17,  18,  19,  20,  21,  22,   4,  23,  24,  25,  25,  25,  26,  24,  27,  24,
     24,  27,  27,  25,  27,  25,  27,  28,  29,  30,  31,  32,  33,  34,  35,   4,
     36,  37,  36,  11,  11,  11,  11,  11,  11,  38,  13,  12,  12,  12,  12,  12,
     12,  12,  12,  12,  12,  13,  13,  13,  13,  13,  13,  17,  17,  17,  17,  21,
     12,  23,  23,  23,  23,  23,  23,  23,  25,  25,  25,  25,  25,  39,  27,  39,
     39,  25,  27,  25,  25,  25,  25,  25,  25,  30,  30,  30,  30,  34,  24,  34,
     11,  23,  11,  23,  11,  23,  13,  25,  13,  25,  13,  25,  13,  25,  12,  25,
     12,  25,  12,  25,  12,  25,  12,  25,  12,  25,  12,  25,  13,  25,  13,  25,
     13,  25,  13,  25,  12,  24,  12,  24,  12,  40,  12,  39,  12,  39,  12,  27,
     12,  12,  27,  14,  12,  24,  27,  12,  24,  12,  24,  12,  24,  12,  24,  12,
     24,  12,  27,  12,  27,  12,  27,  12,  27,  13,  25,  13,  25,  13,  25,  13,
     25,  12,  27,  12,  27,  12,  15,  28,  15,  28,  15,  28,  15,  28,  16,  29,
     16,  29,  16,  29,  17,  30,  17,  30,  17,  30,  17,  30,  17,  30,  17,  30,
     19,  32,  21,  34,  21,  22,  35,  22,  35,  22,  35,  13,  25,  17,  30,  11,
     23,  38,  23,  13,  25,  15,  28,  16,  29,  41,  41,  42,  41,  41,  42,  41,
     43,  41,  44,  45,  46,  47,  46,  48,  49,  50,  51,  47,  52,  16,  53,  54,
     55,  52,  56,  52,  56,  52,  56,  52,  25,  52,  52,  56,  54,  55,  57,  58,
     59,  52,  56,  52,  56,  58,  59,  54,  58,  59,  60,  61,  43,  48,  41,  46,
     60,  61,  53,  53,  38,  62,  56,  52,  62,  52,  41,  46,  55,  35,  52,  56,
     52,  56,  52,  56,  42,  63,  42,  63,  42,  63,  43,  48,  54,  54,  11,  23,
     11,  23,  11,  23,  11,  23,  11,  23,  11,  23,  11,  23,  11,  23,  11,  23,
     11,  23,  11,  23,  11,  23,  12,  25,  12,  25,  12,  25,  12,  25,  12,  25,
     12,  25,  12,  25,  12,  25,  27,  27,  13,  25,  13,  25,  13,  25,  13,  25,
     13,  25,  13,  25,  13,  25,  13,  25,  13,  25,  13,  25,  13,  25,  13,  25,
     17,  30,  17,  30,  17,  30,  17,  30,  17,  30,  17,  30,  17,  30,  21,  34,
     21,  34,  21,  34,  21,  34,  64,   5,   7,  64,   5,   7,   7,  36,  36,  65,
     66,
};

static const uint16_t notoserif_19_regularKernRowOffsets[] = {
        0,     5,    10,    16,    32,    34,    50,    64,    77,    80,    89,    95,   101,   113,   114,   125,
      137,   148,   153,   165,   176,   180,   194,   199,   205,   208,   213,   214,   216,   220,   222,   225,
      228,   231,   234,   239,   255,   271,   272,   276,   295,   304,   320,   326,   335,   336,   339,   344,
      347,   351,   353,   360,   366,   367,   385,   399,   408,   422,   424,   428,   442,   446,   453,   457,
      458,   469,   470,   473,   480,   481,   482,
};

static const uint8_t notoserif_19_regularKernSparseCols[] = {
     10,  24,  25,  37,  52,   8,  15,  17,  18,  20,   2,   5,   6,  10,  37,  52,
      8,  12,  15,  16,  17,  18,  20,  30,  31,  33,  51,  57,  58,  59,  60,  62,
     10,  20,   1,   4,   8,  12,  15,  16,  17,  18,  20,  24,  25,  29,  30,  31,
     33,  63,   4,   8,  10,  15,  17,  18,  19,  20,  21,  31,  33,  37,  52,  57,
      5,   6,   8,  10,  15,  17,  18,  19,  20,  37,  52,  53,  57,  17,  18,  20,
      2,   5,   6,   9,  10,  22,  24,  25,  37,   8,  15,  17,  18,  20,  37,  12,
     24,  25,  29,  31,  33,   1,   4,   8,  15,  17,  18,  20,  30,  31,  33,  36,
     63,  35,   4,   8,  12,  15,  16,  17,  18,  20,  30,  31,  33,   8,  10,  15,
     17,  18,  19,  20,  31,  33,  37,  52,  57,   2,   5,   6,   9,  10,  12,  22,
     24,  25,  27,  37,   5,   6,   9,  10,  37,   2,   5,   6,   9,  10,  12,  22,
     24,  25,  27,  37,  52,   5,   6,   9,  10,  12,  22,  24,  25,  27,  34,  37,
     12,  14,  31,  33,   2,   5,   6,   9,  10,  12,  14,  22,  24,  25,  27,  34,
     37,  52,   1,  33,  59,  60,  62,  17,  18,  20,  33,  59,  62,  17,  18,  20,
      1,   3,   4,  38,  39,  18,  24,  25,   4,   5,   6,  22,  20,  59,   5,   6,
     10,   5,   6,  10,   5,   6,  10,  17,  18,  20,   8,  15,  17,  18,  20,   1,
      4,   8,  12,  15,  16,  17,  18,  20,  24,  25,  29,  30,  31,  33,  63,   0,
      1,   3,   4,   8,  11,  13,  15,  16,  17,  18,  19,  20,  21,  23,  63,  39,
      1,   3,   8,  23,   5,   6,   7,   8,  10,  15,  17,  18,  20,  22,  24,  25,
     26,  27,  28,  30,  31,  32,  33,   4,   5,   6,  26,  28,  29,  30,  31,  33,
      5,   6,   7,  10,  12,  22,  24,  25,  26,  27,  28,  29,  30,  31,  33,  34,
      4,   5,   6,  26,  28,  30,   1,   8,  15,  42,  45,  46,  47,  57,  63,  57,
     48,  49,  50,  40,  41,  57,  59,  60,  57,  59,  60,  42,  57,  59,  60,  42,
     63,   5,   6,  37,  52,  53,  57,  59,   1,   4,  57,  59,  60,  63,  59,   1,
      4,   8,  12,  15,  17,  20,  24,  25,  29,  31,  33,  51,  57,  58,  59,  60,
     63,  12,  24,  25,  29,  31,  33,  44,  51,  54,  55,  58,  59,  60,  62,   5,
      6,  31,  33,  37,  52,  53,  58,  59,   5,   6,  12,  22,  24,  25,  27,  37,
     51,  52,  54,  55,  56,  61,   5,   6,   5,   6,  37,  52,   5,   6,  12,  22,
     24,  25,  27,  37,  43,  51,  52,  55,  56,  61,   4,   5,   6,  52,   1,   4,
      8,  15,  57,  59,  62,  24,  25,  55,  61,   3,  12,  24,  25,  29,  31,  33,
     51,  54,  58,  59,  62,  58,  10,  37,  52,  10,  12,  22,  24,  25,  27,  39,
     64,  65,
};

static const int8_t notoserif_19_regularKernSparseValues[] = {
     -51,  -13,  -38,  -76,  -51,  -19,  -19,  -25,  -25,  -19,   -6,  -76,  -76,  -32,  -51,  -32,
     -57,  -13,  -57,  -13,  -70,  -57,  -51,  -44,  -38,  -32,  -13,  -57,  -44,  -51,  -32,  -32,
     -19,   -6,  -51,  -44,  -38,  -13,  -38,  -13,  -51,  -44,  -44,  -13,  -13,  -13,  -38,  -19,
     -32,  -44,  -13,  -13,  -13,  -13,  -25,  -19,  -13,  -25,  -13,   -6,  -13,  -19,  -13,  -13,
     -13,  -13,  -13,  -13,  -13,  -13,  -13,  -13,  -19,  -32,  -13,  -13,  -13,  -13,  -13,  -13,
     -13,  -76,  -76,  -25,  -44,  -25,  -25,  -25,  -70,  -13,  -13,  -13,  -13,  -13,  -13,  -13,
     -13,  -13,  -13,  -19,  -19,  -38,  -51,  -44,  -44,  -32,  -32,  -38,  -13,   -6,  -19,  -13,
     -51,   -6,  -13,  -13,  -13,  -13,   -6,  -19,  -19,  -19,   -6,   -6,  -13,  -13,  -13,  -13,
     -13,  -13,  -13,  -13,   -6,  -13,  -13,  -13,  -13,   -6,  -57,  -57,  -19,  -38,  -13,  -19,
     -32,  -32,   -3,  -51,  -13,  -13,   -6,  -13,  -25,  -19,  -70,  -70,  -32,  -51,  -13,  -38,
     -38,  -38,  -25,  -82,  -51,  -57,  -57,  -32,  -44,  -13,  -44,  -38,  -38,  -32,  -19,  -82,
     -13,   -6,  -19,  -32,   -6,  -51,  -51,  -25,  -44,  -19,  -13,  -38,  -44,  -44,  -38,  -13,
     -57,  -44,  -25,  -13,  -19,  -13,  -13,  -38,  -38,  -44,  -13,  -19,  -13,  -38,  -38,  -38,
      51,   57,   51,   25,   25,  -13,  -13,  -13,   19,  -82,  -82,  -13,  -38,  -13,  -32,  -44,
     -38,  -44,  -44,  -19,  -57,  -57,  -32,  -19,  -13,  -19,  -13,  -13,  -32,  -32,  -32,  -51,
     -44,  -38,  -13,  -38,  -13,  -51,  -44,  -44,  -13,  -13,  -13,  -32,  -19,  -32,  -44,   13,
      32,   51,   25,   70,   32,   38,   32,   44,   51,   44,   44,   63,   25,   57,    6,   38,
      13,   32,   13,   25,  -13,  -13,   -6,   13,  -25,   13,   13,   13,   13,  -13,  -13,  -13,
      -6,  -13,   -6,  -13,  -13,  -13,  -13,   13,  -13,  -13,   13,   19,   13,   19,   19,   19,
     -13,  -13,   -6,  -38,  -13,  -32,  -32,  -32,  -19,  -38,   -6,  -19,  -13,  -13,  -13,  -19,
      13,   -6,   -6,   13,   19,   19,  -25,   -6,   -6,  -25,   -6,  -25,  -19,  -19,  -32,  -19,
     -35,  -19,    1,  -13,   -6,  -19,  -19,   -6,  -19,  -19,   -6,  -19,  -19,  -19,   -6,   -6,
      -6,  -13,  -13,  -32,  -13,  -13,  -13,  -13,  -19,  -32,  -19,  -19,  -13,  -19,  -19,  -51,
     -44,  -38,  -13,  -38,  -51,  -44,  -13,  -13,  -13,  -19,  -32,  -13,  -38,  -25,  -57,  -25,
     -44,  -13,  -13,  -13,  -13,  -19,  -19,  -13,  -13,  -13,  -13,  -19,  -13,  -13,  -13,  -13,
     -13,   -6,  -13,  -19,  -13,  -13,  -13,  -25,  -63,  -63,  -13,  -38,  -38,  -38,  -25,  -82,
     -13,  -63,  -13,  -25,  -19,  -25,  -57,  -57,  -76,  -76,  -51,  -32,  -57,  -57,  -13,  -19,
     -19,  -19,   -6,  -51,  -13,  -13,  -38,  -19,  -19,  -19,   19,  -44,  -44,  -19,  -38,  -44,
     -44,  -44,  -44,  -44,  -19,  -13,  -13,  -13,  -13,   13,  -13,  -13,  -13,  -13,  -19,  -32,
     -13,  -13,  -25,  -13,  -19,  -13,  -44,  -89,  -44,  -63,  -13,  -19,  -25,  -25,  -32,    6,
      32,   32,
};

static const EpdLigaturePair notoserif_19_regularLigaturePairs[] = {
    { 0x00660066, 0xFB00 }, // f f -> U+FB00
    { 0x00660069, 0xFB01 }, // f i -> U+FB01
    { 0x0066006C, 0xFB02 }, // f l -> U+FB02
    { 0xFB000069, 0xFB03 }, // U+FB00 i -> U+FB03
    { 0xFB00006C, 0xFB04 }, // U+FB00 l -> U+FB04
};

static const EpdFontData notoserif_19_regular = {
    notoserif_19_regularBitmaps,
    notoserif_19_regularGlyphs,
    notoserif_19_regularIntervals,
    18,
    54,
    43,
    -12,
    true,
    notoserif_19_regularGroups,
    13,
    nullptr,
    nullptr,  // kernLeftClasses: built-in fonts use the split arrays below
    nullptr,  // kernRightClasses
    notoserif_19_regularKernLeftCodepoints,
    notoserif_19_regularKernLeftClassIds,
    notoserif_19_regularKernRightCodepoints,
    notoserif_19_regularKernRightClassIds,
    nullptr,  // kernMatrix: built-in fonts use the sparse form below
    notoserif_19_regularKernRowOffsets,
    notoserif_19_regularKernSparseCols,
    notoserif_19_regularKernSparseValues,
    381,
    449,
    70,
    66,
    notoserif_19_regularLigaturePairs,
    5,
};
